[{"uid":"62be19045998597b","name":"test_register[case46]","time":{"start":1758618431658,"stop":1758618431674,"duration":16},"status":"broken","severity":"blocker"},{"uid":"bd24f11ce57535c","name":"test_register[case40]","time":{"start":1758618431462,"stop":1758618431471,"duration":9},"status":"broken","severity":"blocker"},{"uid":"ee4ecae569b20178","name":"test_register[case32]","time":{"start":1758618431195,"stop":1758618431205,"duration":10},"status":"broken","severity":"blocker"},{"uid":"22ceceea01acdc2a","name":"test_register[case12]","time":{"start":1758618430522,"stop":1758618430533,"duration":11},"status":"broken","severity":"blocker"},{"uid":"d8f16bb37f815a03","name":"test_register[case1]","time":{"start":1758618432006,"stop":1758618432014,"duration":8},"status":"broken","severity":"blocker"},{"uid":"acb22cf3b1371ce7","name":"test_register[case27]","time":{"start":1758618431013,"stop":1758618431029,"duration":16},"status":"broken","severity":"blocker"},{"uid":"8e61fec4e5ff2c18","name":"test_register[case2]","time":{"start":1758618432035,"stop":1758618432047,"duration":12},"status":"broken","severity":"blocker"},{"uid":"e6e0dd6b78f4b126","name":"test_register[case25]","time":{"start":1758618430936,"stop":1758618430944,"duration":8},"status":"broken","severity":"blocker"},{"uid":"6ae0b14b2524629c","name":"test_register[case50]","time":{"start":1758618431816,"stop":1758618431824,"duration":8},"status":"broken","severity":"blocker"},{"uid":"89fb02288f2d77e5","name":"test_register[case53]","time":{"start":1758618431918,"stop":1758618431928,"duration":10},"status":"broken","severity":"blocker"},{"uid":"c91d04f9ddfa71b1","name":"test_register[case41]","time":{"start":1758618431491,"stop":1758618431496,"duration":5},"status":"broken","severity":"blocker"},{"uid":"ae4c3f9ff3b00d5c","name":"test_register[case22]","time":{"start":1758618430878,"stop":1758618430878,"duration":0},"status":"broken","severity":"blocker"},{"uid":"bb263d4e08a2fb4d","name":"test_register[case10]","time":{"start":1758618430456,"stop":1758618430468,"duration":12},"status":"broken","severity":"blocker"},{"uid":"8175fc61cbfdc906","name":"test_register[case1]","time":{"start":1758618429837,"stop":1758618429845,"duration":8},"status":"broken","severity":"blocker"},{"uid":"5db91ec86e30a904","name":"test_register[case39]","time":{"start":1758618431415,"stop":1758618431425,"duration":10},"status":"broken","severity":"blocker"},{"uid":"656d6231ffeef3e3","name":"test_register[case17]","time":{"start":1758618430724,"stop":1758618430733,"duration":9},"status":"broken","severity":"blocker"},{"uid":"70b0005fadc5e569","name":"test_register[case3]","time":{"start":1758618430204,"stop":1758618430217,"duration":13},"status":"broken","severity":"blocker"},{"uid":"a3c6782bc942a56f","name":"test_register[case51]","time":{"start":1758618431848,"stop":1758618431856,"duration":8},"status":"broken","severity":"blocker"},{"uid":"31ce3cd3bd927a41","name":"test_register[case19]","time":{"start":1758618430803,"stop":1758618430804,"duration":1},"status":"broken","severity":"blocker"},{"uid":"bea379132cfe7ff5","name":"test_register[case42]","time":{"start":1758618431501,"stop":1758618431512,"duration":11},"status":"broken","severity":"blocker"},{"uid":"a4c1b22f363b4da8","name":"test_register[case52]","time":{"start":1758618431881,"stop":1758618431893,"duration":12},"status":"broken","severity":"blocker"},{"uid":"13861a5005ff15cf","name":"test_register[case45]","time":{"start":1758618431612,"stop":1758618431622,"duration":10},"status":"broken","severity":"blocker"},{"uid":"394897467548d30","name":"test_register[case34]","time":{"start":1758618431278,"stop":1758618431287,"duration":9},"status":"broken","severity":"blocker"},{"uid":"15eecf4ab532c5","name":"test_register[case18]","time":{"start":1758618430771,"stop":1758618430779,"duration":8},"status":"broken","severity":"blocker"},{"uid":"15ca520f177b9190","name":"test_register[case14]","time":{"start":1758618430611,"stop":1758618430628,"duration":17},"status":"broken","severity":"blocker"},{"uid":"b18ed1c3160ad75a","name":"test_register[case43]","time":{"start":1758618431533,"stop":1758618431544,"duration":11},"status":"broken","severity":"blocker"},{"uid":"d55f06f8f0b2979e","name":"test_register[case28]","time":{"start":1758618431053,"stop":1758618431062,"duration":9},"status":"broken","severity":"blocker"},{"uid":"b00e962215ebe23c","name":"test_register[case2]","time":{"start":1758618429877,"stop":1758618429888,"duration":11},"status":"broken","severity":"blocker"},{"uid":"35272478f4fcd37f","name":"test_register[case33]","time":{"start":1758618431226,"stop":1758618431238,"duration":12},"status":"broken","severity":"blocker"},{"uid":"6e6c3caaa60f38ae","name":"test_register[case49]","time":{"start":1758618431770,"stop":1758618431779,"duration":9},"status":"broken","severity":"blocker"},{"uid":"fa20bfa5fe2a9af0","name":"test_register[case47]","time":{"start":1758618431697,"stop":1758618431709,"duration":12},"status":"broken","severity":"blocker"},{"uid":"295225c0a473f9","name":"test_register[case9]","time":{"start":1758618430424,"stop":1758618430435,"duration":11},"status":"broken","severity":"blocker"},{"uid":"e55181d7a4424209","name":"test_register[case16]","time":{"start":1758618430689,"stop":1758618430699,"duration":10},"status":"broken","severity":"blocker"},{"uid":"aeff1b67181e199f","name":"test_register[case29]","time":{"start":1758618431082,"stop":1758618431092,"duration":10},"status":"broken","severity":"blocker"},{"uid":"ddc8d336826086a1","name":"test_register[case11]","time":{"start":1758618430488,"stop":1758618430500,"duration":12},"status":"broken","severity":"blocker"},{"uid":"547b4966bc321cab","name":"test_register[case35]","time":{"start":1758618431310,"stop":1758618431310,"duration":0},"status":"broken","severity":"blocker"},{"uid":"48b95873d5bc45ba","name":"test_register[case7]","time":{"start":1758618432230,"stop":1758618432240,"duration":10},"status":"broken","severity":"blocker"},{"uid":"9d21b3e69262cc94","name":"test_register[case44]","time":{"start":1758618431565,"stop":1758618431576,"duration":11},"status":"broken","severity":"blocker"},{"uid":"d9750cfe7a428a7c","name":"test_register[case5]","time":{"start":1758618430276,"stop":1758618430284,"duration":8},"status":"broken","severity":"blocker"},{"uid":"651b5c2ee82a78d9","name":"test_register[case6]","time":{"start":1758618432198,"stop":1758618432206,"duration":8},"status":"broken","severity":"blocker"},{"uid":"f729096ae37c11dd","name":"test_register[case0]","time":{"start":1758618431950,"stop":1758618431965,"duration":15},"status":"broken","severity":"blocker"},{"uid":"8c6de7e62765bd26","name":"test_register[case31]","time":{"start":1758618431163,"stop":1758618431174,"duration":11},"status":"broken","severity":"blocker"},{"uid":"64c320bd27d0cf93","name":"test_register[case8]","time":{"start":1758618430386,"stop":1758618430401,"duration":15},"status":"broken","severity":"blocker"},{"uid":"6eb064947a360478","name":"test_register[case15]","time":{"start":1758618430654,"stop":1758618430665,"duration":11},"status":"broken","severity":"blocker"},{"uid":"92f930994cc32b8d","name":"test_register[case1]","time":{"start":1758618430122,"stop":1758618430131,"duration":9},"status":"broken","severity":"blocker"},{"uid":"32f5bdb108b9a45c","name":"test_register[case38]","time":{"start":1758618431384,"stop":1758618431393,"duration":9},"status":"broken","severity":"blocker"},{"uid":"e2527cd148b54149","name":"test_register[case37]","time":{"start":1758618431348,"stop":1758618431360,"duration":12},"status":"broken","severity":"blocker"},{"uid":"a732d6c10a2b5cc0","name":"test_register[case23]","time":{"start":1758618430883,"stop":1758618430883,"duration":0},"status":"broken","severity":"blocker"},{"uid":"d0523bc7415128c7","name":"test_register[case0]","time":{"start":1758618430087,"stop":1758618430099,"duration":12},"status":"broken","severity":"blocker"},{"uid":"a3d4ee98211bb9d1","name":"test_register[case5]","time":{"start":1758618432141,"stop":1758618432153,"duration":12},"status":"broken","severity":"blocker"},{"uid":"95e8fb67892e71ac","name":"test_register[case3]","time":{"start":1758618429908,"stop":1758618429921,"duration":13},"status":"broken","severity":"blocker"},{"uid":"43ec1cf57de2f04b","name":"test_register[case7]","time":{"start":1758618430059,"stop":1758618430067,"duration":8},"status":"broken","severity":"blocker"},{"uid":"579e5b0261e9f520","name":"test_register[case0]","time":{"start":1758618429729,"stop":1758618429746,"duration":17},"status":"broken","severity":"blocker"},{"uid":"3920d69f190b98d7","name":"test_register[case4]","time":{"start":1758618432105,"stop":1758618432115,"duration":10},"status":"broken","severity":"blocker"},{"uid":"69c78088c8949d00","name":"test_register[case7]","time":{"start":1758618430342,"stop":1758618430351,"duration":9},"status":"broken","severity":"blocker"},{"uid":"22c3aafdda4c610a","name":"test_register[case3]","time":{"start":1758618432068,"stop":1758618432080,"duration":12},"status":"broken","severity":"blocker"},{"uid":"7f50454fa42c5a21","name":"test_register[case4]","time":{"start":1758618430243,"stop":1758618430252,"duration":9},"status":"broken","severity":"blocker"},{"uid":"ffa1ec8db6e05509","name":"test_register[case13]","time":{"start":1758618430568,"stop":1758618430581,"duration":13},"status":"broken","severity":"blocker"},{"uid":"bd170cb957a72185","name":"test_register[case48]","time":{"start":1758618431731,"stop":1758618431745,"duration":14},"status":"broken","severity":"blocker"},{"uid":"eb9e149f4542e7df","name":"test_register[case36]","time":{"start":1758618431315,"stop":1758618431327,"duration":12},"status":"broken","severity":"blocker"},{"uid":"38f7488107ae20a8","name":"test_register[case5]","time":{"start":1758618429980,"stop":1758618429990,"duration":10},"status":"broken","severity":"blocker"},{"uid":"44745202408bb087","name":"test_register[case4]","time":{"start":1758618429942,"stop":1758618429957,"duration":15},"status":"broken","severity":"blocker"},{"uid":"6bc251786ab906a9","name":"test_register[case30]","time":{"start":1758618431134,"stop":1758618431143,"duration":9},"status":"broken","severity":"blocker"},{"uid":"7c1eb62b662accc3","name":"test_register[case6]","time":{"start":1758618430012,"stop":1758618430023,"duration":11},"status":"broken","severity":"blocker"},{"uid":"b0b3be064994a2d8","name":"test_register[case21]","time":{"start":1758618430843,"stop":1758618430854,"duration":11},"status":"broken","severity":"blocker"},{"uid":"822dbcc22fc72db1","name":"test_register[case26]","time":{"start":1758618430970,"stop":1758618430980,"duration":10},"status":"broken","severity":"blocker"},{"uid":"73f6336eba8cd786","name":"test_register[case24]","time":{"start":1758618430888,"stop":1758618430900,"duration":12},"status":"broken","severity":"blocker"},{"uid":"22d4850cfa95b681","name":"test_register[case6]","time":{"start":1758618430308,"stop":1758618430317,"duration":9},"status":"broken","severity":"blocker"},{"uid":"a05dc1ab6cf8d87e","name":"test_register[case2]","time":{"start":1758618430152,"stop":1758618430167,"duration":15},"status":"broken","severity":"blocker"},{"uid":"5e747cf3b7c3030b","name":"test_register[case20]","time":{"start":1758618430810,"stop":1758618430819,"duration":9},"status":"broken","severity":"blocker"}]