[{"uid":"47fe18239d0cb6bd","name":"test_register[case22]","time":{"start":1758615908595,"stop":1758615908605,"duration":10},"status":"broken","severity":"blocker"},{"uid":"5d6e7c86b098f706","name":"test_register[case5]","time":{"start":1758615911219,"stop":1758615911286,"duration":67},"status":"passed","severity":"blocker"},{"uid":"c6d0b6c9c52f0404","name":"test_register[case1]","time":{"start":1758615906251,"stop":1758615906423,"duration":172},"status":"passed","severity":"blocker"},{"uid":"90d54b408103bf45","name":"test_register[case1]","time":{"start":1758615907348,"stop":1758615907550,"duration":202},"status":"passed","severity":"blocker"},{"uid":"72ca2e1f238a7fc","name":"test_register[case30]","time":{"start":1758615908804,"stop":1758615908834,"duration":30},"status":"passed","severity":"blocker"},{"uid":"c6c8bde71c4bfeed","name":"test_register[case2]","time":{"start":1758615907555,"stop":1758615907580,"duration":25},"status":"passed","severity":"blocker"},{"uid":"967c0b2b9e8acb7e","name":"test_register[case24]","time":{"start":1758615908615,"stop":1758615908645,"duration":30},"status":"passed","severity":"blocker"},{"uid":"6e02273f34f39f19","name":"test_register[case12]","time":{"start":1758615908178,"stop":1758615908258,"duration":80},"status":"passed","severity":"blocker"},{"uid":"acd8c318283d8f3e","name":"test_register[case1]","time":{"start":1758615910886,"stop":1758615910967,"duration":81},"status":"passed","severity":"blocker"},{"uid":"d9272a290603d202","name":"test_register[case33]","time":{"start":1758615908909,"stop":1758615909253,"duration":344},"status":"passed","severity":"blocker"},{"uid":"5c9c0b72ad821aba","name":"test_register[case40]","time":{"start":1758615910225,"stop":1758615910414,"duration":189},"status":"passed","severity":"blocker"},{"uid":"9903e702e263c072","name":"test_register[case21]","time":{"start":1758615908564,"stop":1758615908595,"duration":31},"status":"passed","severity":"blocker"},{"uid":"eae462304f8b2ed6","name":"test_register[case11]","time":{"start":1758615908138,"stop":1758615908177,"duration":39},"status":"passed","severity":"blocker"},{"uid":"8b37345093acb424","name":"test_register[case16]","time":{"start":1758615908365,"stop":1758615908405,"duration":40},"status":"passed","severity":"blocker"},{"uid":"22c113eca5894315","name":"test_register[case43]","time":{"start":1758615910484,"stop":1758615910511,"duration":27},"status":"passed","severity":"blocker"},{"uid":"455ca23d8bcc066f","name":"test_register[case45]","time":{"start":1758615910551,"stop":1758615910576,"duration":25},"status":"passed","severity":"blocker"},{"uid":"d1b2eb96d624fcf9","name":"test_register[case48]","time":{"start":1758615910636,"stop":1758615910666,"duration":30},"status":"passed","severity":"blocker"},{"uid":"41c829efc616cdc8","name":"test_register[case5]","time":{"start":1758615907655,"stop":1758615907686,"duration":31},"status":"passed","severity":"blocker"},{"uid":"d229ad32804f3a69","name":"test_register[case53]","time":{"start":1758615910802,"stop":1758615910839,"duration":37},"status":"passed","severity":"blocker"},{"uid":"97ca9d19f773c950","name":"test_register[case8]","time":{"start":1758615908040,"stop":1758615908069,"duration":29},"status":"passed","severity":"blocker"},{"uid":"fcb20eacb026d9b8","name":"test_register[case50]","time":{"start":1758615910701,"stop":1758615910732,"duration":31},"status":"passed","severity":"blocker"},{"uid":"8741eb0618effc90","name":"test_register[case10]","time":{"start":1758615908107,"stop":1758615908136,"duration":29},"status":"passed","severity":"blocker"},{"uid":"db7b539505d0278a","name":"test_register[case17]","time":{"start":1758615908405,"stop":1758615908435,"duration":30},"status":"passed","severity":"blocker"},{"uid":"180874666ff70179","name":"test_register[case7]","time":{"start":1758615911362,"stop":1758615911430,"duration":68},"status":"passed","severity":"blocker"},{"uid":"6f122057f44b0a9b","name":"test_register[case6]","time":{"start":1758615906801,"stop":1758615906881,"duration":80},"status":"passed","severity":"blocker"},{"uid":"407a99d503d98f64","name":"test_register[case6]","time":{"start":1758615911286,"stop":1758615911361,"duration":75},"status":"passed","severity":"blocker"},{"uid":"a3941f7e71d65f22","name":"test_register[case49]","time":{"start":1758615910666,"stop":1758615910701,"duration":35},"status":"passed","severity":"blocker"},{"uid":"166603a99f8e06e","name":"test_register[case7]","time":{"start":1758615907873,"stop":1758615908040,"duration":167},"status":"passed","severity":"blocker"},{"uid":"bf96ea77145188ad","name":"test_register[case34]","time":{"start":1758615909258,"stop":1758615909475,"duration":217},"status":"passed","severity":"blocker"},{"uid":"fefe14087ac53941","name":"test_register[case19]","time":{"start":1758615908466,"stop":1758615908466,"duration":0},"status":"broken","severity":"blocker"},{"uid":"9c952f3e5b6e7d5b","name":"test_register[case28]","time":{"start":1758615908734,"stop":1758615908775,"duration":41},"status":"passed","severity":"blocker"},{"uid":"1ecc5e4dfa2541d3","name":"test_register[case2]","time":{"start":1758615910972,"stop":1758615911060,"duration":88},"status":"passed","severity":"blocker"},{"uid":"f9dd0ace6c1ebe0e","name":"test_register[case27]","time":{"start":1758615908709,"stop":1758615908734,"duration":25},"status":"passed","severity":"blocker"},{"uid":"4a372d9015c89fca","name":"test_register[case46]","time":{"start":1758615910581,"stop":1758615910609,"duration":28},"status":"passed","severity":"blocker"},{"uid":"3bcd86c549a4e7c8","name":"test_register[case18]","time":{"start":1758615908435,"stop":1758615908461,"duration":26},"status":"passed","severity":"blocker"},{"uid":"8c492a5b462d3da9","name":"test_register[case0]","time":{"start":1758615906960,"stop":1758615907348,"duration":388},"status":"passed","severity":"blocker"},{"uid":"1ffc96f870f75299","name":"test_register[case14]","time":{"start":1758615908298,"stop":1758615908324,"duration":26},"status":"passed","severity":"blocker"},{"uid":"e8f0270a0f134bf4","name":"test_register[case20]","time":{"start":1758615908539,"stop":1758615908564,"duration":25},"status":"passed","severity":"blocker"},{"uid":"30231b1ed8fab03f","name":"test_register[case38]","time":{"start":1758615909629,"stop":1758615910078,"duration":449},"status":"passed","severity":"blocker"},{"uid":"3bdf246e0bf90585","name":"test_register[case5]","time":{"start":1758615906719,"stop":1758615906801,"duration":82},"status":"passed","severity":"blocker"},{"uid":"8dadce6bf0b32e4d","name":"test_register[case31]","time":{"start":1758615908834,"stop":1758615908872,"duration":38},"status":"passed","severity":"blocker"},{"uid":"53318a74a8271965","name":"test_register[case9]","time":{"start":1758615908072,"stop":1758615908102,"duration":30},"status":"passed","severity":"blocker"},{"uid":"cd89e6672cd34442","name":"test_register[case4]","time":{"start":1758615907625,"stop":1758615907653,"duration":28},"status":"passed","severity":"blocker"},{"uid":"50c8cca88167030a","name":"test_register[case39]","time":{"start":1758615910079,"stop":1758615910225,"duration":146},"status":"passed","severity":"blocker"},{"uid":"f568c3bcc8629fac","name":"test_register[case7]","time":{"start":1758615906881,"stop":1758615906958,"duration":77},"status":"passed","severity":"blocker"},{"uid":"32c12932a6a3fd09","name":"test_register[case32]","time":{"start":1758615908874,"stop":1758615908909,"duration":35},"status":"passed","severity":"blocker"},{"uid":"7e16bc244472338a","name":"test_register[case29]","time":{"start":1758615908776,"stop":1758615908804,"duration":28},"status":"passed","severity":"blocker"},{"uid":"46b9bdc79dd7529f","name":"test_register[case3]","time":{"start":1758615911060,"stop":1758615911132,"duration":72},"status":"passed","severity":"blocker"},{"uid":"4598e341faa27893","name":"test_register[case42]","time":{"start":1758615910424,"stop":1758615910479,"duration":55},"status":"passed","severity":"blocker"},{"uid":"5c442c131c6ec784","name":"test_register[case37]","time":{"start":1758615909521,"stop":1758615909624,"duration":103},"status":"passed","severity":"blocker"},{"uid":"bef842b2e7197e28","name":"test_register[case0]","time":{"start":1758615910844,"stop":1758615910880,"duration":36},"status":"passed","severity":"blocker"},{"uid":"8154f5969ecd2024","name":"test_register[case25]","time":{"start":1758615908645,"stop":1758615908677,"duration":32},"status":"passed","severity":"blocker"},{"uid":"53fdc28ef2dd74fc","name":"test_register[case3]","time":{"start":1758615906532,"stop":1758615906619,"duration":87},"status":"passed","severity":"blocker"},{"uid":"1dc63acb7c117414","name":"test_register[case41]","time":{"start":1758615910414,"stop":1758615910414,"duration":0},"status":"broken","severity":"blocker"},{"uid":"a5c59fd2e38b1c31","name":"test_register[case13]","time":{"start":1758615908258,"stop":1758615908293,"duration":35},"status":"passed","severity":"blocker"},{"uid":"68bda606967cb1c2","name":"test_register[case51]","time":{"start":1758615910737,"stop":1758615910767,"duration":30},"status":"passed","severity":"blocker"},{"uid":"df8fbba3b9e014bc","name":"test_register[case15]","time":{"start":1758615908324,"stop":1758615908365,"duration":41},"status":"passed","severity":"blocker"},{"uid":"c468bf68d4ab8401","name":"test_register[case3]","time":{"start":1758615907585,"stop":1758615907624,"duration":39},"status":"passed","severity":"blocker"},{"uid":"af32fdb073473c8c","name":"test_register[case35]","time":{"start":1758615909480,"stop":1758615909480,"duration":0},"status":"broken","severity":"blocker"},{"uid":"5179ab0d93e7c4f2","name":"test_register[case26]","time":{"start":1758615908678,"stop":1758615908704,"duration":26},"status":"passed","severity":"blocker"},{"uid":"2af45253730ad55b","name":"test_register[case2]","time":{"start":1758615906425,"stop":1758615906531,"duration":106},"status":"passed","severity":"blocker"},{"uid":"db37d2121039174e","name":"test_register[case4]","time":{"start":1758615911132,"stop":1758615911217,"duration":85},"status":"passed","severity":"blocker"},{"uid":"eaef6edc42a57ca9","name":"test_register[case36]","time":{"start":1758615909485,"stop":1758615909521,"duration":36},"status":"passed","severity":"blocker"},{"uid":"62c2af04b2254a74","name":"test_register[case52]","time":{"start":1758615910767,"stop":1758615910802,"duration":35},"status":"passed","severity":"blocker"},{"uid":"4511c143adddf56c","name":"test_register[case0]","time":{"start":1758615906182,"stop":1758615906246,"duration":64},"status":"passed","severity":"blocker"},{"uid":"c888bade8ed0129","name":"test_register[case6]","time":{"start":1758615907687,"stop":1758615907873,"duration":186},"status":"passed","severity":"blocker"},{"uid":"ae8e566e0ee4c394","name":"test_register[case44]","time":{"start":1758615910511,"stop":1758615910546,"duration":35},"status":"passed","severity":"blocker"},{"uid":"5922ba7a517cbcee","name":"test_register[case47]","time":{"start":1758615910610,"stop":1758615910636,"duration":26},"status":"passed","severity":"blocker"},{"uid":"a9fd78281180c911","name":"test_register[case23]","time":{"start":1758615908610,"stop":1758615908610,"duration":0},"status":"broken","severity":"blocker"},{"uid":"48610de006720a71","name":"test_register[case4]","time":{"start":1758615906619,"stop":1758615906713,"duration":94},"status":"passed","severity":"blocker"}]