[{"uid":"c604e5aa551588d","name":"test_register[case28]","time":{"start":1758694890209,"stop":1758694890217,"duration":8},"status":"broken","severity":"blocker"},{"uid":"ecc1cdaf11d26385","name":"test_register[case38]","time":{"start":1758694890547,"stop":1758694890555,"duration":8},"status":"broken","severity":"blocker"},{"uid":"9089ea50c32cb1b2","name":"test_register[case6]","time":{"start":1758694889509,"stop":1758694889518,"duration":9},"status":"broken","severity":"blocker"},{"uid":"695a80100a274a29","name":"test_register[case45]","time":{"start":1758694890777,"stop":1758694890785,"duration":8},"status":"broken","severity":"blocker"},{"uid":"e3de165abcec03bf","name":"test_register[case40]","time":{"start":1758694890624,"stop":1758694890632,"duration":8},"status":"broken","severity":"blocker"},{"uid":"9abf88715fa62aa8","name":"test_register[case4]","time":{"start":1758694889151,"stop":1758694889160,"duration":9},"status":"broken","severity":"blocker"},{"uid":"4db691f9f83d7685","name":"test_register[case47]","time":{"start":1758694890843,"stop":1758694890852,"duration":9},"status":"broken","severity":"blocker"},{"uid":"d76b71d6874eff10","name":"test_register[case5]","time":{"start":1758694889477,"stop":1758694889486,"duration":9},"status":"broken","severity":"blocker"},{"uid":"49b84f3b1819f63b","name":"test_register[case17]","time":{"start":1758694889901,"stop":1758694889909,"duration":8},"status":"broken","severity":"blocker"},{"uid":"8ff8a2f00cd4c5c9","name":"test_register[case5]","time":{"start":1758694891282,"stop":1758694891291,"duration":9},"status":"broken","severity":"blocker"},{"uid":"13942edc17f7c660","name":"test_register[case0]","time":{"start":1758694888939,"stop":1758694888954,"duration":15},"status":"broken","severity":"blocker"},{"uid":"8defe410ed57c2c6","name":"test_register[case7]","time":{"start":1758694889542,"stop":1758694889551,"duration":9},"status":"broken","severity":"blocker"},{"uid":"92042011af99e8f8","name":"test_register[case3]","time":{"start":1758694889412,"stop":1758694889420,"duration":8},"status":"broken","severity":"blocker"},{"uid":"bd9f0e8d3364a78a","name":"test_register[case5]","time":{"start":1758694889184,"stop":1758694889193,"duration":9},"status":"broken","severity":"blocker"},{"uid":"5aca953ce5cbae69","name":"test_register[case0]","time":{"start":1758694889296,"stop":1758694889305,"duration":9},"status":"broken","severity":"blocker"},{"uid":"bdff97da0ff1bc42","name":"test_register[case29]","time":{"start":1758694890242,"stop":1758694890251,"duration":9},"status":"broken","severity":"blocker"},{"uid":"4aa5eca3e141b2dd","name":"test_register[case4]","time":{"start":1758694891249,"stop":1758694891258,"duration":9},"status":"broken","severity":"blocker"},{"uid":"a5774853ccdf16dc","name":"test_register[case10]","time":{"start":1758694889654,"stop":1758694889663,"duration":9},"status":"broken","severity":"blocker"},{"uid":"429480fe5fb0f216","name":"test_register[case6]","time":{"start":1758694889218,"stop":1758694889227,"duration":9},"status":"broken","severity":"blocker"},{"uid":"604e5103c918b7c4","name":"test_register[case48]","time":{"start":1758694890877,"stop":1758694890885,"duration":8},"status":"broken","severity":"blocker"},{"uid":"87db302f86bb9d","name":"test_register[case30]","time":{"start":1758694890288,"stop":1758694890296,"duration":8},"status":"broken","severity":"blocker"},{"uid":"9bd665916b5e3d0a","name":"test_register[case37]","time":{"start":1758694890514,"stop":1758694890523,"duration":9},"status":"broken","severity":"blocker"},{"uid":"9239572f4fb29fd4","name":"test_register[case50]","time":{"start":1758694890961,"stop":1758694890970,"duration":9},"status":"broken","severity":"blocker"},{"uid":"378d454819202b4a","name":"test_register[case43]","time":{"start":1758694890693,"stop":1758694890702,"duration":9},"status":"broken","severity":"blocker"},{"uid":"f55bb9ac6459e8b9","name":"test_register[case8]","time":{"start":1758694889589,"stop":1758694889598,"duration":9},"status":"broken","severity":"blocker"},{"uid":"9c32b43774f7fce7","name":"test_register[case34]","time":{"start":1758694890439,"stop":1758694890448,"duration":9},"status":"broken","severity":"blocker"},{"uid":"ef9266f675c2277e","name":"test_register[case1]","time":{"start":1758694889040,"stop":1758694889049,"duration":9},"status":"broken","severity":"blocker"},{"uid":"fa23c8745d02f52c","name":"test_register[case18]","time":{"start":1758694889947,"stop":1758694889955,"duration":8},"status":"broken","severity":"blocker"},{"uid":"3b84dacdcbeb38da","name":"test_register[case1]","time":{"start":1758694891150,"stop":1758694891159,"duration":9},"status":"broken","severity":"blocker"},{"uid":"31e46ba6720e639a","name":"test_register[case15]","time":{"start":1758694889834,"stop":1758694889844,"duration":10},"status":"broken","severity":"blocker"},{"uid":"b7bd85b98827a3c","name":"test_register[case33]","time":{"start":1758694890385,"stop":1758694890394,"duration":9},"status":"broken","severity":"blocker"},{"uid":"498ff17ab785ba10","name":"test_register[case46]","time":{"start":1758694890811,"stop":1758694890819,"duration":8},"status":"broken","severity":"blocker"},{"uid":"c76e167cac5700f4","name":"test_register[case3]","time":{"start":1758694891218,"stop":1758694891226,"duration":8},"status":"broken","severity":"blocker"},{"uid":"c45986bb60b5de5c","name":"test_register[case2]","time":{"start":1758694889085,"stop":1758694889093,"duration":8},"status":"broken","severity":"blocker"},{"uid":"3c50d24464bc11d3","name":"test_register[case7]","time":{"start":1758694889264,"stop":1758694889273,"duration":9},"status":"broken","severity":"blocker"},{"uid":"720cc9843d722737","name":"test_register[case14]","time":{"start":1758694889799,"stop":1758694889808,"duration":9},"status":"broken","severity":"blocker"},{"uid":"2ad92f4fe77a8017","name":"test_register[case4]","time":{"start":1758694889444,"stop":1758694889452,"duration":8},"status":"broken","severity":"blocker"},{"uid":"e2f4765b12c8269d","name":"test_register[case23]","time":{"start":1758694890062,"stop":1758694890063,"duration":1},"status":"broken","severity":"blocker"},{"uid":"8b2bb3a23d9a3611","name":"test_register[case1]","time":{"start":1758694889330,"stop":1758694889339,"duration":9},"status":"broken","severity":"blocker"},{"uid":"30647d17be75a246","name":"test_register[case22]","time":{"start":1758694890055,"stop":1758694890057,"duration":2},"status":"broken","severity":"blocker"},{"uid":"36ccabc80ae1c1d0","name":"test_register[case21]","time":{"start":1758694890022,"stop":1758694890031,"duration":9},"status":"broken","severity":"blocker"},{"uid":"4833d5d46a96843e","name":"test_register[case19]","time":{"start":1758694889980,"stop":1758694889981,"duration":1},"status":"broken","severity":"blocker"},{"uid":"9b72311ca66fab49","name":"test_register[case20]","time":{"start":1758694889987,"stop":1758694889998,"duration":11},"status":"broken","severity":"blocker"},{"uid":"e3840e88c0741e52","name":"test_register[case6]","time":{"start":1758694891330,"stop":1758694891341,"duration":11},"status":"broken","severity":"blocker"},{"uid":"5a79a84ddaaea5ce","name":"test_register[case26]","time":{"start":1758694890145,"stop":1758694890154,"duration":9},"status":"broken","severity":"blocker"},{"uid":"ed4594ed127970e9","name":"test_register[case2]","time":{"start":1758694889365,"stop":1758694889374,"duration":9},"status":"broken","severity":"blocker"},{"uid":"fa3520623e56f2e7","name":"test_register[case9]","time":{"start":1758694889622,"stop":1758694889631,"duration":9},"status":"broken","severity":"blocker"},{"uid":"5cdd7ae75bb8772f","name":"test_register[case39]","time":{"start":1758694890578,"stop":1758694890587,"duration":9},"status":"broken","severity":"blocker"},{"uid":"69d8bfcaa5323bf5","name":"test_register[case36]","time":{"start":1758694890480,"stop":1758694890488,"duration":8},"status":"broken","severity":"blocker"},{"uid":"782a744655dd291a","name":"test_register[case12]","time":{"start":1758694889718,"stop":1758694889725,"duration":7},"status":"broken","severity":"blocker"},{"uid":"9119f033944e9d14","name":"test_register[case35]","time":{"start":1758694890473,"stop":1758694890474,"duration":1},"status":"broken","severity":"blocker"},{"uid":"1d12705d921df09e","name":"test_register[case42]","time":{"start":1758694890661,"stop":1758694890669,"duration":8},"status":"broken","severity":"blocker"},{"uid":"3fbccc9f7f65a0ef","name":"test_register[case31]","time":{"start":1758694890321,"stop":1758694890329,"duration":8},"status":"broken","severity":"blocker"},{"uid":"6903cc825f128ab9","name":"test_register[case52]","time":{"start":1758694891028,"stop":1758694891036,"duration":8},"status":"broken","severity":"blocker"},{"uid":"f6a68a78d6fc64ee","name":"test_register[case11]","time":{"start":1758694889685,"stop":1758694889694,"duration":9},"status":"broken","severity":"blocker"},{"uid":"a39ede2b5195ddf6","name":"test_register[case53]","time":{"start":1758694891062,"stop":1758694891070,"duration":8},"status":"broken","severity":"blocker"},{"uid":"450de54042ae09be","name":"test_register[case49]","time":{"start":1758694890911,"stop":1758694890919,"duration":8},"status":"broken","severity":"blocker"},{"uid":"e321c9fa7f9ac192","name":"test_register[case16]","time":{"start":1758694889868,"stop":1758694889877,"duration":9},"status":"broken","severity":"blocker"},{"uid":"d56f5479a4e97191","name":"test_register[case27]","time":{"start":1758694890177,"stop":1758694890185,"duration":8},"status":"broken","severity":"blocker"},{"uid":"2e8c60547d0bf88c","name":"test_register[case25]","time":{"start":1758694890113,"stop":1758694890122,"duration":9},"status":"broken","severity":"blocker"},{"uid":"8d82e22e5de531e8","name":"test_register[case51]","time":{"start":1758694890994,"stop":1758694891003,"duration":9},"status":"broken","severity":"blocker"},{"uid":"57d752f2c362ca52","name":"test_register[case7]","time":{"start":1758694891368,"stop":1758694891377,"duration":9},"status":"broken","severity":"blocker"},{"uid":"538bcdd7fea3b2c","name":"test_register[case3]","time":{"start":1758694889117,"stop":1758694889126,"duration":9},"status":"broken","severity":"blocker"},{"uid":"ca65b66e9d766d8c","name":"test_register[case44]","time":{"start":1758694890727,"stop":1758694890735,"duration":8},"status":"broken","severity":"blocker"},{"uid":"3a35da220a0a7063","name":"test_register[case13]","time":{"start":1758694889765,"stop":1758694889773,"duration":8},"status":"broken","severity":"blocker"},{"uid":"82adc72b9691623c","name":"test_register[case2]","time":{"start":1758694891184,"stop":1758694891193,"duration":9},"status":"broken","severity":"blocker"},{"uid":"fa8e7bc7bef6002f","name":"test_register[case32]","time":{"start":1758694890353,"stop":1758694890362,"duration":9},"status":"broken","severity":"blocker"},{"uid":"676f0c69313484e4","name":"test_register[case0]","time":{"start":1758694891098,"stop":1758694891108,"duration":10},"status":"broken","severity":"blocker"},{"uid":"d5520c861a5acac7","name":"test_register[case24]","time":{"start":1758694890069,"stop":1758694890077,"duration":8},"status":"broken","severity":"blocker"},{"uid":"f68d73284d59c91c","name":"test_register[case41]","time":{"start":1758694890655,"stop":1758694890656,"duration":1},"status":"broken","severity":"blocker"}]