[{"uid":"d5e2ef2e1f5f8d81","name":"test_register[case49]","time":{"start":1758696308205,"stop":1758696308214,"duration":9},"status":"broken","severity":"blocker"},{"uid":"85962671189aeebe","name":"test_register[case15]","time":{"start":1758696307070,"stop":1758696307079,"duration":9},"status":"broken","severity":"blocker"},{"uid":"f43d9a270116c88a","name":"test_register[case6]","time":{"start":1758696306678,"stop":1758696306688,"duration":10},"status":"broken","severity":"blocker"},{"uid":"b46de630f094dd1b","name":"test_register[case45]","time":{"start":1758696308054,"stop":1758696308062,"duration":8},"status":"broken","severity":"blocker"},{"uid":"b2d62cdc5a0fba57","name":"test_register[case43]","time":{"start":1758696307967,"stop":1758696307976,"duration":9},"status":"broken","severity":"blocker"},{"uid":"1e24af278e96c3ff","name":"test_register[case16]","time":{"start":1758696307105,"stop":1758696307113,"duration":8},"status":"broken","severity":"blocker"},{"uid":"936c84d3e31a4876","name":"test_register[case36]","time":{"start":1758696307738,"stop":1758696307747,"duration":9},"status":"broken","severity":"blocker"},{"uid":"242aafa9ae39cc3d","name":"test_register[case2]","time":{"start":1758696306521,"stop":1758696306529,"duration":8},"status":"broken","severity":"blocker"},{"uid":"6b4f36c797a02654","name":"test_register[case7]","time":{"start":1758696306417,"stop":1758696306426,"duration":9},"status":"broken","severity":"blocker"},{"uid":"e5b4671ee71de52a","name":"test_register[case46]","time":{"start":1758696308089,"stop":1758696308097,"duration":8},"status":"broken","severity":"blocker"},{"uid":"e10d98aa11e6753b","name":"test_register[case39]","time":{"start":1758696307841,"stop":1758696307850,"duration":9},"status":"broken","severity":"blocker"},{"uid":"c45d1be3856ea98","name":"test_register[case19]","time":{"start":1758696307225,"stop":1758696307227,"duration":2},"status":"broken","severity":"blocker"},{"uid":"23c2be1a34d44207","name":"test_register[case7]","time":{"start":1758696306717,"stop":1758696306730,"duration":13},"status":"broken","severity":"blocker"},{"uid":"4ec63bfeb1d9a621","name":"test_register[case1]","time":{"start":1758696306485,"stop":1758696306495,"duration":10},"status":"broken","severity":"blocker"},{"uid":"3e0bbb273752fa4c","name":"test_register[case13]","time":{"start":1758696307003,"stop":1758696307012,"duration":9},"status":"broken","severity":"blocker"},{"uid":"aa42ab933197e11a","name":"test_register[case12]","time":{"start":1758696306943,"stop":1758696306951,"duration":8},"status":"broken","severity":"blocker"},{"uid":"68bc5c5094b4b371","name":"test_register[case1]","time":{"start":1758696306187,"stop":1758696306196,"duration":9},"status":"broken","severity":"blocker"},{"uid":"ae1a0c56599dad06","name":"test_register[case27]","time":{"start":1758696307424,"stop":1758696307434,"duration":10},"status":"broken","severity":"blocker"},{"uid":"ebd5e936cb021824","name":"test_register[case1]","time":{"start":1758696308436,"stop":1758696308757,"duration":321},"status":"passed","severity":"blocker"},{"uid":"b68b711d905f3364","name":"test_register[case48]","time":{"start":1758696308167,"stop":1758696308176,"duration":9},"status":"broken","severity":"blocker"},{"uid":"847d0dcc3c0a4bb4","name":"test_register[case47]","time":{"start":1758696308123,"stop":1758696308132,"duration":9},"status":"broken","severity":"blocker"},{"uid":"c57e0646651b763b","name":"test_register[case0]","time":{"start":1758696306452,"stop":1758696306460,"duration":8},"status":"broken","severity":"blocker"},{"uid":"f4bd9551b5a329e6","name":"test_register[case37]","time":{"start":1758696307773,"stop":1758696307782,"duration":9},"status":"broken","severity":"blocker"},{"uid":"d877badc4d3e0a2c","name":"test_register[case24]","time":{"start":1758696307312,"stop":1758696307320,"duration":8},"status":"broken","severity":"blocker"},{"uid":"db8039e4cc7979db","name":"test_register[case2]","time":{"start":1758696308759,"stop":1758696308845,"duration":86},"status":"passed","severity":"blocker"},{"uid":"8e51f4c4b422675d","name":"test_register[case3]","time":{"start":1758696306269,"stop":1758696306279,"duration":10},"status":"broken","severity":"blocker"},{"uid":"49b36ea7444654df","name":"test_register[case0]","time":{"start":1758696308400,"stop":1758696308435,"duration":35},"status":"passed","severity":"blocker"},{"uid":"82686b4ddb4ba9f1","name":"test_register[case29]","time":{"start":1758696307500,"stop":1758696307509,"duration":9},"status":"broken","severity":"blocker"},{"uid":"fc6310249d783334","name":"test_register[case20]","time":{"start":1758696307233,"stop":1758696307241,"duration":8},"status":"broken","severity":"blocker"},{"uid":"c9850015723d9a32","name":"test_register[case5]","time":{"start":1758696306339,"stop":1758696306347,"duration":8},"status":"broken","severity":"blocker"},{"uid":"c1eebf4904031cf","name":"test_register[case0]","time":{"start":1758696306080,"stop":1758696306096,"duration":16},"status":"broken","severity":"blocker"},{"uid":"c34d5602f8b1053b","name":"test_register[case4]","time":{"start":1758696308927,"stop":1758696309017,"duration":90},"status":"passed","severity":"blocker"},{"uid":"9f9075bf937afdda","name":"test_register[case11]","time":{"start":1758696306910,"stop":1758696306919,"duration":9},"status":"broken","severity":"blocker"},{"uid":"e8abef1a64f5850","name":"test_register[case3]","time":{"start":1758696306572,"stop":1758696306582,"duration":10},"status":"broken","severity":"blocker"},{"uid":"3d471362542ebde8","name":"test_register[case4]","time":{"start":1758696306606,"stop":1758696306616,"duration":10},"status":"broken","severity":"blocker"},{"uid":"eeb1fc70864727b6","name":"test_register[case23]","time":{"start":1758696307305,"stop":1758696307306,"duration":1},"status":"broken","severity":"blocker"},{"uid":"1dbfa5db6c486b0e","name":"test_register[case6]","time":{"start":1758696306372,"stop":1758696306381,"duration":9},"status":"broken","severity":"blocker"},{"uid":"2621d33be457a92a","name":"test_register[case42]","time":{"start":1758696307933,"stop":1758696307941,"duration":8},"status":"broken","severity":"blocker"},{"uid":"8bc532067d89eac7","name":"test_register[case18]","time":{"start":1758696307190,"stop":1758696307198,"duration":8},"status":"broken","severity":"blocker"},{"uid":"ce66dcba56827dab","name":"test_register[case52]","time":{"start":1758696308339,"stop":1758696308366,"duration":27},"status":"passed","severity":"blocker"},{"uid":"333e87b4388ee59b","name":"test_register[case33]","time":{"start":1758696307650,"stop":1758696307658,"duration":8},"status":"broken","severity":"blocker"},{"uid":"68b5aafd41a44b54","name":"test_register[case5]","time":{"start":1758696309019,"stop":1758696309090,"duration":71},"status":"passed","severity":"blocker"},{"uid":"8b52f15f78fad1b6","name":"test_register[case6]","time":{"start":1758696309091,"stop":1758696309178,"duration":87},"status":"passed","severity":"blocker"},{"uid":"570616304e1d643c","name":"test_register[case3]","time":{"start":1758696308846,"stop":1758696308925,"duration":79},"status":"passed","severity":"blocker"},{"uid":"40e90fdcec78b773","name":"test_register[case8]","time":{"start":1758696306773,"stop":1758696306786,"duration":13},"status":"broken","severity":"blocker"},{"uid":"fdbd5a4229ba3989","name":"test_register[case50]","time":{"start":1758696308273,"stop":1758696308307,"duration":34},"status":"passed","severity":"blocker"},{"uid":"87320a79ada2d302","name":"test_register[case4]","time":{"start":1758696306305,"stop":1758696306314,"duration":9},"status":"broken","severity":"blocker"},{"uid":"ae7fcb5f0a34be9e","name":"test_register[case25]","time":{"start":1758696307359,"stop":1758696307367,"duration":8},"status":"broken","severity":"blocker"},{"uid":"778f5b097c1c9b4d","name":"test_register[case40]","time":{"start":1758696307891,"stop":1758696307899,"duration":8},"status":"broken","severity":"blocker"},{"uid":"106bdb9d194ff741","name":"test_register[case7]","time":{"start":1758696309180,"stop":1758696309235,"duration":55},"status":"passed","severity":"blocker"},{"uid":"d01a0bcc8817895e","name":"test_register[case9]","time":{"start":1758696306830,"stop":1758696306849,"duration":19},"status":"broken","severity":"blocker"},{"uid":"4ca31df492665792","name":"test_register[case5]","time":{"start":1758696306644,"stop":1758696306653,"duration":9},"status":"broken","severity":"blocker"},{"uid":"1aa452892b353fa8","name":"test_register[case32]","time":{"start":1758696307617,"stop":1758696307625,"duration":8},"status":"broken","severity":"blocker"},{"uid":"15fc05cdf169457","name":"test_register[case35]","time":{"start":1758696307731,"stop":1758696307732,"duration":1},"status":"broken","severity":"blocker"},{"uid":"8449eeb96005f9b3","name":"test_register[case30]","time":{"start":1758696307550,"stop":1758696307558,"duration":8},"status":"broken","severity":"blocker"},{"uid":"13aaf43efbe5f5b9","name":"test_register[case28]","time":{"start":1758696307460,"stop":1758696307474,"duration":14},"status":"broken","severity":"blocker"},{"uid":"1cc4f2f9af00cacd","name":"test_register[case34]","time":{"start":1758696307697,"stop":1758696307706,"duration":9},"status":"broken","severity":"blocker"},{"uid":"1cabe56e43ebf32a","name":"test_register[case31]","time":{"start":1758696307583,"stop":1758696307591,"duration":8},"status":"broken","severity":"blocker"},{"uid":"61e5f3209baee9c5","name":"test_register[case44]","time":{"start":1758696308001,"stop":1758696308010,"duration":9},"status":"broken","severity":"blocker"},{"uid":"7792ce7ae25772db","name":"test_register[case53]","time":{"start":1758696308368,"stop":1758696308398,"duration":30},"status":"passed","severity":"blocker"},{"uid":"c2864d11fd60f0ec","name":"test_register[case17]","time":{"start":1758696307139,"stop":1758696307148,"duration":9},"status":"broken","severity":"blocker"},{"uid":"5fe132514eabb32d","name":"test_register[case10]","time":{"start":1758696306875,"stop":1758696306884,"duration":9},"status":"broken","severity":"blocker"},{"uid":"69dfbdac26d36b01","name":"test_register[case41]","time":{"start":1758696307925,"stop":1758696307927,"duration":2},"status":"broken","severity":"blocker"},{"uid":"9483effda88af1a9","name":"test_register[case51]","time":{"start":1758696308309,"stop":1758696308338,"duration":29},"status":"passed","severity":"blocker"},{"uid":"d51a452d7c5597ef","name":"test_register[case38]","time":{"start":1758696307807,"stop":1758696307817,"duration":10},"status":"broken","severity":"blocker"},{"uid":"5d6ad6a256b20f1f","name":"test_register[case22]","time":{"start":1758696307298,"stop":1758696307300,"duration":2},"status":"broken","severity":"blocker"},{"uid":"b2ce7c430a1023e1","name":"test_register[case2]","time":{"start":1758696306235,"stop":1758696306245,"duration":10},"status":"broken","severity":"blocker"},{"uid":"c806aaf5fe7e31ef","name":"test_register[case26]","time":{"start":1758696307392,"stop":1758696307401,"duration":9},"status":"broken","severity":"blocker"},{"uid":"c127f5ac96d242ae","name":"test_register[case14]","time":{"start":1758696307038,"stop":1758696307046,"duration":8},"status":"broken","severity":"blocker"},{"uid":"e87e995eac0e5b6e","name":"test_register[case21]","time":{"start":1758696307266,"stop":1758696307274,"duration":8},"status":"broken","severity":"blocker"}]