[{"uid":"90b6f4e9b4b20e72","name":"test_order[case0]","time":{"start":1758533436197,"stop":1758533438396,"duration":2199},"status":"passed","severity":"blocker"},{"uid":"ca4f46a52996393a","name":"test_register[case25]","time":{"start":1758533417923,"stop":1758533417932,"duration":9},"status":"broken","severity":"blocker"},{"uid":"84495a4398ac437a","name":"test_register[case37]","time":{"start":1758533418312,"stop":1758533418321,"duration":9},"status":"broken","severity":"blocker"},{"uid":"a732b130e9c9c974","name":"test_login_ddt[case3]","time":{"start":1758533422970,"stop":1758533424074,"duration":1104},"status":"passed","severity":"blocker"},{"uid":"7f98fba01c594feb","name":"test_register[case41]","time":{"start":1758533418433,"stop":1758533418442,"duration":9},"status":"broken","severity":"blocker"},{"uid":"2dda5715c5124f28","name":"test_modify_user[case0]","time":{"start":1758533424076,"stop":1758533425652,"duration":1576},"status":"passed","severity":"blocker"},{"uid":"98602af47e786082","name":"test_login_ddt[case0]","time":{"start":1758533419327,"stop":1758533420749,"duration":1422},"status":"passed","severity":"blocker"},{"uid":"6ceb3797ca5adf48","name":"test_register[case15]","time":{"start":1758533417585,"stop":1758533417594,"duration":9},"status":"broken","severity":"blocker"},{"uid":"ef68cf816df75895","name":"test_order[case6]","time":{"start":1758533443904,"stop":1758533446746,"duration":2842},"status":"failed","severity":"blocker"},{"uid":"4b150f6671005f7c","name":"test_register[case0]","time":{"start":1758533419038,"stop":1758533419046,"duration":8},"status":"broken","severity":"blocker"},{"uid":"2318c5cb527215e7","name":"test_register[case30]","time":{"start":1758533418059,"stop":1758533418068,"duration":9},"status":"broken","severity":"blocker"},{"uid":"87e1dac849d01fa3","name":"test_register[case35]","time":{"start":1758533418243,"stop":1758533418252,"duration":9},"status":"broken","severity":"blocker"},{"uid":"aa4d40cc81605dd0","name":"test_register[case1]","time":{"start":1758533419070,"stop":1758533419085,"duration":15},"status":"broken","severity":"blocker"},{"uid":"73359af10462a0ff","name":"test_register[case9]","time":{"start":1758533417363,"stop":1758533417372,"duration":9},"status":"broken","severity":"blocker"},{"uid":"2305a71fd228de8f","name":"test_register[case32]","time":{"start":1758533418124,"stop":1758533418134,"duration":10},"status":"broken","severity":"blocker"},{"uid":"6ad253c008463ec5","name":"test_register[case27]","time":{"start":1758533417984,"stop":1758533417985,"duration":1},"status":"broken","severity":"blocker"},{"uid":"cb9a6dd5bca8013","name":"test_register[case3]","time":{"start":1758533417146,"stop":1758533417157,"duration":11},"status":"broken","severity":"blocker"},{"uid":"af1c1e9398667652","name":"test_register[case3]","time":{"start":1758533416834,"stop":1758533416846,"duration":12},"status":"broken","severity":"blocker"},{"uid":"c7a7719aaec12d5e","name":"test_register[case1]","time":{"start":1758533417053,"stop":1758533417063,"duration":10},"status":"broken","severity":"blocker"},{"uid":"ef969539072b38d7","name":"test_recharge[case0]","time":{"start":1758533431381,"stop":1758533436169,"duration":4788},"status":"failed","severity":"blocker"},{"uid":"e5b721070e92a91e","name":"test_order[case4]","time":{"start":1758533442455,"stop":1758533443876,"duration":1421},"status":"broken","severity":"blocker"},{"uid":"aa67c52d0bded037","name":"test_register[case2]","time":{"start":1758533416800,"stop":1758533416808,"duration":8},"status":"broken","severity":"blocker"},{"uid":"62f59069c14809b5","name":"test_modify_user[case2]","time":{"start":1758533426663,"stop":1758533427670,"duration":1007},"status":"passed","severity":"blocker"},{"uid":"5e4d7cb96dded3ee","name":"test_register[case7]","time":{"start":1758533416989,"stop":1758533416997,"duration":8},"status":"broken","severity":"blocker"},{"uid":"29ac734c8bce6c0f","name":"test_register[case23]","time":{"start":1758533417859,"stop":1758533417868,"duration":9},"status":"broken","severity":"blocker"},{"uid":"493ad80f25d3a5e9","name":"test_register[case4]","time":{"start":1758533416870,"stop":1758533416880,"duration":10},"status":"broken","severity":"blocker"},{"uid":"2c3749fa33f487cb","name":"test_register[case24]","time":{"start":1758533417891,"stop":1758533417900,"duration":9},"status":"broken","severity":"blocker"},{"uid":"7f9613de1efe77e4","name":"test_register[case26]","time":{"start":1758533417977,"stop":1758533417978,"duration":1},"status":"broken","severity":"blocker"},{"uid":"9f6beb549cd9bfee","name":"test_register[case5]","time":{"start":1758533416923,"stop":1758533416932,"duration":9},"status":"broken","severity":"blocker"},{"uid":"5b639fd240910196","name":"test_register[case3]","time":{"start":1758533419148,"stop":1758533419156,"duration":8},"status":"broken","severity":"blocker"},{"uid":"7066f4e1851f606","name":"test_order[case1]","time":{"start":1758533438397,"stop":1758533440451,"duration":2054},"status":"passed","severity":"blocker"},{"uid":"c82ce2503ca650c5","name":"test_register[case6]","time":{"start":1758533419260,"stop":1758533419269,"duration":9},"status":"broken","severity":"blocker"},{"uid":"4fc523079a623e1","name":"test_register[case54]","time":{"start":1758533418887,"stop":1758533418897,"duration":10},"status":"broken","severity":"blocker"},{"uid":"8d437cf87d00d99d","name":"test_register[case46]","time":{"start":1758533418593,"stop":1758533418600,"duration":7},"status":"broken","severity":"blocker"},{"uid":"373aa3ede4ef370e","name":"test_register[case49]","time":{"start":1758533418710,"stop":1758533418718,"duration":8},"status":"broken","severity":"blocker"},{"uid":"e1fb930a57a46dc6","name":"test_register[case28]","time":{"start":1758533417991,"stop":1758533418000,"duration":9},"status":"broken","severity":"blocker"},{"uid":"5628604ca5dde722","name":"test_register[case52]","time":{"start":1758533418806,"stop":1758533418814,"duration":8},"status":"broken","severity":"blocker"},{"uid":"84209a9e3f70ace2","name":"test_register[case53]","time":{"start":1758533418854,"stop":1758533418862,"duration":8},"status":"broken","severity":"blocker"},{"uid":"45b1e6518ed401fa","name":"test_order[case8]","time":{"start":1758533449349,"stop":1758533452549,"duration":3200},"status":"failed","severity":"blocker"},{"uid":"44bbcf3b6ccf2d87","name":"test_register[case29]","time":{"start":1758533418025,"stop":1758533418034,"duration":9},"status":"broken","severity":"blocker"},{"uid":"81fe9f1d7ca71680","name":"test_register[case45]","time":{"start":1758533418586,"stop":1758533418588,"duration":2},"status":"broken","severity":"blocker"},{"uid":"cfac6d2606fdc1c2","name":"test_login_ddt[case2]","time":{"start":1758533421777,"stop":1758533422968,"duration":1191},"status":"passed","severity":"blocker"},{"uid":"bcd1f2a6caad709d","name":"test_register[case39]","time":{"start":1758533418393,"stop":1758533418395,"duration":2},"status":"broken","severity":"blocker"},{"uid":"3150b929db98b41c","name":"test_recharge[case1]","time":{"start":1758533436179,"stop":1758533436182,"duration":3},"status":"broken","severity":"blocker"},{"uid":"b336d9195b6e1a29","name":"test_register[case4]","time":{"start":1758533419181,"stop":1758533419190,"duration":9},"status":"broken","severity":"blocker"},{"uid":"ca4f5855e0d6cdab","name":"test_register[case19]","time":{"start":1758533417732,"stop":1758533417733,"duration":1},"status":"broken","severity":"blocker"},{"uid":"bcfe9787cafeede6","name":"test_modify_user[case3]","time":{"start":1758533427672,"stop":1758533430208,"duration":2536},"status":"passed","severity":"blocker"},{"uid":"90e5425c02a64c29","name":"test_order[case9]","time":{"start":1758533452558,"stop":1758533453512,"duration":954},"status":"failed","severity":"blocker"},{"uid":"56bba38d555742ea","name":"test_register[case47]","time":{"start":1758533418625,"stop":1758533418634,"duration":9},"status":"broken","severity":"blocker"},{"uid":"f4de7c4cda6cb164","name":"test_register[case12]","time":{"start":1758533417473,"stop":1758533417483,"duration":10},"status":"broken","severity":"blocker"},{"uid":"ccb537ae8998450c","name":"test_register[case21]","time":{"start":1758533417775,"stop":1758533417784,"duration":9},"status":"broken","severity":"blocker"},{"uid":"c436b8c5c1c9aaab","name":"test_register[case0]","time":{"start":1758533417021,"stop":1758533417030,"duration":9},"status":"broken","severity":"blocker"},{"uid":"849c8e852ed22448","name":"test_modify_user[case4]","time":{"start":1758533430211,"stop":1758533431378,"duration":1167},"status":"passed","severity":"blocker"},{"uid":"74225454f998f63e","name":"test_register[case8]","time":{"start":1758533417329,"stop":1758533417338,"duration":9},"status":"broken","severity":"blocker"},{"uid":"6646c17a5550cad3","name":"test_register[case44]","time":{"start":1758533418553,"stop":1758533418562,"duration":9},"status":"broken","severity":"blocker"},{"uid":"e72ab070149881cc","name":"test_register[case0]","time":{"start":1758533416647,"stop":1758533416677,"duration":30},"status":"broken","severity":"blocker"},{"uid":"fa3f6516d773061d","name":"test_register[case6]","time":{"start":1758533416957,"stop":1758533416966,"duration":9},"status":"broken","severity":"blocker"},{"uid":"636f47c13375e94b","name":"test_register[case10]","time":{"start":1758533417397,"stop":1758533417405,"duration":8},"status":"broken","severity":"blocker"},{"uid":"df8317d1c5a53fd4","name":"test_register[case11]","time":{"start":1758533417442,"stop":1758533417451,"duration":9},"status":"broken","severity":"blocker"},{"uid":"db36f8fd308c9841","name":"test_register[case56]","time":{"start":1758533418955,"stop":1758533418965,"duration":10},"status":"broken","severity":"blocker"},{"uid":"26bf01717acff7d4","name":"test_register[case55]","time":{"start":1758533418922,"stop":1758533418931,"duration":9},"status":"broken","severity":"blocker"},{"uid":"62586c87c21cbd22","name":"test_register[case31]","time":{"start":1758533418092,"stop":1758533418101,"duration":9},"status":"broken","severity":"blocker"},{"uid":"c855d14955727e71","name":"test_register[case57]","time":{"start":1758533418990,"stop":1758533418998,"duration":8},"status":"broken","severity":"blocker"},{"uid":"673dfdcfe9c794ac","name":"test_register[case6]","time":{"start":1758533417245,"stop":1758533417254,"duration":9},"status":"broken","severity":"blocker"},{"uid":"e85fe0a32f3b3b6a","name":"test_register[case16]","time":{"start":1758533417635,"stop":1758533417644,"duration":9},"status":"broken","severity":"blocker"},{"uid":"2178d45dc77e775d","name":"test_register[case22]","time":{"start":1758533417826,"stop":1758533417835,"duration":9},"status":"broken","severity":"blocker"},{"uid":"d0b01117e55b9367","name":"test_register[case33]","time":{"start":1758533418174,"stop":1758533418183,"duration":9},"status":"broken","severity":"blocker"},{"uid":"3d3ea1eb2780e43c","name":"test_register[case20]","time":{"start":1758533417740,"stop":1758533417749,"duration":9},"status":"broken","severity":"blocker"},{"uid":"eef77fd70a5a97c2","name":"test_register[case2]","time":{"start":1758533419113,"stop":1758533419122,"duration":9},"status":"broken","severity":"blocker"},{"uid":"ab31c43404c4dc60","name":"test_register[case36]","time":{"start":1758533418277,"stop":1758533418286,"duration":9},"status":"broken","severity":"blocker"},{"uid":"24b32136fe5efe35","name":"test_order[case2]","time":{"start":1758533440452,"stop":1758533441446,"duration":994},"status":"passed","severity":"blocker"},{"uid":"7e403bbededb65ce","name":"test_register[case5]","time":{"start":1758533419229,"stop":1758533419237,"duration":8},"status":"broken","severity":"blocker"},{"uid":"b0c4759dc58128c8","name":"test_register[case13]","time":{"start":1758533417506,"stop":1758533417519,"duration":13},"status":"broken","severity":"blocker"},{"uid":"8673e74a1767e790","name":"test_register[case48]","time":{"start":1758533418659,"stop":1758533418668,"duration":9},"status":"broken","severity":"blocker"},{"uid":"a5accc50530d322","name":"test_register[case17]","time":{"start":1758533417667,"stop":1758533417676,"duration":9},"status":"broken","severity":"blocker"},{"uid":"6e1bfd49fe50f672","name":"test_order[case3]","time":{"start":1758533441449,"stop":1758533442446,"duration":997},"status":"failed","severity":"blocker"},{"uid":"7210f3640c056ea","name":"test_register[case7]","time":{"start":1758533419293,"stop":1758533419302,"duration":9},"status":"broken","severity":"blocker"},{"uid":"50466d04f15dd9f1","name":"test_order[case7]","time":{"start":1758533446767,"stop":1758533449340,"duration":2573},"status":"failed","severity":"blocker"},{"uid":"c5e001974a3c25c4","name":"test_register[case4]","time":{"start":1758533417182,"stop":1758533417190,"duration":8},"status":"broken","severity":"blocker"},{"uid":"514d9009108c45b5","name":"test_register[case7]","time":{"start":1758533417297,"stop":1758533417305,"duration":8},"status":"broken","severity":"blocker"},{"uid":"d4421654185f0bc","name":"test_register[case50]","time":{"start":1758533418742,"stop":1758533418751,"duration":9},"status":"broken","severity":"blocker"},{"uid":"aecdb8f60864e820","name":"test_register[case1]","time":{"start":1758533416766,"stop":1758533416776,"duration":10},"status":"broken","severity":"blocker"},{"uid":"4724e8bf752225d1","name":"test_login_ddt[case1]","time":{"start":1758533420750,"stop":1758533421775,"duration":1025},"status":"passed","severity":"blocker"},{"uid":"a1b3f42bc367f327","name":"test_register[case38]","time":{"start":1758533418360,"stop":1758533418369,"duration":9},"status":"broken","severity":"blocker"},{"uid":"286485b96717241b","name":"test_register[case5]","time":{"start":1758533417213,"stop":1758533417222,"duration":9},"status":"broken","severity":"blocker"},{"uid":"cce6c6f4adddc722","name":"test_register[case42]","time":{"start":1758533418468,"stop":1758533418476,"duration":8},"status":"broken","severity":"blocker"},{"uid":"d7fdb33c8e7bca3a","name":"test_register[case43]","time":{"start":1758533418520,"stop":1758533418529,"duration":9},"status":"broken","severity":"blocker"},{"uid":"479871cdfa4ffb42","name":"test_register[case14]","time":{"start":1758533417551,"stop":1758533417560,"duration":9},"status":"broken","severity":"blocker"},{"uid":"417ba916e613a244","name":"test_register[case40]","time":{"start":1758533418399,"stop":1758533418408,"duration":9},"status":"broken","severity":"blocker"},{"uid":"e95bc5ee77065e23","name":"test_register[case34]","time":{"start":1758533418208,"stop":1758533418217,"duration":9},"status":"broken","severity":"blocker"},{"uid":"7618d7013b2d95f9","name":"test_order[case5]","time":{"start":1758533443885,"stop":1758533443888,"duration":3},"status":"broken","severity":"blocker"},{"uid":"52f137e8e5cb9df1","name":"test_register[case18]","time":{"start":1758533417698,"stop":1758533417707,"duration":9},"status":"broken","severity":"blocker"},{"uid":"41fd6bc30f187eee","name":"test_register[case51]","time":{"start":1758533418774,"stop":1758533418783,"duration":9},"status":"broken","severity":"blocker"},{"uid":"5d36169511fd493a","name":"test_modify_user[case1]","time":{"start":1758533425654,"stop":1758533426661,"duration":1007},"status":"passed","severity":"blocker"},{"uid":"fbfb482700687095","name":"test_register[case2]","time":{"start":1758533417111,"stop":1758533417120,"duration":9},"status":"broken","severity":"blocker"}]