{"uid":"4b4757e66a1912dae1a509f688f20b0f","name":"categories","children":[{"name":"Test defects","children":[{"name":"requests.exceptions.ProxyError: HTTPSConnectionPool(host='minicourse.test.venhalo.com', port=443): Max retries exceeded with url: /api/v1/auth/verification/code (Caused by ProxyError('Unable to connect to proxy', SSLError(SSLEOFError(8, 'EOF occurred in violation of protocol (_ssl.c:1129)'))))","children":[{"name":"test_register[case0]","uid":"13942edc17f7c660","parentUid":"ee4102e91ba9be063192c1b6436b4251","status":"broken","time":{"start":1758694888939,"stop":1758694888954,"duration":15},"flaky":false,"newFailed":false,"newPassed":false,"newBroken":false,"retriesCount":0,"retriesStatusChange":false,"parameters":["{'用例编号': 1, '用例标题': '获取注册短信验证码', '请求地址': 'https://minicourse.test.venhalo.com/api/v1/auth/verification/code', '请求方法': 'POST', '请求头': '{\"Content-Type\":\"application/json;charset=utf-8\"}', '请求参数': '{\"phone\":\"${mobile_phone}\",\"role\": \"parent\"}', '期望结果': None, '数据库断言': None, '提取响应字段': '{\"code\" :\"$.data.code\"}'}"],"tags":[]},{"name":"test_register[case11]","uid":"f6a68a78d6fc64ee","parentUid":"ee4102e91ba9be063192c1b6436b4251","status":"broken","time":{"start":1758694889685,"stop":1758694889694,"duration":9},"flaky":false,"newFailed":false,"newPassed":false,"newBroken":false,"retriesCount":0,"retriesStatusChange":false,"parameters":["{'用例编号': 12, '用例标题': '获取注册短信验证码', '请求方法': 'POST', '请求地址': 'https://minicourse.test.venhalo.com/api/v1/auth/verification/code', '请求头': '{\"Content-Type\":\"application/json;charset=utf-8\"}', '请求参数': '{\"phone\":\"${mobile_phone}\",\"role\": \"parent\"}', '期望结果': None, '数据库断言': None, '提取响应字段': '{\"code\" :\"$.data.code\"}'}"],"tags":[]},{"name":"test_register[case0]","uid":"676f0c69313484e4","parentUid":"ee4102e91ba9be063192c1b6436b4251","status":"broken","time":{"start":1758694891098,"stop":1758694891108,"duration":10},"flaky":false,"newFailed":false,"newPassed":false,"newBroken":false,"retriesCount":0,"retriesStatusChange":false,"parameters":["{'用例编号': 1, '用例标题': '获取注册短信验证码', '请求地址': 'https://minicourse.test.venhalo.com/api/v1/auth/verification/code', '请求方法': 'POST', '请求头': '{\"Content-Type\":\"application/json;charset=utf-8\"}', '请求参数': '{\"phone\":\"${mobile_phone}\",\"role\": \"parent\"}', '期望结果': None, '数据库断言': None, '提取响应字段': '{\"code\" :\"$.data.code\"}'}"],"tags":[]}],"uid":"ee4102e91ba9be063192c1b6436b4251"},{"name":"requests.exceptions.ProxyError: HTTPSConnectionPool(host='minicourse.test.venhalo.com', port=443): Max retries exceeded with url: /api/v1/auth/verification/verify (Caused by ProxyError('Unable to connect to proxy', SSLError(SSLEOFError(8, 'EOF occurred in violation of protocol (_ssl.c:1129)'))))","children":[{"name":"test_register[case1]","uid":"ef9266f675c2277e","parentUid":"3fa552268264bb1c34779766d7754204","status":"broken","time":{"start":1758694889040,"stop":1758694889049,"duration":9},"flaky":false,"newFailed":false,"newPassed":false,"newBroken":false,"retriesCount":0,"retriesStatusChange":false,"parameters":["{'用例编号': 2, '用例标题': '校验注册短信验证码并登录', '请求地址': 'https://minicourse.test.venhalo.com//api/v1/auth/verification/verify', '请求方法': 'POST', '请求头': '{\"Content-Type\":\"application/json;charset=utf-8\"}', '请求参数': '{\"phone\":\"${mobile_phone}\",\"role\":\"parent\",\"code\": \"${code}\"}', '期望结果': '{\"$.message\":\"成功\"}', '数据库断言': '{\"select phone from user where phone = \\'${mobile_phone}\\';\":\"${mobile_phone}\"}', '提取响应字段': '{\"token\" :\"$.data.token\"}'}"],"tags":[]},{"name":"test_register[case12]","uid":"782a744655dd291a","parentUid":"3fa552268264bb1c34779766d7754204","status":"broken","time":{"start":1758694889718,"stop":1758694889725,"duration":7},"flaky":false,"newFailed":false,"newPassed":false,"newBroken":false,"retriesCount":0,"retriesStatusChange":false,"parameters":["{'用例编号': 13, '用例标题': '校验注册短信验证码并登录', '请求方法': 'POST', '请求地址': 'https://minicourse.test.venhalo.com//api/v1/auth/verification/verify', '请求头': '{\"Content-Type\":\"application/json;charset=utf-8\"}', '请求参数': '{\"phone\":\"${mobile_phone}\",\"role\":\"parent\",\"code\": \"${code}\"}', '期望结果': '{\"$.message\":\"成功\"}', '数据库断言': '{\"select phone from user where phone = \\'${mobile_phone}\\';\":\"${mobile_phone}\"}', '提取响应字段': '{\"token\" :\"$.data.token\"}'}"],"tags":[]},{"name":"test_register[case1]","uid":"3b84dacdcbeb38da","parentUid":"3fa552268264bb1c34779766d7754204","status":"broken","time":{"start":1758694891150,"stop":1758694891159,"duration":9},"flaky":false,"newFailed":false,"newPassed":false,"newBroken":false,"retriesCount":0,"retriesStatusChange":false,"parameters":["{'用例编号': 2, '用例标题': '校验注册短信验证码并登录', '请求地址': 'https://minicourse.test.venhalo.com//api/v1/auth/verification/verify', '请求方法': 'POST', '请求头': '{\"Content-Type\":\"application/json;charset=utf-8\"}', '请求参数': '{\"phone\":\"${mobile_phone}\",\"role\":\"parent\",\"code\": \"${code}\"}', '期望结果': '{\"$.message\":\"成功\"}', '数据库断言': '{\"select phone from user where phone = \\'${mobile_phone}\\';\":\"${mobile_phone}\"}', '提取响应字段': '{\"token\" :\"$.data.token\"}'}"],"tags":[]}],"uid":"3fa552268264bb1c34779766d7754204"},{"name":"requests.exceptions.ProxyError: HTTPSConnectionPool(host='minicourse.test.venhalo.com', port=443): Max retries exceeded with url: /api/v1/family/bind/stu (Caused by ProxyError('Unable to connect to proxy', SSLError(SSLEOFError(8, 'EOF occurred in violation of protocol (_ssl.c:1129)'))))","children":[{"name":"test_register[case2]","uid":"c45986bb60b5de5c","parentUid":"b9ca943b472ce960e2bd8a9f8c93c91e","status":"broken","time":{"start":1758694889085,"stop":1758694889093,"duration":8},"flaky":false,"newFailed":false,"newPassed":false,"newBroken":false,"retriesCount":0,"retriesStatusChange":false,"parameters":["{'用例编号': 3, '用例标题': '绑定学生', '请求地址': 'https://minicourse.test.venhalo.com/api/v1/family/bind/stu', '请求方法': 'POST', '请求头': '{\"Authorization\":\"Bearer ${token}\",\"Content-Type\":\"application/json;charset=utf-8\"}', '请求参数': '{\\n    \"phoneNumber\": \"19208031004\",\\n    \"name\": \"测试绑定\",\\n    \"grade\": \"2\",\\n    \"gender\": \"男\"\\n}', '期望结果': '{\"$.message\":\"绑定成功\"}', '数据库断言': None, '提取响应字段': None}"],"tags":[]},{"name":"test_register[case48]","uid":"604e5103c918b7c4","parentUid":"b9ca943b472ce960e2bd8a9f8c93c91e","status":"broken","time":{"start":1758694890877,"stop":1758694890885,"duration":8},"flaky":false,"newFailed":false,"newPassed":false,"newBroken":false,"retriesCount":0,"retriesStatusChange":false,"parameters":["{'用例编号': 56, '用例标题': '绑定学生_正常流程', '请求方法': 'POST', '请求地址': 'https://minicourse.test.venhalo.com/api/v1/family/bind/stu', '请求头': '{\"Content-Type\": \"application/json\", \"Authorization\": \"Bearer ${token}\"}', '请求参数': '{\"studentName\": \"学生姓名\", \"age\": 8, \"gender\": \"male\"}', '期望结果': '{\"code\": 200, \"msg\": \"操作成功\", \"studentId\": \"student123\"}', '数据库断言': None, '提取响应字段': None}"],"tags":[]},{"name":"test_register[case49]","uid":"450de54042ae09be","parentUid":"b9ca943b472ce960e2bd8a9f8c93c91e","status":"broken","time":{"start":1758694890911,"stop":1758694890919,"duration":8},"flaky":false,"newFailed":false,"newPassed":false,"newBroken":false,"retriesCount":0,"retriesStatusChange":false,"parameters":["{'用例编号': 57, '用例标题': '绑定学生_缺少必填信息', '请求方法': 'POST', '请求地址': 'https://minicourse.test.venhalo.com/api/v1/family/bind/stu', '请求头': '{\"Content-Type\": \"application/json\", \"Authorization\": \"Bearer ${token}\"}', '请求参数': '{\"studentName\": \"学生姓名\"}', '期望结果': '{\"code\": 400, \"msg\": \"缺少必要信息\"}', '数据库断言': None, '提取响应字段': None}"],"tags":[]},{"name":"test_register[case2]","uid":"82adc72b9691623c","parentUid":"b9ca943b472ce960e2bd8a9f8c93c91e","status":"broken","time":{"start":1758694891184,"stop":1758694891193,"duration":9},"flaky":false,"newFailed":false,"newPassed":false,"newBroken":false,"retriesCount":0,"retriesStatusChange":false,"parameters":["{'用例编号': 3, '用例标题': '绑定学生', '请求地址': 'https://minicourse.test.venhalo.com/api/v1/family/bind/stu', '请求方法': 'POST', '请求头': '{\"Authorization\":\"Bearer ${token}\",\"Content-Type\":\"application/json;charset=utf-8\"}', '请求参数': '{\\n    \"phoneNumber\": \"19208031004\",\\n    \"name\": \"测试绑定\",\\n    \"grade\": \"2\",\\n    \"gender\": \"男\"\\n}', '期望结果': '{\"$.message\":\"绑定成功\"}', '数据库断言': None, '提取响应字段': None}"],"tags":[]}],"uid":"b9ca943b472ce960e2bd8a9f8c93c91e"},{"name":"requests.exceptions.ProxyError: HTTPSConnectionPool(host='minicourse.test.venhalo.com', port=443): Max retries exceeded with url: /api/v1/user/par (Caused by ProxyError('Unable to connect to proxy', SSLError(SSLEOFError(8, 'EOF occurred in violation of protocol (_ssl.c:1129)'))))","children":[{"name":"test_register[case3]","uid":"538bcdd7fea3b2c","parentUid":"1f88d51d2b7807bc0ba4f57b4859b443","status":"broken","time":{"start":1758694889117,"stop":1758694889126,"duration":9},"flaky":false,"newFailed":false,"newPassed":false,"newBroken":false,"retriesCount":0,"retriesStatusChange":false,"parameters":["{'用例编号': 4, '用例标题': '获取当前用户信息（家长）', '请求地址': 'https://minicourse.test.venhalo.com/api/v1/user/par', '请求方法': 'GET', '请求头': '{\"Authorization\":\"Bearer ${token}\",\"Content-Type\":\"application/json;charset=utf-8\"}', '请求参数': None, '期望结果': '{\"$.data.children[0].name\":\"测试绑定\"}', '数据库断言': None, '提取响应字段': '{\"studentId\":\"$.data.children[0].studentId\"}'}"],"tags":[]},{"name":"test_register[case5]","uid":"bd9f0e8d3364a78a","parentUid":"1f88d51d2b7807bc0ba4f57b4859b443","status":"broken","time":{"start":1758694889184,"stop":1758694889193,"duration":9},"flaky":false,"newFailed":false,"newPassed":false,"newBroken":false,"retriesCount":0,"retriesStatusChange":false,"parameters":["{'用例编号': 6, '用例标题': '获取当前用户信息（家长）', '请求地址': 'https://minicourse.test.venhalo.com/api/v1/user/par', '请求方法': 'GET', '请求头': '{\"Authorization\":\"Bearer ${token}\",\"Content-Type\":\"application/json;charset=utf-8\"}', '请求参数': None, '期望结果': '{\"$.data.children[0].name\":\"更新test学生\"}', '数据库断言': None, '提取响应字段': None}"],"tags":[]},{"name":"test_register[case7]","uid":"3c50d24464bc11d3","parentUid":"1f88d51d2b7807bc0ba4f57b4859b443","status":"broken","time":{"start":1758694889264,"stop":1758694889273,"duration":9},"flaky":false,"newFailed":false,"newPassed":false,"newBroken":false,"retriesCount":0,"retriesStatusChange":false,"parameters":["{'用例编号': 8, '用例标题': '获取当前用户信息（家长）', '请求地址': 'https://minicourse.test.venhalo.com/api/v1/user/par', '请求方法': 'GET', '请求头': '{\"Authorization\":\"Bearer ${token}\",\"Content-Type\":\"application/json;charset=utf-8\"}', '请求参数': None, '期望结果': '{\"$.data.children[0].name\":{\"$ne\":\"更新test学生\"}}', '数据库断言': None, '提取响应字段': None}"],"tags":[]},{"name":"test_register[case42]","uid":"1d12705d921df09e","parentUid":"1f88d51d2b7807bc0ba4f57b4859b443","status":"broken","time":{"start":1758694890661,"stop":1758694890669,"duration":8},"flaky":false,"newFailed":false,"newPassed":false,"newBroken":false,"retriesCount":0,"retriesStatusChange":false,"parameters":["{'用例编号': 50, '用例标题': '获取当前用户信息（家长）_正常流程', '请求方法': 'GET', '请求地址': 'https://minicourse.test.venhalo.com/api/v1/user/par', '请求头': '{\"Content-Type\": \"application/json\", \"Authorization\": \"Bearer ${token}\"}', '请求参数': None, '期望结果': '{\"userId\": \"user123\", \"phone\": \"13800138000\", \"nickName\": \"家长昵称\", \"avatarUrl\": \"avatar_url\"}', '数据库断言': None, '提取响应字段': None}"],"tags":[]},{"name":"test_register[case43]","uid":"378d454819202b4a","parentUid":"1f88d51d2b7807bc0ba4f57b4859b443","status":"broken","time":{"start":1758694890693,"stop":1758694890702,"duration":9},"flaky":false,"newFailed":false,"newPassed":false,"newBroken":false,"retriesCount":0,"retriesStatusChange":false,"parameters":["{'用例编号': 51, '用例标题': '获取当前用户信息（家长）_无权限', '请求方法': 'GET', '请求地址': 'https://minicourse.test.venhalo.com/api/v1/user/par', '请求头': '{\"Content-Type\": \"application/json\"}', '请求参数': None, '期望结果': '{\"code\": 401, \"msg\": \"未授权\"}', '数据库断言': None, '提取响应字段': None}"],"tags":[]},{"name":"test_register[case3]","uid":"c76e167cac5700f4","parentUid":"1f88d51d2b7807bc0ba4f57b4859b443","status":"broken","time":{"start":1758694891218,"stop":1758694891226,"duration":8},"flaky":false,"newFailed":false,"newPassed":false,"newBroken":false,"retriesCount":0,"retriesStatusChange":false,"parameters":["{'用例编号': 4, '用例标题': '获取当前用户信息（家长）', '请求地址': 'https://minicourse.test.venhalo.com/api/v1/user/par', '请求方法': 'GET', '请求头': '{\"Authorization\":\"Bearer ${token}\",\"Content-Type\":\"application/json;charset=utf-8\"}', '请求参数': None, '期望结果': '{\"$.data.children[0].name\":\"测试绑定\"}', '数据库断言': None, '提取响应字段': '{\"studentId\":\"$.data.children[0].studentId\"}'}"],"tags":[]},{"name":"test_register[case5]","uid":"8ff8a2f00cd4c5c9","parentUid":"1f88d51d2b7807bc0ba4f57b4859b443","status":"broken","time":{"start":1758694891282,"stop":1758694891291,"duration":9},"flaky":false,"newFailed":false,"newPassed":false,"newBroken":false,"retriesCount":0,"retriesStatusChange":false,"parameters":["{'用例编号': 6, '用例标题': '获取当前用户信息（家长）', '请求地址': 'https://minicourse.test.venhalo.com/api/v1/user/par', '请求方法': 'GET', '请求头': '{\"Authorization\":\"Bearer ${token}\",\"Content-Type\":\"application/json;charset=utf-8\"}', '请求参数': None, '期望结果': '{\"$.data.children[0].name\":\"更新test学生\"}', '数据库断言': None, '提取响应字段': None}"],"tags":[]},{"name":"test_register[case7]","uid":"57d752f2c362ca52","parentUid":"1f88d51d2b7807bc0ba4f57b4859b443","status":"broken","time":{"start":1758694891368,"stop":1758694891377,"duration":9},"flaky":false,"newFailed":false,"newPassed":false,"newBroken":false,"retriesCount":0,"retriesStatusChange":false,"parameters":["{'用例编号': 8, '用例标题': '获取当前用户信息（家长）', '请求地址': 'https://minicourse.test.venhalo.com/api/v1/user/par', '请求方法': 'GET', '请求头': '{\"Authorization\":\"Bearer ${token}\",\"Content-Type\":\"application/json;charset=utf-8\"}', '请求参数': None, '期望结果': '{\"$.data.children[0].name\":{\"$ne\":\"更新test学生\"}}', '数据库断言': None, '提取响应字段': None}"],"tags":[]}],"uid":"1f88d51d2b7807bc0ba4f57b4859b443"},{"name":"requests.exceptions.ProxyError: HTTPSConnectionPool(host='minicourse.test.venhalo.com', port=443): Max retries exceeded with url: /api/v1/user/stu (Caused by ProxyError('Unable to connect to proxy', SSLError(SSLEOFError(8, 'EOF occurred in violation of protocol (_ssl.c:1129)'))))","children":[{"name":"test_register[case4]","uid":"9abf88715fa62aa8","parentUid":"24693c3a0f2cc232b54176ab4f4f39da","status":"broken","time":{"start":1758694889151,"stop":1758694889160,"duration":9},"flaky":false,"newFailed":false,"newPassed":false,"newBroken":false,"retriesCount":0,"retriesStatusChange":false,"parameters":["{'用例编号': 5, '用例标题': '更新学生信息', '请求地址': 'https://minicourse.test.venhalo.com/api/v1/user/stu', '请求方法': 'PUT', '请求头': '{\"Authorization\":\"Bearer ${token}\",\"Content-Type\":\"application/json;charset=utf-8\"}', '请求参数': '{\\n    \"userId\": \"${studentId}\",\\n    \"name\": \"更新test学生\",\\n    \"grade\": \"2\",\\n    \"gender\": \"0\"\\n}', '期望结果': '{\"$.message\":\"更新成功\"}', '数据库断言': '{\"select name from student_info where student_user_id = \\'${studentId}\\';\":\"更新test学生\"}', '提取响应字段': None}"],"tags":[]},{"name":"test_register[case44]","uid":"ca65b66e9d766d8c","parentUid":"24693c3a0f2cc232b54176ab4f4f39da","status":"broken","time":{"start":1758694890727,"stop":1758694890735,"duration":8},"flaky":false,"newFailed":false,"newPassed":false,"newBroken":false,"retriesCount":0,"retriesStatusChange":false,"parameters":["{'用例编号': 52, '用例标题': '学生信息管理_GET_正常流程', '请求方法': 'GET', '请求地址': 'https://minicourse.test.venhalo.com/api/v1/user/stu', '请求头': '{\"Content-Type\": \"application/json\", \"Authorization\": \"Bearer ${token}\"}', '请求参数': None, '期望结果': '{\"studentId\": \"student123\", \"name\": \"学生姓名\", \"age\": 8, \"gender\": \"male\"}', '数据库断言': None, '提取响应字段': None}"],"tags":[]},{"name":"test_register[case45]","uid":"695a80100a274a29","parentUid":"24693c3a0f2cc232b54176ab4f4f39da","status":"broken","time":{"start":1758694890777,"stop":1758694890785,"duration":8},"flaky":false,"newFailed":false,"newPassed":false,"newBroken":false,"retriesCount":0,"retriesStatusChange":false,"parameters":["{'用例编号': 53, '用例标题': '学生信息管理_PUT_正常流程', '请求方法': 'PUT', '请求地址': 'https://minicourse.test.venhalo.com/api/v1/user/stu', '请求头': '{\"Content-Type\": \"application/json\", \"Authorization\": \"Bearer ${token}\"}', '请求参数': '{\"studentId\": \"student123\", \"name\": \"新学生姓名\", \"age\": 9, \"gender\": \"male\"}', '期望结果': '{\"code\": 200, \"msg\": \"操作成功\"}', '数据库断言': None, '提取响应字段': None}"],"tags":[]},{"name":"test_register[case4]","uid":"4aa5eca3e141b2dd","parentUid":"24693c3a0f2cc232b54176ab4f4f39da","status":"broken","time":{"start":1758694891249,"stop":1758694891258,"duration":9},"flaky":false,"newFailed":false,"newPassed":false,"newBroken":false,"retriesCount":0,"retriesStatusChange":false,"parameters":["{'用例编号': 5, '用例标题': '更新学生信息', '请求地址': 'https://minicourse.test.venhalo.com/api/v1/user/stu', '请求方法': 'PUT', '请求头': '{\"Authorization\":\"Bearer ${token}\",\"Content-Type\":\"application/json;charset=utf-8\"}', '请求参数': '{\\n    \"userId\": \"${studentId}\",\\n    \"name\": \"更新test学生\",\\n    \"grade\": \"2\",\\n    \"gender\": \"0\"\\n}', '期望结果': '{\"$.message\":\"更新成功\"}', '数据库断言': '{\"select name from student_info where student_user_id = \\'${studentId}\\';\":\"更新test学生\"}', '提取响应字段': None}"],"tags":[]}],"uid":"24693c3a0f2cc232b54176ab4f4f39da"},{"name":"requests.exceptions.ProxyError: HTTPSConnectionPool(host='minicourse.test.venhalo.com', port=443): Max retries exceeded with url: /api/v1/family/stu/$%7BstudentId%7D (Caused by ProxyError('Unable to connect to proxy', SSLError(SSLEOFError(8, 'EOF occurred in violation of protocol (_ssl.c:1129)'))))","children":[{"name":"test_register[case6]","uid":"429480fe5fb0f216","parentUid":"493ada4cb5b6e05c213e6786239594da","status":"broken","time":{"start":1758694889218,"stop":1758694889227,"duration":9},"flaky":false,"newFailed":false,"newPassed":false,"newBroken":false,"retriesCount":0,"retriesStatusChange":false,"parameters":["{'用例编号': 7, '用例标题': '解绑学生（成功）', '请求地址': 'https://minicourse.test.venhalo.com/api/v1/family/stu/${studentId}', '请求方法': 'DELETE', '请求头': '{\"Authorization\":\"Bearer ${token}\",\"Content-Type\":\"application/json;charset=utf-8\"}', '请求参数': None, '期望结果': '{\"$.message\":\"解绑成功\"}', '数据库断言': None, '提取响应字段': None}"],"tags":[]},{"name":"test_register[case6]","uid":"e3840e88c0741e52","parentUid":"493ada4cb5b6e05c213e6786239594da","status":"broken","time":{"start":1758694891330,"stop":1758694891341,"duration":11},"flaky":false,"newFailed":false,"newPassed":false,"newBroken":false,"retriesCount":0,"retriesStatusChange":false,"parameters":["{'用例编号': 7, '用例标题': '解绑学生（成功）', '请求地址': 'https://minicourse.test.venhalo.com/api/v1/family/stu/${studentId}', '请求方法': 'DELETE', '请求头': '{\"Authorization\":\"Bearer ${token}\",\"Content-Type\":\"application/json;charset=utf-8\"}', '请求参数': None, '期望结果': '{\"$.message\":\"解绑成功\"}', '数据库断言': None, '提取响应字段': None}"],"tags":[]}],"uid":"493ada4cb5b6e05c213e6786239594da"},{"name":"requests.exceptions.ProxyError: HTTPSConnectionPool(host='minicourse.test.venhalo.com', port=443): Max retries exceeded with url: /api/v1/auth/wx/login (Caused by ProxyError('Unable to connect to proxy', SSLError(SSLEOFError(8, 'EOF occurred in violation of protocol (_ssl.c:1129)'))))","children":[{"name":"test_register[case0]","uid":"5aca953ce5cbae69","parentUid":"b5613e638757dfefaf064ca225e76d19","status":"broken","time":{"start":1758694889296,"stop":1758694889305,"duration":9},"flaky":false,"newFailed":false,"newPassed":false,"newBroken":false,"retriesCount":0,"retriesStatusChange":false,"parameters":["{'用例编号': 1, '用例标题': '微信登录_正常流程', '请求方法': 'POST', '请求地址': 'https://minicourse.test.venhalo.com/api/v1/auth/wx/login', '请求头': '{\"Content-Type\": \"application/json\"}', '请求参数': '{\"code\": \"valid_code\"}', '期望结果': '{\"isBindPhone\": true, \"token\": \"token_string\", \"sessionId\": \"session_id\"}', '数据库断言': None, '提取响应字段': None}"],"tags":[]},{"name":"test_register[case1]","uid":"8b2bb3a23d9a3611","parentUid":"b5613e638757dfefaf064ca225e76d19","status":"broken","time":{"start":1758694889330,"stop":1758694889339,"duration":9},"flaky":false,"newFailed":false,"newPassed":false,"newBroken":false,"retriesCount":0,"retriesStatusChange":false,"parameters":["{'用例编号': 2, '用例标题': '微信登录_无效code', '请求方法': 'POST', '请求地址': 'https://minicourse.test.venhalo.com/api/v1/auth/wx/login', '请求头': '{\"Content-Type\": \"application/json\"}', '请求参数': '{\"code\": \"invalid_code\"}', '期望结果': '{\"code\": 400, \"msg\": \"无效的code\"}', '数据库断言': None, '提取响应字段': None}"],"tags":[]},{"name":"test_register[case2]","uid":"ed4594ed127970e9","parentUid":"b5613e638757dfefaf064ca225e76d19","status":"broken","time":{"start":1758694889365,"stop":1758694889374,"duration":9},"flaky":false,"newFailed":false,"newPassed":false,"newBroken":false,"retriesCount":0,"retriesStatusChange":false,"parameters":["{'用例编号': 3, '用例标题': '微信登录_空code', '请求方法': 'POST', '请求地址': 'https://minicourse.test.venhalo.com/api/v1/auth/wx/login', '请求头': '{\"Content-Type\": \"application/json\"}', '请求参数': '{\"code\": \"\"}', '期望结果': '{\"code\": 400, \"msg\": \"code不能为空\"}', '数据库断言': None, '提取响应字段': None}"],"tags":[]}],"uid":"b5613e638757dfefaf064ca225e76d19"},{"name":"requests.exceptions.ProxyError: HTTPSConnectionPool(host='minicourse.test.venhalo.com', port=443): Max retries exceeded with url: /api/v1/auth/wx/phone (Caused by ProxyError('Unable to connect to proxy', SSLError(SSLEOFError(8, 'EOF occurred in violation of protocol (_ssl.c:1129)'))))","children":[{"name":"test_register[case3]","uid":"92042011af99e8f8","parentUid":"01fd901964c4bf8642764b258fa0e471","status":"broken","time":{"start":1758694889412,"stop":1758694889420,"duration":8},"flaky":false,"newFailed":false,"newPassed":false,"newBroken":false,"retriesCount":0,"retriesStatusChange":false,"parameters":["{'用例编号': 4, '用例标题': '微信手机号授权_正常流程', '请求方法': 'POST', '请求地址': 'https://minicourse.test.venhalo.com/api/v1/auth/wx/phone', '请求头': '{\"Content-Type\": \"application/json\"}', '请求参数': '{\"encryptedData\": \"encrypted_data\", \"iv\": \"initial_vector\", \"sessionId\": \"valid_session_id\"}', '期望结果': '{\"token\": \"token_string\"}', '数据库断言': None, '提取响应字段': None}"],"tags":[]},{"name":"test_register[case4]","uid":"2ad92f4fe77a8017","parentUid":"01fd901964c4bf8642764b258fa0e471","status":"broken","time":{"start":1758694889444,"stop":1758694889452,"duration":8},"flaky":false,"newFailed":false,"newPassed":false,"newBroken":false,"retriesCount":0,"retriesStatusChange":false,"parameters":["{'用例编号': 5, '用例标题': '微信手机号授权_无效sessionId', '请求方法': 'POST', '请求地址': 'https://minicourse.test.venhalo.com/api/v1/auth/wx/phone', '请求头': '{\"Content-Type\": \"application/json\"}', '请求参数': '{\"encryptedData\": \"encrypted_data\", \"iv\": \"initial_vector\", \"sessionId\": \"invalid_session_id\"}', '期望结果': '{\"code\": 401, \"msg\": \"会话已过期\"}', '数据库断言': None, '提取响应字段': None}"],"tags":[]},{"name":"test_register[case5]","uid":"d76b71d6874eff10","parentUid":"01fd901964c4bf8642764b258fa0e471","status":"broken","time":{"start":1758694889477,"stop":1758694889486,"duration":9},"flaky":false,"newFailed":false,"newPassed":false,"newBroken":false,"retriesCount":0,"retriesStatusChange":false,"parameters":["{'用例编号': 6, '用例标题': '微信手机号授权_缺少参数', '请求方法': 'POST', '请求地址': 'https://minicourse.test.venhalo.com/api/v1/auth/wx/phone', '请求头': '{\"Content-Type\": \"application/json\"}', '请求参数': '{\"encryptedData\": \"encrypted_data\"}', '期望结果': '{\"code\": 400, \"msg\": \"缺少必要参数\"}', '数据库断言': None, '提取响应字段': None}"],"tags":[]}],"uid":"01fd901964c4bf8642764b258fa0e471"},{"name":"requests.exceptions.ProxyError: HTTPSConnectionPool(host='minicourse.test.venhalo.com', port=443): Max retries exceeded with url: /api/v1/auth/dy/login (Caused by ProxyError('Unable to connect to proxy', SSLError(SSLEOFError(8, 'EOF occurred in violation of protocol (_ssl.c:1129)'))))","children":[{"name":"test_register[case6]","uid":"9089ea50c32cb1b2","parentUid":"7180a412a20898c731282974af8d7edf","status":"broken","time":{"start":1758694889509,"stop":1758694889518,"duration":9},"flaky":false,"newFailed":false,"newPassed":false,"newBroken":false,"retriesCount":0,"retriesStatusChange":false,"parameters":["{'用例编号': 7, '用例标题': '抖音登录_正常流程', '请求方法': 'POST', '请求地址': 'https://minicourse.test.venhalo.com/api/v1/auth/dy/login', '请求头': '{\"Content-Type\": \"application/json\"}', '请求参数': '{\"code\": \"valid_code\"}', '期望结果': '{\"isBindPhone\": true, \"token\": \"token_string\", \"sessionId\": \"session_id\"}', '数据库断言': None, '提取响应字段': None}"],"tags":[]},{"name":"test_register[case7]","uid":"8defe410ed57c2c6","parentUid":"7180a412a20898c731282974af8d7edf","status":"broken","time":{"start":1758694889542,"stop":1758694889551,"duration":9},"flaky":false,"newFailed":false,"newPassed":false,"newBroken":false,"retriesCount":0,"retriesStatusChange":false,"parameters":["{'用例编号': 8, '用例标题': '抖音登录_无效code', '请求方法': 'POST', '请求地址': 'https://minicourse.test.venhalo.com/api/v1/auth/dy/login', '请求头': '{\"Content-Type\": \"application/json\"}', '请求参数': '{\"code\": \"invalid_code\"}', '期望结果': '{\"code\": 400, \"msg\": \"无效的code\"}', '数据库断言': None, '提取响应字段': None}"],"tags":[]},{"name":"test_register[case8]","uid":"f55bb9ac6459e8b9","parentUid":"7180a412a20898c731282974af8d7edf","status":"broken","time":{"start":1758694889589,"stop":1758694889598,"duration":9},"flaky":false,"newFailed":false,"newPassed":false,"newBroken":false,"retriesCount":0,"retriesStatusChange":false,"parameters":["{'用例编号': 9, '用例标题': '抖音登录_空code', '请求方法': 'POST', '请求地址': 'https://minicourse.test.venhalo.com/api/v1/auth/dy/login', '请求头': '{\"Content-Type\": \"application/json\"}', '请求参数': '{\"code\": \"\"}', '期望结果': '{\"code\": 400, \"msg\": \"code不能为空\"}', '数据库断言': None, '提取响应字段': None}"],"tags":[]}],"uid":"7180a412a20898c731282974af8d7edf"},{"name":"requests.exceptions.ProxyError: HTTPSConnectionPool(host='minicourse.test.venhalo.com', port=443): Max retries exceeded with url: /api/v1/auth/dy/phone (Caused by ProxyError('Unable to connect to proxy', SSLError(SSLEOFError(8, 'EOF occurred in violation of protocol (_ssl.c:1129)'))))","children":[{"name":"test_register[case9]","uid":"fa3520623e56f2e7","parentUid":"abd1db5ca1d966bb12e0b324225319c3","status":"broken","time":{"start":1758694889622,"stop":1758694889631,"duration":9},"flaky":false,"newFailed":false,"newPassed":false,"newBroken":false,"retriesCount":0,"retriesStatusChange":false,"parameters":["{'用例编号': 10, '用例标题': '抖音手机号授权_正常流程', '请求方法': 'POST', '请求地址': 'https://minicourse.test.venhalo.com/api/v1/auth/dy/phone', '请求头': '{\"Content-Type\": \"application/json\"}', '请求参数': '{\"encryptedData\": \"encrypted_data\", \"iv\": \"initial_vector\", \"sessionId\": \"valid_session_id\"}', '期望结果': '{\"token\": \"token_string\"}', '数据库断言': None, '提取响应字段': None}"],"tags":[]},{"name":"test_register[case10]","uid":"a5774853ccdf16dc","parentUid":"abd1db5ca1d966bb12e0b324225319c3","status":"broken","time":{"start":1758694889654,"stop":1758694889663,"duration":9},"flaky":false,"newFailed":false,"newPassed":false,"newBroken":false,"retriesCount":0,"retriesStatusChange":false,"parameters":["{'用例编号': 11, '用例标题': '抖音手机号授权_无效sessionId', '请求方法': 'POST', '请求地址': 'https://minicourse.test.venhalo.com/api/v1/auth/dy/phone', '请求头': '{\"Content-Type\": \"application/json\"}', '请求参数': '{\"encryptedData\": \"encrypted_data\", \"iv\": \"initial_vector\", \"sessionId\": \"invalid_session_id\"}', '期望结果': '{\"code\": 401, \"msg\": \"会话已过期\"}', '数据库断言': None, '提取响应字段': None}"],"tags":[]}],"uid":"abd1db5ca1d966bb12e0b324225319c3"},{"name":"requests.exceptions.ProxyError: HTTPSConnectionPool(host='minicourse.test.venhalo.com', port=443): Max retries exceeded with url: /api/v1/minicourse/list (Caused by ProxyError('Unable to connect to proxy', SSLError(SSLEOFError(8, 'EOF occurred in violation of protocol (_ssl.c:1129)'))))","children":[{"name":"test_register[case13]","uid":"3a35da220a0a7063","parentUid":"12144e5f819c33304535036b316ce632","status":"broken","time":{"start":1758694889765,"stop":1758694889773,"duration":8},"flaky":false,"newFailed":false,"newPassed":false,"newBroken":false,"retriesCount":0,"retriesStatusChange":false,"parameters":["{'用例编号': 14, '用例标题': '获取学情课包列表_正常流程', '请求方法': 'GET', '请求地址': 'https://minicourse.test.venhalo.com/api/v1/minicourse/list', '请求头': '{\"Content-Type\": \"application/json\", \"Authorization\": \"Bearer ${token}\"}', '请求参数': None, '期望结果': '{\"minicourseList\": []}', '数据库断言': None, '提取响应字段': None}"],"tags":[]},{"name":"test_register[case14]","uid":"720cc9843d722737","parentUid":"12144e5f819c33304535036b316ce632","status":"broken","time":{"start":1758694889799,"stop":1758694889808,"duration":9},"flaky":false,"newFailed":false,"newPassed":false,"newBroken":false,"retriesCount":0,"retriesStatusChange":false,"parameters":["{'用例编号': 15, '用例标题': '获取学情课包列表_无权限', '请求方法': 'GET', '请求地址': 'https://minicourse.test.venhalo.com/api/v1/minicourse/list', '请求头': '{\"Content-Type\": \"application/json\"}', '请求参数': None, '期望结果': '{\"code\": 401, \"msg\": \"未授权\"}', '数据库断言': None, '提取响应字段': None}"],"tags":[]}],"uid":"12144e5f819c33304535036b316ce632"},{"name":"requests.exceptions.ProxyError: HTTPSConnectionPool(host='minicourse.test.venhalo.com', port=443): Max retries exceeded with url: /api/v1/minicourse/par/list (Caused by ProxyError('Unable to connect to proxy', SSLError(SSLEOFError(8, 'EOF occurred in violation of protocol (_ssl.c:1129)'))))","children":[{"name":"test_register[case15]","uid":"31e46ba6720e639a","parentUid":"6c102fc8c970ffa7c92aa7a16bfd45f9","status":"broken","time":{"start":1758694889834,"stop":1758694889844,"duration":10},"flaky":false,"newFailed":false,"newPassed":false,"newBroken":false,"retriesCount":0,"retriesStatusChange":false,"parameters":["{'用例编号': 16, '用例标题': '分页获取我的小课包列表【家长端】_正常流程', '请求方法': 'POST', '请求地址': 'https://minicourse.test.venhalo.com/api/v1/minicourse/par/list', '请求头': '{\"Content-Type\": \"application/json\", \"Authorization\": \"Bearer ${token}\"}', '请求参数': '{\"status\": \"0\", \"page\": 1, \"pageSize\": 10}', '期望结果': '{\"minicourseList\": [], \"total\": 0, \"page\": 1, \"pageSize\": 10}', '数据库断言': None, '提取响应字段': None}"],"tags":[]},{"name":"test_register[case16]","uid":"e321c9fa7f9ac192","parentUid":"6c102fc8c970ffa7c92aa7a16bfd45f9","status":"broken","time":{"start":1758694889868,"stop":1758694889877,"duration":9},"flaky":false,"newFailed":false,"newPassed":false,"newBroken":false,"retriesCount":0,"retriesStatusChange":false,"parameters":["{'用例编号': 17, '用例标题': '分页获取我的小课包列表【家长端】_无效状态', '请求方法': 'POST', '请求地址': 'https://minicourse.test.venhalo.com/api/v1/minicourse/par/list', '请求头': '{\"Content-Type\": \"application/json\", \"Authorization\": \"Bearer ${token}\"}', '请求参数': '{\"status\": \"999\", \"page\": 1, \"pageSize\": 10}', '期望结果': '{\"code\": 400, \"msg\": \"无效的状态值\"}', '数据库断言': None, '提取响应字段': None}"],"tags":[]},{"name":"test_register[case17]","uid":"49b84f3b1819f63b","parentUid":"6c102fc8c970ffa7c92aa7a16bfd45f9","status":"broken","time":{"start":1758694889901,"stop":1758694889909,"duration":8},"flaky":false,"newFailed":false,"newPassed":false,"newBroken":false,"retriesCount":0,"retriesStatusChange":false,"parameters":["{'用例编号': 18, '用例标题': '分页获取我的小课包列表【家长端】_分页参数错误', '请求方法': 'POST', '请求地址': 'https://minicourse.test.venhalo.com/api/v1/minicourse/par/list', '请求头': '{\"Content-Type\": \"application/json\", \"Authorization\": \"Bearer ${token}\"}', '请求参数': '{\"status\": \"0\", \"page\": 0, \"pageSize\": 10}', '期望结果': '{\"code\": 400, \"msg\": \"分页参数错误\"}', '数据库断言': None, '提取响应字段': None}"],"tags":[]}],"uid":"6c102fc8c970ffa7c92aa7a16bfd45f9"},{"name":"requests.exceptions.ProxyError: HTTPSConnectionPool(host='minicourse.test.venhalo.com', port=443): Max retries exceeded with url: /api/v1/minicourse/stu/list (Caused by ProxyError('Unable to connect to proxy', SSLError(SSLEOFError(8, 'EOF occurred in violation of protocol (_ssl.c:1129)'))))","children":[{"name":"test_register[case18]","uid":"fa23c8745d02f52c","parentUid":"3ff72895c9f70de057dde669c7ec8ffe","status":"broken","time":{"start":1758694889947,"stop":1758694889955,"duration":8},"flaky":false,"newFailed":false,"newPassed":false,"newBroken":false,"retriesCount":0,"retriesStatusChange":false,"parameters":["{'用例编号': 19, '用例标题': '分页获取我的小课包列表【学生端】_正常流程', '请求方法': 'POST', '请求地址': 'https://minicourse.test.venhalo.com/api/v1/minicourse/stu/list', '请求头': '{\"Content-Type\": \"application/json\", \"Authorization\": \"Bearer ${token}\"}', '请求参数': '{\"page\": 1, \"pageSize\": 10}', '期望结果': '{\"minicourseList\": [], \"total\": 0, \"page\": 1, \"pageSize\": 10}', '数据库断言': None, '提取响应字段': None}"],"tags":[]}],"uid":"3ff72895c9f70de057dde669c7ec8ffe"},{"name":"TypeError: the JSON object must be str, bytes or bytearray, not NoneType","children":[{"name":"test_register[case19]","uid":"4833d5d46a96843e","parentUid":"7da79e8fc376b9087c95024f4bafecc7","status":"broken","time":{"start":1758694889980,"stop":1758694889981,"duration":1},"flaky":false,"newFailed":false,"newPassed":false,"newBroken":false,"retriesCount":0,"retriesStatusChange":false,"parameters":["{'用例编号': 20, '用例标题': '分页获取我的小课包列表【学生端】_无权限', '请求方法': 'POST', '请求地址': 'https://minicourse.test.venhalo.com/api/v1/minicourse/stu/list', '请求头': '{\"Content-Type\": \"application/json\"}', '请求参数': None, '期望结果': '{\"code\": 401, \"msg\": \"未授权\"}', '数据库断言': None, '提取响应字段': None}"],"tags":[]}],"uid":"7da79e8fc376b9087c95024f4bafecc7"},{"name":"requests.exceptions.ProxyError: HTTPSConnectionPool(host='minicourse.test.venhalo.com', port=443): Max retries exceeded with url: /api/v1/situation/student (Caused by ProxyError('Unable to connect to proxy', SSLError(SSLEOFError(8, 'EOF occurred in violation of protocol (_ssl.c:1129)'))))","children":[{"name":"test_register[case20]","uid":"9b72311ca66fab49","parentUid":"80db54188fd8ab047848620d0b18c1d7","status":"broken","time":{"start":1758694889987,"stop":1758694889998,"duration":11},"flaky":false,"newFailed":false,"newPassed":false,"newBroken":false,"retriesCount":0,"retriesStatusChange":false,"parameters":["{'用例编号': 25, '用例标题': '获取学情信息_正常流程', '请求方法': 'POST', '请求地址': 'https://minicourse.test.venhalo.com/api/v1/situation/student', '请求头': '{\"Content-Type\": \"application/json\", \"Authorization\": \"Bearer ${token}\"}', '请求参数': '{\"studentId\": \"student123\"}', '期望结果': '{\"studentId\": \"student123\", \"learningStatus\": \"learning\"}', '数据库断言': None, '提取响应字段': None}"],"tags":[]},{"name":"test_register[case21]","uid":"36ccabc80ae1c1d0","parentUid":"80db54188fd8ab047848620d0b18c1d7","status":"broken","time":{"start":1758694890022,"stop":1758694890031,"duration":9},"flaky":false,"newFailed":false,"newPassed":false,"newBroken":false,"retriesCount":0,"retriesStatusChange":false,"parameters":["{'用例编号': 26, '用例标题': '获取学情信息_缺少学生ID', '请求方法': 'POST', '请求地址': 'https://minicourse.test.venhalo.com/api/v1/situation/student', '请求头': '{\"Content-Type\": \"application/json\", \"Authorization\": \"Bearer ${token}\"}', '请求参数': '{}', '期望结果': '{\"code\": 400, \"msg\": \"缺少学生ID\"}', '数据库断言': None, '提取响应字段': None}"],"tags":[]}],"uid":"80db54188fd8ab047848620d0b18c1d7"},{"name":"AttributeError: 'NoneType' object has no attribute 'status_code'","children":[{"name":"test_register[case22]","uid":"30647d17be75a246","parentUid":"7a38ce2d24faa1d3962a0a7ed03971a4","status":"broken","time":{"start":1758694890055,"stop":1758694890057,"duration":2},"flaky":false,"newFailed":false,"newPassed":false,"newBroken":false,"retriesCount":0,"retriesStatusChange":false,"parameters":["{'用例编号': 27, '用例标题': '更新学生学习状态【正在学习】_正常流程', '请求方法': 'PATCH', '请求地址': 'https://minicourse.test.venhalo.com/api/v1/situation/start', '请求头': '{\"Content-Type\": \"application/json\", \"Authorization\": \"Bearer ${token}\"}', '请求参数': '{\"minicourseId\": \"course123\"}', '期望结果': '{\"code\": 200, \"msg\": \"操作成功\"}', '数据库断言': None, '提取响应字段': None}"],"tags":[]},{"name":"test_register[case23]","uid":"e2f4765b12c8269d","parentUid":"7a38ce2d24faa1d3962a0a7ed03971a4","status":"broken","time":{"start":1758694890062,"stop":1758694890063,"duration":1},"flaky":false,"newFailed":false,"newPassed":false,"newBroken":false,"retriesCount":0,"retriesStatusChange":false,"parameters":["{'用例编号': 28, '用例标题': '更新学生学习状态【正在学习】_无效课程ID', '请求方法': 'PATCH', '请求地址': 'https://minicourse.test.venhalo.com/api/v1/situation/start', '请求头': '{\"Content-Type\": \"application/json\", \"Authorization\": \"Bearer ${token}\"}', '请求参数': '{\"minicourseId\": \"invalid_id\"}', '期望结果': '{\"code\": 404, \"msg\": \"课程不存在\"}', '数据库断言': None, '提取响应字段': None}"],"tags":[]},{"name":"test_register[case35]","uid":"9119f033944e9d14","parentUid":"7a38ce2d24faa1d3962a0a7ed03971a4","status":"broken","time":{"start":1758694890473,"stop":1758694890474,"duration":1},"flaky":false,"newFailed":false,"newPassed":false,"newBroken":false,"retriesCount":0,"retriesStatusChange":false,"parameters":["{'用例编号': 43, '用例标题': '微信支付回调_正常流程', '请求方法': 'POST', '请求地址': 'https://minicourse.test.venhalo.com/api/v1/payment/wx/pay/callback', '请求头': '{\"Content-Type\": \"application/xml\"}', '请求参数': 'xml_data', '期望结果': '<xml><return_code><![CDATA[SUCCESS]]></return_code><return_msg><![CDATA[OK]]></return_msg></xml>', '数据库断言': None, '提取响应字段': None}"],"tags":[]},{"name":"test_register[case41]","uid":"f68d73284d59c91c","parentUid":"7a38ce2d24faa1d3962a0a7ed03971a4","status":"broken","time":{"start":1758694890655,"stop":1758694890656,"duration":1},"flaky":false,"newFailed":false,"newPassed":false,"newBroken":false,"retriesCount":0,"retriesStatusChange":false,"parameters":["{'用例编号': 49, '用例标题': '微信退款回调_正常流程', '请求方法': 'POST', '请求地址': 'https://minicourse.test.venhalo.com/api/v1/payment/wx/refund/callback', '请求头': '{\"Content-Type\": \"application/xml\"}', '请求参数': 'xml_data', '期望结果': '<xml><return_code><![CDATA[SUCCESS]]></return_code><return_msg><![CDATA[OK]]></return_msg></xml>', '数据库断言': None, '提取响应字段': None}"],"tags":[]}],"uid":"7a38ce2d24faa1d3962a0a7ed03971a4"},{"name":"requests.exceptions.ProxyError: HTTPSConnectionPool(host='minicourse.test.venhalo.com', port=443): Max retries exceeded with url: /api/v1/situation/end (Caused by ProxyError('Unable to connect to proxy', SSLError(SSLEOFError(8, 'EOF occurred in violation of protocol (_ssl.c:1129)'))))","children":[{"name":"test_register[case24]","uid":"d5520c861a5acac7","parentUid":"08304317ba32afa62d674c42ac200e51","status":"broken","time":{"start":1758694890069,"stop":1758694890077,"duration":8},"flaky":false,"newFailed":false,"newPassed":false,"newBroken":false,"retriesCount":0,"retriesStatusChange":false,"parameters":["{'用例编号': 29, '用例标题': '标记当天课程结束_正常流程', '请求方法': 'POST', '请求地址': 'https://minicourse.test.venhalo.com/api/v1/situation/end', '请求头': '{\"Content-Type\": \"application/json\", \"Authorization\": \"Bearer ${token}\"}', '请求参数': '{\"minicourseId\": \"course123\"}', '期望结果': '{\"code\": 200, \"msg\": \"操作成功\"}', '数据库断言': None, '提取响应字段': None}"],"tags":[]},{"name":"test_register[case25]","uid":"2e8c60547d0bf88c","parentUid":"08304317ba32afa62d674c42ac200e51","status":"broken","time":{"start":1758694890113,"stop":1758694890122,"duration":9},"flaky":false,"newFailed":false,"newPassed":false,"newBroken":false,"retriesCount":0,"retriesStatusChange":false,"parameters":["{'用例编号': 30, '用例标题': '标记当天课程结束_未学习', '请求方法': 'POST', '请求地址': 'https://minicourse.test.venhalo.com/api/v1/situation/end', '请求头': '{\"Content-Type\": \"application/json\", \"Authorization\": \"Bearer ${token}\"}', '请求参数': '{\"minicourseId\": \"course456\"}', '期望结果': '{\"code\": 400, \"msg\": \"课程未开始学习\"}', '数据库断言': None, '提取响应字段': None}"],"tags":[]}],"uid":"08304317ba32afa62d674c42ac200e51"},{"name":"requests.exceptions.ProxyError: HTTPSConnectionPool(host='minicourse.test.venhalo.com', port=443): Max retries exceeded with url: /api/v1/interaction/message (Caused by ProxyError('Unable to connect to proxy', SSLError(SSLEOFError(8, 'EOF occurred in violation of protocol (_ssl.c:1129)'))))","children":[{"name":"test_register[case26]","uid":"5a79a84ddaaea5ce","parentUid":"a5d9ef0522fd887aea545fc743569c23","status":"broken","time":{"start":1758694890145,"stop":1758694890154,"duration":9},"flaky":false,"newFailed":false,"newPassed":false,"newBroken":false,"retriesCount":0,"retriesStatusChange":false,"parameters":["{'用例编号': 33, '用例标题': '学生推送操作信息_正常流程', '请求方法': 'POST', '请求地址': 'https://minicourse.test.venhalo.com/api/v1/interaction/message', '请求头': '{\"Content-Type\": \"application/json\", \"Authorization\": \"Bearer ${token}\"}', '请求参数': '{\"content\": \"学习了一节课\", \"type\": \"learning\"}', '期望结果': '{\"code\": 200, \"msg\": \"操作成功\"}', '数据库断言': None, '提取响应字段': None}"],"tags":[]},{"name":"test_register[case27]","uid":"d56f5479a4e97191","parentUid":"a5d9ef0522fd887aea545fc743569c23","status":"broken","time":{"start":1758694890177,"stop":1758694890185,"duration":8},"flaky":false,"newFailed":false,"newPassed":false,"newBroken":false,"retriesCount":0,"retriesStatusChange":false,"parameters":["{'用例编号': 34, '用例标题': '学生推送操作信息_无效类型', '请求方法': 'POST', '请求地址': 'https://minicourse.test.venhalo.com/api/v1/interaction/message', '请求头': '{\"Content-Type\": \"application/json\", \"Authorization\": \"Bearer ${token}\"}', '请求参数': '{\"content\": \"学习了一节课\", \"type\": \"invalid_type\"}', '期望结果': '{\"code\": 400, \"msg\": \"无效的消息类型\"}', '数据库断言': None, '提取响应字段': None}"],"tags":[]}],"uid":"a5d9ef0522fd887aea545fc743569c23"},{"name":"requests.exceptions.ProxyError: HTTPSConnectionPool(host='minicourse.test.venhalo.com', port=443): Max retries exceeded with url: /api/v1/interaction/encouragement/student123 (Caused by ProxyError('Unable to connect to proxy', SSLError(SSLEOFError(8, 'EOF occurred in violation of protocol (_ssl.c:1129)'))))","children":[{"name":"test_register[case28]","uid":"c604e5aa551588d","parentUid":"2a9111c0d22c437faa2d65c0185121ff","status":"broken","time":{"start":1758694890209,"stop":1758694890217,"duration":8},"flaky":false,"newFailed":false,"newPassed":false,"newBroken":false,"retriesCount":0,"retriesStatusChange":false,"parameters":["{'用例编号': 36, '用例标题': '家长学生互动鼓励信息_POST_正常流程', '请求方法': 'POST', '请求地址': 'https://minicourse.test.venhalo.com/api/v1/interaction/encouragement/student123', '请求头': '{\"Content-Type\": \"application/json\", \"Authorization\": \"Bearer ${token}\"}', '请求参数': '{\"content\": \"继续加油！\"}', '期望结果': '{\"code\": 200, \"msg\": \"操作成功\"}', '数据库断言': None, '提取响应字段': None}"],"tags":[]}],"uid":"2a9111c0d22c437faa2d65c0185121ff"},{"name":"requests.exceptions.ProxyError: HTTPSConnectionPool(host='minicourse.test.venhalo.com', port=443): Max retries exceeded with url: /api/v1/order/list (Caused by ProxyError('Unable to connect to proxy', SSLError(SSLEOFError(8, 'EOF occurred in violation of protocol (_ssl.c:1129)'))))","children":[{"name":"test_register[case29]","uid":"bdff97da0ff1bc42","parentUid":"bd966afb388489643953c2d029336007","status":"broken","time":{"start":1758694890242,"stop":1758694890251,"duration":9},"flaky":false,"newFailed":false,"newPassed":false,"newBroken":false,"retriesCount":0,"retriesStatusChange":false,"parameters":["{'用例编号': 37, '用例标题': '获取订单列表（分页）_正常流程', '请求方法': 'POST', '请求地址': 'https://minicourse.test.venhalo.com/api/v1/order/list', '请求头': '{\"Content-Type\": \"application/json\", \"Authorization\": \"Bearer ${token}\"}', '请求参数': '{\"page\": 1, \"pageSize\": 10}', '期望结果': '{\"orders\": [], \"total\": 0, \"page\": 1, \"pageSize\": 10}', '数据库断言': None, '提取响应字段': None}"],"tags":[]},{"name":"test_register[case30]","uid":"87db302f86bb9d","parentUid":"bd966afb388489643953c2d029336007","status":"broken","time":{"start":1758694890288,"stop":1758694890296,"duration":8},"flaky":false,"newFailed":false,"newPassed":false,"newBroken":false,"retriesCount":0,"retriesStatusChange":false,"parameters":["{'用例编号': 38, '用例标题': '获取订单列表（分页）_分页参数错误', '请求方法': 'POST', '请求地址': 'https://minicourse.test.venhalo.com/api/v1/order/list', '请求头': '{\"Content-Type\": \"application/json\", \"Authorization\": \"Bearer ${token}\"}', '请求参数': '{\"page\": -1, \"pageSize\": 10}', '期望结果': '{\"code\": 400, \"msg\": \"分页参数错误\"}', '数据库断言': None, '提取响应字段': None}"],"tags":[]}],"uid":"bd966afb388489643953c2d029336007"},{"name":"requests.exceptions.ProxyError: HTTPSConnectionPool(host='minicourse.test.venhalo.com', port=443): Max retries exceeded with url: /api/v1/order/order123 (Caused by ProxyError('Unable to connect to proxy', SSLError(SSLEOFError(8, 'EOF occurred in violation of protocol (_ssl.c:1129)'))))","children":[{"name":"test_register[case31]","uid":"3fbccc9f7f65a0ef","parentUid":"d2563abf5bebce918ec4847e531265c3","status":"broken","time":{"start":1758694890321,"stop":1758694890329,"duration":8},"flaky":false,"newFailed":false,"newPassed":false,"newBroken":false,"retriesCount":0,"retriesStatusChange":false,"parameters":["{'用例编号': 39, '用例标题': '获取订单详情_正常流程', '请求方法': 'GET', '请求地址': 'https://minicourse.test.venhalo.com/api/v1/order/order123', '请求头': '{\"Content-Type\": \"application/json\", \"Authorization\": \"Bearer ${token}\"}', '请求参数': None, '期望结果': '{\"orderId\": \"order123\", \"amount\": 99.99, \"status\": \"paid\"}', '数据库断言': None, '提取响应字段': None}"],"tags":[]}],"uid":"d2563abf5bebce918ec4847e531265c3"},{"name":"requests.exceptions.ProxyError: HTTPSConnectionPool(host='minicourse.test.venhalo.com', port=443): Max retries exceeded with url: /api/v1/order/invalid_id (Caused by ProxyError('Unable to connect to proxy', SSLError(SSLEOFError(8, 'EOF occurred in violation of protocol (_ssl.c:1129)'))))","children":[{"name":"test_register[case32]","uid":"fa8e7bc7bef6002f","parentUid":"5fa84bd5b629ca8536f8654b696040ee","status":"broken","time":{"start":1758694890353,"stop":1758694890362,"duration":9},"flaky":false,"newFailed":false,"newPassed":false,"newBroken":false,"retriesCount":0,"retriesStatusChange":false,"parameters":["{'用例编号': 40, '用例标题': '获取订单详情_无效ID', '请求方法': 'GET', '请求地址': 'https://minicourse.test.venhalo.com/api/v1/order/invalid_id', '请求头': '{\"Content-Type\": \"application/json\", \"Authorization\": \"Bearer ${token}\"}', '请求参数': None, '期望结果': '{\"code\": 404, \"msg\": \"订单不存在\"}', '数据库断言': None, '提取响应字段': None}"],"tags":[]}],"uid":"5fa84bd5b629ca8536f8654b696040ee"},{"name":"requests.exceptions.ProxyError: HTTPSConnectionPool(host='minicourse.test.venhalo.com', port=443): Max retries exceeded with url: /api/v1/payment/wx/creation (Caused by ProxyError('Unable to connect to proxy', SSLError(SSLEOFError(8, 'EOF occurred in violation of protocol (_ssl.c:1129)'))))","children":[{"name":"test_register[case33]","uid":"b7bd85b98827a3c","parentUid":"eb105abdf100ad9a0a4581da6807a2a6","status":"broken","time":{"start":1758694890385,"stop":1758694890394,"duration":9},"flaky":false,"newFailed":false,"newPassed":false,"newBroken":false,"retriesCount":0,"retriesStatusChange":false,"parameters":["{'用例编号': 41, '用例标题': '微信支付创建订单（预支付）_正常流程', '请求方法': 'POST', '请求地址': 'https://minicourse.test.venhalo.com/api/v1/payment/wx/creation', '请求头': '{\"Content-Type\": \"application/json\", \"Authorization\": \"Bearer ${token}\"}', '请求参数': '{\"minicourseId\": \"course123\", \"amount\": 99.99, \"subject\": \"课程购买\"}', '期望结果': '{\"orderId\": \"order123\", \"prepayId\": \"prepay123\"}', '数据库断言': None, '提取响应字段': None}"],"tags":[]},{"name":"test_register[case34]","uid":"9c32b43774f7fce7","parentUid":"eb105abdf100ad9a0a4581da6807a2a6","status":"broken","time":{"start":1758694890439,"stop":1758694890448,"duration":9},"flaky":false,"newFailed":false,"newPassed":false,"newBroken":false,"retriesCount":0,"retriesStatusChange":false,"parameters":["{'用例编号': 42, '用例标题': '微信支付创建订单（预支付）_金额为0', '请求方法': 'POST', '请求地址': 'https://minicourse.test.venhalo.com/api/v1/payment/wx/creation', '请求头': '{\"Content-Type\": \"application/json\", \"Authorization\": \"Bearer ${token}\"}', '请求参数': '{\"minicourseId\": \"course123\", \"amount\": 0, \"subject\": \"课程购买\"}', '期望结果': '{\"code\": 400, \"msg\": \"支付金额不能为0\"}', '数据库断言': None, '提取响应字段': None}"],"tags":[]}],"uid":"eb105abdf100ad9a0a4581da6807a2a6"},{"name":"requests.exceptions.ProxyError: HTTPSConnectionPool(host='minicourse.test.venhalo.com', port=443): Max retries exceeded with url: /api/v1/payment/wx/paysign/order123 (Caused by ProxyError('Unable to connect to proxy', SSLError(SSLEOFError(8, 'EOF occurred in violation of protocol (_ssl.c:1129)'))))","children":[{"name":"test_register[case36]","uid":"69d8bfcaa5323bf5","parentUid":"348c2cab993c6722c3f14e7b4f0fae48","status":"broken","time":{"start":1758694890480,"stop":1758694890488,"duration":8},"flaky":false,"newFailed":false,"newPassed":false,"newBroken":false,"retriesCount":0,"retriesStatusChange":false,"parameters":["{'用例编号': 44, '用例标题': '获取微信JSAPI支付所需签名参数_正常流程', '请求方法': 'GET', '请求地址': 'https://minicourse.test.venhalo.com/api/v1/payment/wx/paysign/order123', '请求头': '{\"Content-Type\": \"application/json\", \"Authorization\": \"Bearer ${token}\"}', '请求参数': None, '期望结果': '{\"appId\": \"wx_appid\", \"timeStamp\": \"timestamp\", \"nonceStr\": \"noncestr\", \"package\": \"prepay_id=prepay123\", \"signType\": \"MD5\", \"paySign\": \"signature\"}', '数据库断言': None, '提取响应字段': None}"],"tags":[]}],"uid":"348c2cab993c6722c3f14e7b4f0fae48"},{"name":"requests.exceptions.ProxyError: HTTPSConnectionPool(host='minicourse.test.venhalo.com', port=443): Max retries exceeded with url: /api/v1/payment/wx/trade123 (Caused by ProxyError('Unable to connect to proxy', SSLError(SSLEOFError(8, 'EOF occurred in violation of protocol (_ssl.c:1129)'))))","children":[{"name":"test_register[case37]","uid":"9bd665916b5e3d0a","parentUid":"12821599ad0985dd39d29cb15a67c8f5","status":"broken","time":{"start":1758694890514,"stop":1758694890523,"duration":9},"flaky":false,"newFailed":false,"newPassed":false,"newBroken":false,"retriesCount":0,"retriesStatusChange":false,"parameters":["{'用例编号': 45, '用例标题': '微信查询订单信息_正常流程', '请求方法': 'GET', '请求地址': 'https://minicourse.test.venhalo.com/api/v1/payment/wx/trade123', '请求头': '{\"Content-Type\": \"application/json\", \"Authorization\": \"Bearer ${token}\"}', '请求参数': None, '期望结果': '{\"tradeNo\": \"trade123\", \"status\": \"paid\", \"amount\": 99.99}', '数据库断言': None, '提取响应字段': None}"],"tags":[]}],"uid":"12821599ad0985dd39d29cb15a67c8f5"},{"name":"requests.exceptions.ProxyError: HTTPSConnectionPool(host='minicourse.test.venhalo.com', port=443): Max retries exceeded with url: /api/v1/payment/wx/order123 (Caused by ProxyError('Unable to connect to proxy', SSLError(SSLEOFError(8, 'EOF occurred in violation of protocol (_ssl.c:1129)'))))","children":[{"name":"test_register[case38]","uid":"ecc1cdaf11d26385","parentUid":"2efd4cf709a82ad89fa0b566af92293c","status":"broken","time":{"start":1758694890547,"stop":1758694890555,"duration":8},"flaky":false,"newFailed":false,"newPassed":false,"newBroken":false,"retriesCount":0,"retriesStatusChange":false,"parameters":["{'用例编号': 46, '用例标题': '关闭微信支付订单_正常流程', '请求方法': 'DELETE', '请求地址': 'https://minicourse.test.venhalo.com/api/v1/payment/wx/order123', '请求头': '{\"Content-Type\": \"application/json\", \"Authorization\": \"Bearer ${token}\"}', '请求参数': None, '期望结果': '{\"code\": 200, \"msg\": \"操作成功\"}', '数据库断言': None, '提取响应字段': None}"],"tags":[]}],"uid":"2efd4cf709a82ad89fa0b566af92293c"},{"name":"requests.exceptions.ProxyError: HTTPSConnectionPool(host='minicourse.test.venhalo.com', port=443): Max retries exceeded with url: /api/v1/payment/wx/refund (Caused by ProxyError('Unable to connect to proxy', SSLError(SSLEOFError(8, 'EOF occurred in violation of protocol (_ssl.c:1129)'))))","children":[{"name":"test_register[case39]","uid":"5cdd7ae75bb8772f","parentUid":"8807a529ee20ccaf80d87f23654bca3a","status":"broken","time":{"start":1758694890578,"stop":1758694890587,"duration":9},"flaky":false,"newFailed":false,"newPassed":false,"newBroken":false,"retriesCount":0,"retriesStatusChange":false,"parameters":["{'用例编号': 47, '用例标题': '申请微信退款_正常流程', '请求方法': 'POST', '请求地址': 'https://minicourse.test.venhalo.com/api/v1/payment/wx/refund', '请求头': '{\"Content-Type\": \"application/json\", \"Authorization\": \"Bearer ${token}\"}', '请求参数': '{\"orderId\": \"order123\", \"refundAmount\": 99.99, \"refundReason\": \"课程退款\"}', '期望结果': '{\"refundId\": \"refund123\", \"refundStatus\": \"PROCESSING\"}', '数据库断言': None, '提取响应字段': None}"],"tags":[]},{"name":"test_register[case40]","uid":"e3de165abcec03bf","parentUid":"8807a529ee20ccaf80d87f23654bca3a","status":"broken","time":{"start":1758694890624,"stop":1758694890632,"duration":8},"flaky":false,"newFailed":false,"newPassed":false,"newBroken":false,"retriesCount":0,"retriesStatusChange":false,"parameters":["{'用例编号': 48, '用例标题': '申请微信退款_退款金额大于支付金额', '请求方法': 'POST', '请求地址': 'https://minicourse.test.venhalo.com/api/v1/payment/wx/refund', '请求头': '{\"Content-Type\": \"application/json\", \"Authorization\": \"Bearer ${token}\"}', '请求参数': '{\"orderId\": \"order123\", \"refundAmount\": 200, \"refundReason\": \"课程退款\"}', '期望结果': '{\"code\": 400, \"msg\": \"退款金额不能大于支付金额\"}', '数据库断言': None, '提取响应字段': None}"],"tags":[]}],"uid":"8807a529ee20ccaf80d87f23654bca3a"},{"name":"requests.exceptions.ProxyError: HTTPSConnectionPool(host='minicourse.test.venhalo.com', port=443): Max retries exceeded with url: /api/v1/family/bind/par (Caused by ProxyError('Unable to connect to proxy', SSLError(SSLEOFError(8, 'EOF occurred in violation of protocol (_ssl.c:1129)'))))","children":[{"name":"test_register[case46]","uid":"498ff17ab785ba10","parentUid":"0ac4f0df674c656671524e16055d55cc","status":"broken","time":{"start":1758694890811,"stop":1758694890819,"duration":8},"flaky":false,"newFailed":false,"newPassed":false,"newBroken":false,"retriesCount":0,"retriesStatusChange":false,"parameters":["{'用例编号': 54, '用例标题': '添加家庭成员（家长）_正常流程', '请求方法': 'POST', '请求地址': 'https://minicourse.test.venhalo.com/api/v1/family/bind/par', '请求头': '{\"Content-Type\": \"application/json\", \"Authorization\": \"Bearer ${token}\"}', '请求参数': '{\"phone\": \"13900139000\", \"relation\": \"father\"}', '期望结果': '{\"code\": 200, \"msg\": \"操作成功\"}', '数据库断言': None, '提取响应字段': None}"],"tags":[]},{"name":"test_register[case47]","uid":"4db691f9f83d7685","parentUid":"0ac4f0df674c656671524e16055d55cc","status":"broken","time":{"start":1758694890843,"stop":1758694890852,"duration":9},"flaky":false,"newFailed":false,"newPassed":false,"newBroken":false,"retriesCount":0,"retriesStatusChange":false,"parameters":["{'用例编号': 55, '用例标题': '添加家庭成员（家长）_无效手机号', '请求方法': 'POST', '请求地址': 'https://minicourse.test.venhalo.com/api/v1/family/bind/par', '请求头': '{\"Content-Type\": \"application/json\", \"Authorization\": \"Bearer ${token}\"}', '请求参数': '{\"phone\": \"1234567890\", \"relation\": \"father\"}', '期望结果': '{\"code\": 400, \"msg\": \"手机号格式不正确\"}', '数据库断言': None, '提取响应字段': None}"],"tags":[]}],"uid":"0ac4f0df674c656671524e16055d55cc"},{"name":"requests.exceptions.ProxyError: HTTPSConnectionPool(host='minicourse.test.venhalo.com', port=443): Max retries exceeded with url: /api/v1/family/par/parent123 (Caused by ProxyError('Unable to connect to proxy', SSLError(SSLEOFError(8, 'EOF occurred in violation of protocol (_ssl.c:1129)'))))","children":[{"name":"test_register[case50]","uid":"9239572f4fb29fd4","parentUid":"6ed931b92d013f6ceab69e6f6cf57143","status":"broken","time":{"start":1758694890961,"stop":1758694890970,"duration":9},"flaky":false,"newFailed":false,"newPassed":false,"newBroken":false,"retriesCount":0,"retriesStatusChange":false,"parameters":["{'用例编号': 58, '用例标题': '解绑家庭成员_正常流程', '请求方法': 'DELETE', '请求地址': 'https://minicourse.test.venhalo.com/api/v1/family/par/parent123', '请求头': '{\"Content-Type\": \"application/json\", \"Authorization\": \"Bearer ${token}\"}', '请求参数': None, '期望结果': '{\"code\": 200, \"msg\": \"操作成功\"}', '数据库断言': None, '提取响应字段': None}"],"tags":[]}],"uid":"6ed931b92d013f6ceab69e6f6cf57143"},{"name":"requests.exceptions.ProxyError: HTTPSConnectionPool(host='minicourse.test.venhalo.com', port=443): Max retries exceeded with url: /api/v1/family/par/current_user_id (Caused by ProxyError('Unable to connect to proxy', SSLError(SSLEOFError(8, 'EOF occurred in violation of protocol (_ssl.c:1129)'))))","children":[{"name":"test_register[case51]","uid":"8d82e22e5de531e8","parentUid":"29ed40d26535d67d33fa3722371cd329","status":"broken","time":{"start":1758694890994,"stop":1758694891003,"duration":9},"flaky":false,"newFailed":false,"newPassed":false,"newBroken":false,"retriesCount":0,"retriesStatusChange":false,"parameters":["{'用例编号': 59, '用例标题': '解绑家庭成员_自己', '请求方法': 'DELETE', '请求地址': 'https://minicourse.test.venhalo.com/api/v1/family/par/current_user_id', '请求头': '{\"Content-Type\": \"application/json\", \"Authorization\": \"Bearer ${token}\"}', '请求参数': None, '期望结果': '{\"code\": 400, \"msg\": \"不能解绑自己\"}', '数据库断言': None, '提取响应字段': None}"],"tags":[]}],"uid":"29ed40d26535d67d33fa3722371cd329"},{"name":"requests.exceptions.ProxyError: HTTPSConnectionPool(host='minicourse.test.venhalo.com', port=443): Max retries exceeded with url: /api/v1/family/stu/student123 (Caused by ProxyError('Unable to connect to proxy', SSLError(SSLEOFError(8, 'EOF occurred in violation of protocol (_ssl.c:1129)'))))","children":[{"name":"test_register[case52]","uid":"6903cc825f128ab9","parentUid":"19d181445977dca66adb6ace6ab478e2","status":"broken","time":{"start":1758694891028,"stop":1758694891036,"duration":8},"flaky":false,"newFailed":false,"newPassed":false,"newBroken":false,"retriesCount":0,"retriesStatusChange":false,"parameters":["{'用例编号': 60, '用例标题': '解绑学生_正常流程', '请求方法': 'DELETE', '请求地址': 'https://minicourse.test.venhalo.com/api/v1/family/stu/student123', '请求头': '{\"Content-Type\": \"application/json\", \"Authorization\": \"Bearer ${token}\"}', '请求参数': None, '期望结果': '{\"code\": 200, \"msg\": \"操作成功\"}', '数据库断言': None, '提取响应字段': None}"],"tags":[]}],"uid":"19d181445977dca66adb6ace6ab478e2"},{"name":"requests.exceptions.ProxyError: HTTPSConnectionPool(host='minicourse.test.venhalo.com', port=443): Max retries exceeded with url: /api/v1/family/stu/invalid_id (Caused by ProxyError('Unable to connect to proxy', SSLError(SSLEOFError(8, 'EOF occurred in violation of protocol (_ssl.c:1129)'))))","children":[{"name":"test_register[case53]","uid":"a39ede2b5195ddf6","parentUid":"2f8538d75213d1340eef8b344339015e","status":"broken","time":{"start":1758694891062,"stop":1758694891070,"duration":8},"flaky":false,"newFailed":false,"newPassed":false,"newBroken":false,"retriesCount":0,"retriesStatusChange":false,"parameters":["{'用例编号': 61, '用例标题': '解绑学生_不存在', '请求方法': 'DELETE', '请求地址': 'https://minicourse.test.venhalo.com/api/v1/family/stu/invalid_id', '请求头': '{\"Content-Type\": \"application/json\", \"Authorization\": \"Bearer ${token}\"}', '请求参数': None, '期望结果': '{\"code\": 404, \"msg\": \"学生不存在\"}', '数据库断言': None, '提取响应字段': None}"],"tags":[]}],"uid":"2f8538d75213d1340eef8b344339015e"}],"uid":"bdbf199525818fae7a8651db9eafe741"}]}