{"uid":"4b4757e66a1912dae1a509f688f20b0f","name":"categories","children":[{"name":"Test defects","children":[{"name":"requests.exceptions.ProxyError: HTTPSConnectionPool(host='minicourse.test.venhalo.com', port=443): Max retries exceeded with url: /api/v1/auth/verification/code (Caused by ProxyError('Unable to connect to proxy', SSLError(SSLEOFError(8, 'EOF occurred in violation of protocol (_ssl.c:1129)'))))","children":[{"name":"test_register[case0]","uid":"c1eebf4904031cf","parentUid":"ee4102e91ba9be063192c1b6436b4251","status":"broken","time":{"start":1758696306080,"stop":1758696306096,"duration":16},"flaky":false,"newFailed":false,"newPassed":false,"newBroken":false,"retriesCount":0,"retriesStatusChange":false,"parameters":["{'用例编号': 1, '用例标题': '获取注册短信验证码', '请求地址': 'https://minicourse.test.venhalo.com/api/v1/auth/verification/code', '请求方法': 'POST', '请求头': '{\"Content-Type\":\"application/json;charset=utf-8\"}', '请求参数': '{\"phone\":\"${mobile_phone}\",\"role\": \"parent\"}', '期望结果': None, '数据库断言': None, '提取响应字段': '{\"code\" :\"$.data.code\"}'}"],"tags":[]},{"name":"test_register[case11]","uid":"9f9075bf937afdda","parentUid":"ee4102e91ba9be063192c1b6436b4251","status":"broken","time":{"start":1758696306910,"stop":1758696306919,"duration":9},"flaky":false,"newFailed":false,"newPassed":false,"newBroken":false,"retriesCount":0,"retriesStatusChange":false,"parameters":["{'用例编号': 12, '用例标题': '获取注册短信验证码', '请求方法': 'POST', '请求地址': 'https://minicourse.test.venhalo.com/api/v1/auth/verification/code', '请求头': '{\"Content-Type\":\"application/json;charset=utf-8\"}', '请求参数': '{\"phone\":\"${mobile_phone}\",\"role\": \"parent\"}', '期望结果': None, '数据库断言': None, '提取响应字段': '{\"code\" :\"$.data.code\"}'}"],"tags":[]}],"uid":"ee4102e91ba9be063192c1b6436b4251"},{"name":"requests.exceptions.ProxyError: HTTPSConnectionPool(host='minicourse.test.venhalo.com', port=443): Max retries exceeded with url: /api/v1/auth/verification/verify (Caused by ProxyError('Unable to connect to proxy', SSLError(SSLEOFError(8, 'EOF occurred in violation of protocol (_ssl.c:1129)'))))","children":[{"name":"test_register[case1]","uid":"68bc5c5094b4b371","parentUid":"3fa552268264bb1c34779766d7754204","status":"broken","time":{"start":1758696306187,"stop":1758696306196,"duration":9},"flaky":false,"newFailed":false,"newPassed":false,"newBroken":false,"retriesCount":0,"retriesStatusChange":false,"parameters":["{'用例编号': 2, '用例标题': '校验注册短信验证码并登录', '请求地址': 'https://minicourse.test.venhalo.com//api/v1/auth/verification/verify', '请求方法': 'POST', '请求头': '{\"Content-Type\":\"application/json;charset=utf-8\"}', '请求参数': '{\"phone\":\"${mobile_phone}\",\"role\":\"parent\",\"code\": \"${code}\"}', '期望结果': '{\"$.message\":\"成功\"}', '数据库断言': '{\"select phone from user where phone = \\'${mobile_phone}\\';\":\"${mobile_phone}\"}', '提取响应字段': '{\"token\" :\"$.data.token\"}'}"],"tags":[]},{"name":"test_register[case12]","uid":"aa42ab933197e11a","parentUid":"3fa552268264bb1c34779766d7754204","status":"broken","time":{"start":1758696306943,"stop":1758696306951,"duration":8},"flaky":false,"newFailed":false,"newPassed":false,"newBroken":false,"retriesCount":0,"retriesStatusChange":false,"parameters":["{'用例编号': 13, '用例标题': '校验注册短信验证码并登录', '请求方法': 'POST', '请求地址': 'https://minicourse.test.venhalo.com//api/v1/auth/verification/verify', '请求头': '{\"Content-Type\":\"application/json;charset=utf-8\"}', '请求参数': '{\"phone\":\"${mobile_phone}\",\"role\":\"parent\",\"code\": \"${code}\"}', '期望结果': '{\"$.message\":\"成功\"}', '数据库断言': '{\"select phone from user where phone = \\'${mobile_phone}\\';\":\"${mobile_phone}\"}', '提取响应字段': '{\"token\" :\"$.data.token\"}'}"],"tags":[]}],"uid":"3fa552268264bb1c34779766d7754204"},{"name":"requests.exceptions.ProxyError: HTTPSConnectionPool(host='minicourse.test.venhalo.com', port=443): Max retries exceeded with url: /api/v1/family/bind/stu (Caused by ProxyError('Unable to connect to proxy', SSLError(SSLEOFError(8, 'EOF occurred in violation of protocol (_ssl.c:1129)'))))","children":[{"name":"test_register[case2]","uid":"b2ce7c430a1023e1","parentUid":"b9ca943b472ce960e2bd8a9f8c93c91e","status":"broken","time":{"start":1758696306235,"stop":1758696306245,"duration":10},"flaky":false,"newFailed":false,"newPassed":false,"newBroken":false,"retriesCount":0,"retriesStatusChange":false,"parameters":["{'用例编号': 3, '用例标题': '绑定学生', '请求地址': 'https://minicourse.test.venhalo.com/api/v1/family/bind/stu', '请求方法': 'POST', '请求头': '{\"Authorization\":\"Bearer ${token}\",\"Content-Type\":\"application/json;charset=utf-8\"}', '请求参数': '{\\n    \"phoneNumber\": \"19208031004\",\\n    \"name\": \"测试绑定\",\\n    \"grade\": \"2\",\\n    \"gender\": \"男\"\\n}', '期望结果': '{\"$.message\":\"绑定成功\"}', '数据库断言': None, '提取响应字段': None}"],"tags":[]},{"name":"test_register[case48]","uid":"b68b711d905f3364","parentUid":"b9ca943b472ce960e2bd8a9f8c93c91e","status":"broken","time":{"start":1758696308167,"stop":1758696308176,"duration":9},"flaky":false,"newFailed":false,"newPassed":false,"newBroken":false,"retriesCount":0,"retriesStatusChange":false,"parameters":["{'用例编号': 56, '用例标题': '绑定学生_正常流程', '请求方法': 'POST', '请求地址': 'https://minicourse.test.venhalo.com/api/v1/family/bind/stu', '请求头': '{\"Content-Type\": \"application/json\", \"Authorization\": \"Bearer ${token}\"}', '请求参数': '{\"studentName\": \"学生姓名\", \"age\": 8, \"gender\": \"male\"}', '期望结果': '{\"code\": 200, \"msg\": \"操作成功\", \"studentId\": \"student123\"}', '数据库断言': None, '提取响应字段': None}"],"tags":[]},{"name":"test_register[case49]","uid":"d5e2ef2e1f5f8d81","parentUid":"b9ca943b472ce960e2bd8a9f8c93c91e","status":"broken","time":{"start":1758696308205,"stop":1758696308214,"duration":9},"flaky":false,"newFailed":false,"newPassed":false,"newBroken":false,"retriesCount":0,"retriesStatusChange":false,"parameters":["{'用例编号': 57, '用例标题': '绑定学生_缺少必填信息', '请求方法': 'POST', '请求地址': 'https://minicourse.test.venhalo.com/api/v1/family/bind/stu', '请求头': '{\"Content-Type\": \"application/json\", \"Authorization\": \"Bearer ${token}\"}', '请求参数': '{\"studentName\": \"学生姓名\"}', '期望结果': '{\"code\": 400, \"msg\": \"缺少必要信息\"}', '数据库断言': None, '提取响应字段': None}"],"tags":[]}],"uid":"b9ca943b472ce960e2bd8a9f8c93c91e"},{"name":"requests.exceptions.ProxyError: HTTPSConnectionPool(host='minicourse.test.venhalo.com', port=443): Max retries exceeded with url: /api/v1/user/par (Caused by ProxyError('Unable to connect to proxy', SSLError(SSLEOFError(8, 'EOF occurred in violation of protocol (_ssl.c:1129)'))))","children":[{"name":"test_register[case3]","uid":"8e51f4c4b422675d","parentUid":"1f88d51d2b7807bc0ba4f57b4859b443","status":"broken","time":{"start":1758696306269,"stop":1758696306279,"duration":10},"flaky":false,"newFailed":false,"newPassed":false,"newBroken":false,"retriesCount":0,"retriesStatusChange":false,"parameters":["{'用例编号': 4, '用例标题': '获取当前用户信息（家长）', '请求地址': 'https://minicourse.test.venhalo.com/api/v1/user/par', '请求方法': 'GET', '请求头': '{\"Authorization\":\"Bearer ${token}\",\"Content-Type\":\"application/json;charset=utf-8\"}', '请求参数': None, '期望结果': '{\"$.data.children[0].name\":\"测试绑定\"}', '数据库断言': None, '提取响应字段': '{\"studentId\":\"$.data.children[0].studentId\"}'}"],"tags":[]},{"name":"test_register[case5]","uid":"c9850015723d9a32","parentUid":"1f88d51d2b7807bc0ba4f57b4859b443","status":"broken","time":{"start":1758696306339,"stop":1758696306347,"duration":8},"flaky":false,"newFailed":false,"newPassed":false,"newBroken":false,"retriesCount":0,"retriesStatusChange":false,"parameters":["{'用例编号': 6, '用例标题': '获取当前用户信息（家长）', '请求地址': 'https://minicourse.test.venhalo.com/api/v1/user/par', '请求方法': 'GET', '请求头': '{\"Authorization\":\"Bearer ${token}\",\"Content-Type\":\"application/json;charset=utf-8\"}', '请求参数': None, '期望结果': '{\"$.data.children[0].name\":\"更新test学生\"}', '数据库断言': None, '提取响应字段': None}"],"tags":[]},{"name":"test_register[case7]","uid":"6b4f36c797a02654","parentUid":"1f88d51d2b7807bc0ba4f57b4859b443","status":"broken","time":{"start":1758696306417,"stop":1758696306426,"duration":9},"flaky":false,"newFailed":false,"newPassed":false,"newBroken":false,"retriesCount":0,"retriesStatusChange":false,"parameters":["{'用例编号': 8, '用例标题': '获取当前用户信息（家长）', '请求地址': 'https://minicourse.test.venhalo.com/api/v1/user/par', '请求方法': 'GET', '请求头': '{\"Authorization\":\"Bearer ${token}\",\"Content-Type\":\"application/json;charset=utf-8\"}', '请求参数': None, '期望结果': '{\"$.data.children[0].name\":{\"$ne\":\"更新test学生\"}}', '数据库断言': None, '提取响应字段': None}"],"tags":[]},{"name":"test_register[case42]","uid":"2621d33be457a92a","parentUid":"1f88d51d2b7807bc0ba4f57b4859b443","status":"broken","time":{"start":1758696307933,"stop":1758696307941,"duration":8},"flaky":false,"newFailed":false,"newPassed":false,"newBroken":false,"retriesCount":0,"retriesStatusChange":false,"parameters":["{'用例编号': 50, '用例标题': '获取当前用户信息（家长）_正常流程', '请求方法': 'GET', '请求地址': 'https://minicourse.test.venhalo.com/api/v1/user/par', '请求头': '{\"Content-Type\": \"application/json\", \"Authorization\": \"Bearer ${token}\"}', '请求参数': None, '期望结果': '{\"userId\": \"user123\", \"phone\": \"13800138000\", \"nickName\": \"家长昵称\", \"avatarUrl\": \"avatar_url\"}', '数据库断言': None, '提取响应字段': None}"],"tags":[]},{"name":"test_register[case43]","uid":"b2d62cdc5a0fba57","parentUid":"1f88d51d2b7807bc0ba4f57b4859b443","status":"broken","time":{"start":1758696307967,"stop":1758696307976,"duration":9},"flaky":false,"newFailed":false,"newPassed":false,"newBroken":false,"retriesCount":0,"retriesStatusChange":false,"parameters":["{'用例编号': 51, '用例标题': '获取当前用户信息（家长）_无权限', '请求方法': 'GET', '请求地址': 'https://minicourse.test.venhalo.com/api/v1/user/par', '请求头': '{\"Content-Type\": \"application/json\"}', '请求参数': None, '期望结果': '{\"code\": 401, \"msg\": \"未授权\"}', '数据库断言': None, '提取响应字段': None}"],"tags":[]}],"uid":"1f88d51d2b7807bc0ba4f57b4859b443"},{"name":"requests.exceptions.ProxyError: HTTPSConnectionPool(host='minicourse.test.venhalo.com', port=443): Max retries exceeded with url: /api/v1/user/stu (Caused by ProxyError('Unable to connect to proxy', SSLError(SSLEOFError(8, 'EOF occurred in violation of protocol (_ssl.c:1129)'))))","children":[{"name":"test_register[case4]","uid":"87320a79ada2d302","parentUid":"24693c3a0f2cc232b54176ab4f4f39da","status":"broken","time":{"start":1758696306305,"stop":1758696306314,"duration":9},"flaky":false,"newFailed":false,"newPassed":false,"newBroken":false,"retriesCount":0,"retriesStatusChange":false,"parameters":["{'用例编号': 5, '用例标题': '更新学生信息', '请求地址': 'https://minicourse.test.venhalo.com/api/v1/user/stu', '请求方法': 'PUT', '请求头': '{\"Authorization\":\"Bearer ${token}\",\"Content-Type\":\"application/json;charset=utf-8\"}', '请求参数': '{\\n    \"userId\": \"${studentId}\",\\n    \"name\": \"更新test学生\",\\n    \"grade\": \"2\",\\n    \"gender\": \"0\"\\n}', '期望结果': '{\"$.message\":\"更新成功\"}', '数据库断言': '{\"select name from student_info where student_user_id = \\'${studentId}\\';\":\"更新test学生\"}', '提取响应字段': None}"],"tags":[]},{"name":"test_register[case44]","uid":"61e5f3209baee9c5","parentUid":"24693c3a0f2cc232b54176ab4f4f39da","status":"broken","time":{"start":1758696308001,"stop":1758696308010,"duration":9},"flaky":false,"newFailed":false,"newPassed":false,"newBroken":false,"retriesCount":0,"retriesStatusChange":false,"parameters":["{'用例编号': 52, '用例标题': '学生信息管理_GET_正常流程', '请求方法': 'GET', '请求地址': 'https://minicourse.test.venhalo.com/api/v1/user/stu', '请求头': '{\"Content-Type\": \"application/json\", \"Authorization\": \"Bearer ${token}\"}', '请求参数': None, '期望结果': '{\"studentId\": \"student123\", \"name\": \"学生姓名\", \"age\": 8, \"gender\": \"male\"}', '数据库断言': None, '提取响应字段': None}"],"tags":[]},{"name":"test_register[case45]","uid":"b46de630f094dd1b","parentUid":"24693c3a0f2cc232b54176ab4f4f39da","status":"broken","time":{"start":1758696308054,"stop":1758696308062,"duration":8},"flaky":false,"newFailed":false,"newPassed":false,"newBroken":false,"retriesCount":0,"retriesStatusChange":false,"parameters":["{'用例编号': 53, '用例标题': '学生信息管理_PUT_正常流程', '请求方法': 'PUT', '请求地址': 'https://minicourse.test.venhalo.com/api/v1/user/stu', '请求头': '{\"Content-Type\": \"application/json\", \"Authorization\": \"Bearer ${token}\"}', '请求参数': '{\"studentId\": \"student123\", \"name\": \"新学生姓名\", \"age\": 9, \"gender\": \"male\"}', '期望结果': '{\"code\": 200, \"msg\": \"操作成功\"}', '数据库断言': None, '提取响应字段': None}"],"tags":[]}],"uid":"24693c3a0f2cc232b54176ab4f4f39da"},{"name":"requests.exceptions.ProxyError: HTTPSConnectionPool(host='minicourse.test.venhalo.com', port=443): Max retries exceeded with url: /api/v1/family/stu/$%7BstudentId%7D (Caused by ProxyError('Unable to connect to proxy', SSLError(SSLEOFError(8, 'EOF occurred in violation of protocol (_ssl.c:1129)'))))","children":[{"name":"test_register[case6]","uid":"1dbfa5db6c486b0e","parentUid":"493ada4cb5b6e05c213e6786239594da","status":"broken","time":{"start":1758696306372,"stop":1758696306381,"duration":9},"flaky":false,"newFailed":false,"newPassed":false,"newBroken":false,"retriesCount":0,"retriesStatusChange":false,"parameters":["{'用例编号': 7, '用例标题': '解绑学生（成功）', '请求地址': 'https://minicourse.test.venhalo.com/api/v1/family/stu/${studentId}', '请求方法': 'DELETE', '请求头': '{\"Authorization\":\"Bearer ${token}\",\"Content-Type\":\"application/json;charset=utf-8\"}', '请求参数': None, '期望结果': '{\"$.message\":\"解绑成功\"}', '数据库断言': None, '提取响应字段': None}"],"tags":[]}],"uid":"493ada4cb5b6e05c213e6786239594da"},{"name":"requests.exceptions.ProxyError: HTTPSConnectionPool(host='minicourse.test.venhalo.com', port=443): Max retries exceeded with url: /api/v1/auth/wx/login (Caused by ProxyError('Unable to connect to proxy', SSLError(SSLEOFError(8, 'EOF occurred in violation of protocol (_ssl.c:1129)'))))","children":[{"name":"test_register[case0]","uid":"c57e0646651b763b","parentUid":"b5613e638757dfefaf064ca225e76d19","status":"broken","time":{"start":1758696306452,"stop":1758696306460,"duration":8},"flaky":false,"newFailed":false,"newPassed":false,"newBroken":false,"retriesCount":0,"retriesStatusChange":false,"parameters":["{'用例编号': 1, '用例标题': '微信登录_正常流程', '请求方法': 'POST', '请求地址': 'https://minicourse.test.venhalo.com/api/v1/auth/wx/login', '请求头': '{\"Content-Type\": \"application/json\"}', '请求参数': '{\"code\": \"valid_code\"}', '期望结果': '{\"isBindPhone\": true, \"token\": \"token_string\", \"sessionId\": \"session_id\"}', '数据库断言': None, '提取响应字段': None}"],"tags":[]},{"name":"test_register[case1]","uid":"4ec63bfeb1d9a621","parentUid":"b5613e638757dfefaf064ca225e76d19","status":"broken","time":{"start":1758696306485,"stop":1758696306495,"duration":10},"flaky":false,"newFailed":false,"newPassed":false,"newBroken":false,"retriesCount":0,"retriesStatusChange":false,"parameters":["{'用例编号': 2, '用例标题': '微信登录_无效code', '请求方法': 'POST', '请求地址': 'https://minicourse.test.venhalo.com/api/v1/auth/wx/login', '请求头': '{\"Content-Type\": \"application/json\"}', '请求参数': '{\"code\": \"invalid_code\"}', '期望结果': '{\"code\": 400, \"msg\": \"无效的code\"}', '数据库断言': None, '提取响应字段': None}"],"tags":[]},{"name":"test_register[case2]","uid":"242aafa9ae39cc3d","parentUid":"b5613e638757dfefaf064ca225e76d19","status":"broken","time":{"start":1758696306521,"stop":1758696306529,"duration":8},"flaky":false,"newFailed":false,"newPassed":false,"newBroken":false,"retriesCount":0,"retriesStatusChange":false,"parameters":["{'用例编号': 3, '用例标题': '微信登录_空code', '请求方法': 'POST', '请求地址': 'https://minicourse.test.venhalo.com/api/v1/auth/wx/login', '请求头': '{\"Content-Type\": \"application/json\"}', '请求参数': '{\"code\": \"\"}', '期望结果': '{\"code\": 400, \"msg\": \"code不能为空\"}', '数据库断言': None, '提取响应字段': None}"],"tags":[]}],"uid":"b5613e638757dfefaf064ca225e76d19"},{"name":"requests.exceptions.ProxyError: HTTPSConnectionPool(host='minicourse.test.venhalo.com', port=443): Max retries exceeded with url: /api/v1/auth/wx/phone (Caused by ProxyError('Unable to connect to proxy', SSLError(SSLEOFError(8, 'EOF occurred in violation of protocol (_ssl.c:1129)'))))","children":[{"name":"test_register[case3]","uid":"e8abef1a64f5850","parentUid":"01fd901964c4bf8642764b258fa0e471","status":"broken","time":{"start":1758696306572,"stop":1758696306582,"duration":10},"flaky":false,"newFailed":false,"newPassed":false,"newBroken":false,"retriesCount":0,"retriesStatusChange":false,"parameters":["{'用例编号': 4, '用例标题': '微信手机号授权_正常流程', '请求方法': 'POST', '请求地址': 'https://minicourse.test.venhalo.com/api/v1/auth/wx/phone', '请求头': '{\"Content-Type\": \"application/json\"}', '请求参数': '{\"encryptedData\": \"encrypted_data\", \"iv\": \"initial_vector\", \"sessionId\": \"valid_session_id\"}', '期望结果': '{\"token\": \"token_string\"}', '数据库断言': None, '提取响应字段': None}"],"tags":[]},{"name":"test_register[case4]","uid":"3d471362542ebde8","parentUid":"01fd901964c4bf8642764b258fa0e471","status":"broken","time":{"start":1758696306606,"stop":1758696306616,"duration":10},"flaky":false,"newFailed":false,"newPassed":false,"newBroken":false,"retriesCount":0,"retriesStatusChange":false,"parameters":["{'用例编号': 5, '用例标题': '微信手机号授权_无效sessionId', '请求方法': 'POST', '请求地址': 'https://minicourse.test.venhalo.com/api/v1/auth/wx/phone', '请求头': '{\"Content-Type\": \"application/json\"}', '请求参数': '{\"encryptedData\": \"encrypted_data\", \"iv\": \"initial_vector\", \"sessionId\": \"invalid_session_id\"}', '期望结果': '{\"code\": 401, \"msg\": \"会话已过期\"}', '数据库断言': None, '提取响应字段': None}"],"tags":[]},{"name":"test_register[case5]","uid":"4ca31df492665792","parentUid":"01fd901964c4bf8642764b258fa0e471","status":"broken","time":{"start":1758696306644,"stop":1758696306653,"duration":9},"flaky":false,"newFailed":false,"newPassed":false,"newBroken":false,"retriesCount":0,"retriesStatusChange":false,"parameters":["{'用例编号': 6, '用例标题': '微信手机号授权_缺少参数', '请求方法': 'POST', '请求地址': 'https://minicourse.test.venhalo.com/api/v1/auth/wx/phone', '请求头': '{\"Content-Type\": \"application/json\"}', '请求参数': '{\"encryptedData\": \"encrypted_data\"}', '期望结果': '{\"code\": 400, \"msg\": \"缺少必要参数\"}', '数据库断言': None, '提取响应字段': None}"],"tags":[]}],"uid":"01fd901964c4bf8642764b258fa0e471"},{"name":"requests.exceptions.ProxyError: HTTPSConnectionPool(host='minicourse.test.venhalo.com', port=443): Max retries exceeded with url: /api/v1/auth/dy/login (Caused by ProxyError('Unable to connect to proxy', SSLError(SSLEOFError(8, 'EOF occurred in violation of protocol (_ssl.c:1129)'))))","children":[{"name":"test_register[case6]","uid":"f43d9a270116c88a","parentUid":"7180a412a20898c731282974af8d7edf","status":"broken","time":{"start":1758696306678,"stop":1758696306688,"duration":10},"flaky":false,"newFailed":false,"newPassed":false,"newBroken":false,"retriesCount":0,"retriesStatusChange":false,"parameters":["{'用例编号': 7, '用例标题': '抖音登录_正常流程', '请求方法': 'POST', '请求地址': 'https://minicourse.test.venhalo.com/api/v1/auth/dy/login', '请求头': '{\"Content-Type\": \"application/json\"}', '请求参数': '{\"code\": \"valid_code\"}', '期望结果': '{\"isBindPhone\": true, \"token\": \"token_string\", \"sessionId\": \"session_id\"}', '数据库断言': None, '提取响应字段': None}"],"tags":[]},{"name":"test_register[case7]","uid":"23c2be1a34d44207","parentUid":"7180a412a20898c731282974af8d7edf","status":"broken","time":{"start":1758696306717,"stop":1758696306730,"duration":13},"flaky":false,"newFailed":false,"newPassed":false,"newBroken":false,"retriesCount":0,"retriesStatusChange":false,"parameters":["{'用例编号': 8, '用例标题': '抖音登录_无效code', '请求方法': 'POST', '请求地址': 'https://minicourse.test.venhalo.com/api/v1/auth/dy/login', '请求头': '{\"Content-Type\": \"application/json\"}', '请求参数': '{\"code\": \"invalid_code\"}', '期望结果': '{\"code\": 400, \"msg\": \"无效的code\"}', '数据库断言': None, '提取响应字段': None}"],"tags":[]},{"name":"test_register[case8]","uid":"40e90fdcec78b773","parentUid":"7180a412a20898c731282974af8d7edf","status":"broken","time":{"start":1758696306773,"stop":1758696306786,"duration":13},"flaky":false,"newFailed":false,"newPassed":false,"newBroken":false,"retriesCount":0,"retriesStatusChange":false,"parameters":["{'用例编号': 9, '用例标题': '抖音登录_空code', '请求方法': 'POST', '请求地址': 'https://minicourse.test.venhalo.com/api/v1/auth/dy/login', '请求头': '{\"Content-Type\": \"application/json\"}', '请求参数': '{\"code\": \"\"}', '期望结果': '{\"code\": 400, \"msg\": \"code不能为空\"}', '数据库断言': None, '提取响应字段': None}"],"tags":[]}],"uid":"7180a412a20898c731282974af8d7edf"},{"name":"requests.exceptions.ProxyError: HTTPSConnectionPool(host='minicourse.test.venhalo.com', port=443): Max retries exceeded with url: /api/v1/auth/dy/phone (Caused by ProxyError('Unable to connect to proxy', SSLError(SSLEOFError(8, 'EOF occurred in violation of protocol (_ssl.c:1129)'))))","children":[{"name":"test_register[case9]","uid":"d01a0bcc8817895e","parentUid":"abd1db5ca1d966bb12e0b324225319c3","status":"broken","time":{"start":1758696306830,"stop":1758696306849,"duration":19},"flaky":false,"newFailed":false,"newPassed":false,"newBroken":false,"retriesCount":0,"retriesStatusChange":false,"parameters":["{'用例编号': 10, '用例标题': '抖音手机号授权_正常流程', '请求方法': 'POST', '请求地址': 'https://minicourse.test.venhalo.com/api/v1/auth/dy/phone', '请求头': '{\"Content-Type\": \"application/json\"}', '请求参数': '{\"encryptedData\": \"encrypted_data\", \"iv\": \"initial_vector\", \"sessionId\": \"valid_session_id\"}', '期望结果': '{\"token\": \"token_string\"}', '数据库断言': None, '提取响应字段': None}"],"tags":[]},{"name":"test_register[case10]","uid":"5fe132514eabb32d","parentUid":"abd1db5ca1d966bb12e0b324225319c3","status":"broken","time":{"start":1758696306875,"stop":1758696306884,"duration":9},"flaky":false,"newFailed":false,"newPassed":false,"newBroken":false,"retriesCount":0,"retriesStatusChange":false,"parameters":["{'用例编号': 11, '用例标题': '抖音手机号授权_无效sessionId', '请求方法': 'POST', '请求地址': 'https://minicourse.test.venhalo.com/api/v1/auth/dy/phone', '请求头': '{\"Content-Type\": \"application/json\"}', '请求参数': '{\"encryptedData\": \"encrypted_data\", \"iv\": \"initial_vector\", \"sessionId\": \"invalid_session_id\"}', '期望结果': '{\"code\": 401, \"msg\": \"会话已过期\"}', '数据库断言': None, '提取响应字段': None}"],"tags":[]}],"uid":"abd1db5ca1d966bb12e0b324225319c3"},{"name":"requests.exceptions.ProxyError: HTTPSConnectionPool(host='minicourse.test.venhalo.com', port=443): Max retries exceeded with url: /api/v1/minicourse/list (Caused by ProxyError('Unable to connect to proxy', SSLError(SSLEOFError(8, 'EOF occurred in violation of protocol (_ssl.c:1129)'))))","children":[{"name":"test_register[case13]","uid":"3e0bbb273752fa4c","parentUid":"12144e5f819c33304535036b316ce632","status":"broken","time":{"start":1758696307003,"stop":1758696307012,"duration":9},"flaky":false,"newFailed":false,"newPassed":false,"newBroken":false,"retriesCount":0,"retriesStatusChange":false,"parameters":["{'用例编号': 14, '用例标题': '获取学情课包列表_正常流程', '请求方法': 'GET', '请求地址': 'https://minicourse.test.venhalo.com/api/v1/minicourse/list', '请求头': '{\"Content-Type\": \"application/json\", \"Authorization\": \"Bearer ${token}\"}', '请求参数': None, '期望结果': '{\"minicourseList\": []}', '数据库断言': None, '提取响应字段': None}"],"tags":[]},{"name":"test_register[case14]","uid":"c127f5ac96d242ae","parentUid":"12144e5f819c33304535036b316ce632","status":"broken","time":{"start":1758696307038,"stop":1758696307046,"duration":8},"flaky":false,"newFailed":false,"newPassed":false,"newBroken":false,"retriesCount":0,"retriesStatusChange":false,"parameters":["{'用例编号': 15, '用例标题': '获取学情课包列表_无权限', '请求方法': 'GET', '请求地址': 'https://minicourse.test.venhalo.com/api/v1/minicourse/list', '请求头': '{\"Content-Type\": \"application/json\"}', '请求参数': None, '期望结果': '{\"code\": 401, \"msg\": \"未授权\"}', '数据库断言': None, '提取响应字段': None}"],"tags":[]}],"uid":"12144e5f819c33304535036b316ce632"},{"name":"requests.exceptions.ProxyError: HTTPSConnectionPool(host='minicourse.test.venhalo.com', port=443): Max retries exceeded with url: /api/v1/minicourse/par/list (Caused by ProxyError('Unable to connect to proxy', SSLError(SSLEOFError(8, 'EOF occurred in violation of protocol (_ssl.c:1129)'))))","children":[{"name":"test_register[case15]","uid":"85962671189aeebe","parentUid":"6c102fc8c970ffa7c92aa7a16bfd45f9","status":"broken","time":{"start":1758696307070,"stop":1758696307079,"duration":9},"flaky":false,"newFailed":false,"newPassed":false,"newBroken":false,"retriesCount":0,"retriesStatusChange":false,"parameters":["{'用例编号': 16, '用例标题': '分页获取我的小课包列表【家长端】_正常流程', '请求方法': 'POST', '请求地址': 'https://minicourse.test.venhalo.com/api/v1/minicourse/par/list', '请求头': '{\"Content-Type\": \"application/json\", \"Authorization\": \"Bearer ${token}\"}', '请求参数': '{\"status\": \"0\", \"page\": 1, \"pageSize\": 10}', '期望结果': '{\"minicourseList\": [], \"total\": 0, \"page\": 1, \"pageSize\": 10}', '数据库断言': None, '提取响应字段': None}"],"tags":[]},{"name":"test_register[case16]","uid":"1e24af278e96c3ff","parentUid":"6c102fc8c970ffa7c92aa7a16bfd45f9","status":"broken","time":{"start":1758696307105,"stop":1758696307113,"duration":8},"flaky":false,"newFailed":false,"newPassed":false,"newBroken":false,"retriesCount":0,"retriesStatusChange":false,"parameters":["{'用例编号': 17, '用例标题': '分页获取我的小课包列表【家长端】_无效状态', '请求方法': 'POST', '请求地址': 'https://minicourse.test.venhalo.com/api/v1/minicourse/par/list', '请求头': '{\"Content-Type\": \"application/json\", \"Authorization\": \"Bearer ${token}\"}', '请求参数': '{\"status\": \"999\", \"page\": 1, \"pageSize\": 10}', '期望结果': '{\"code\": 400, \"msg\": \"无效的状态值\"}', '数据库断言': None, '提取响应字段': None}"],"tags":[]},{"name":"test_register[case17]","uid":"c2864d11fd60f0ec","parentUid":"6c102fc8c970ffa7c92aa7a16bfd45f9","status":"broken","time":{"start":1758696307139,"stop":1758696307148,"duration":9},"flaky":false,"newFailed":false,"newPassed":false,"newBroken":false,"retriesCount":0,"retriesStatusChange":false,"parameters":["{'用例编号': 18, '用例标题': '分页获取我的小课包列表【家长端】_分页参数错误', '请求方法': 'POST', '请求地址': 'https://minicourse.test.venhalo.com/api/v1/minicourse/par/list', '请求头': '{\"Content-Type\": \"application/json\", \"Authorization\": \"Bearer ${token}\"}', '请求参数': '{\"status\": \"0\", \"page\": 0, \"pageSize\": 10}', '期望结果': '{\"code\": 400, \"msg\": \"分页参数错误\"}', '数据库断言': None, '提取响应字段': None}"],"tags":[]}],"uid":"6c102fc8c970ffa7c92aa7a16bfd45f9"},{"name":"requests.exceptions.ProxyError: HTTPSConnectionPool(host='minicourse.test.venhalo.com', port=443): Max retries exceeded with url: /api/v1/minicourse/stu/list (Caused by ProxyError('Unable to connect to proxy', SSLError(SSLEOFError(8, 'EOF occurred in violation of protocol (_ssl.c:1129)'))))","children":[{"name":"test_register[case18]","uid":"8bc532067d89eac7","parentUid":"3ff72895c9f70de057dde669c7ec8ffe","status":"broken","time":{"start":1758696307190,"stop":1758696307198,"duration":8},"flaky":false,"newFailed":false,"newPassed":false,"newBroken":false,"retriesCount":0,"retriesStatusChange":false,"parameters":["{'用例编号': 19, '用例标题': '分页获取我的小课包列表【学生端】_正常流程', '请求方法': 'POST', '请求地址': 'https://minicourse.test.venhalo.com/api/v1/minicourse/stu/list', '请求头': '{\"Content-Type\": \"application/json\", \"Authorization\": \"Bearer ${token}\"}', '请求参数': '{\"page\": 1, \"pageSize\": 10}', '期望结果': '{\"minicourseList\": [], \"total\": 0, \"page\": 1, \"pageSize\": 10}', '数据库断言': None, '提取响应字段': None}"],"tags":[]}],"uid":"3ff72895c9f70de057dde669c7ec8ffe"},{"name":"TypeError: the JSON object must be str, bytes or bytearray, not NoneType","children":[{"name":"test_register[case19]","uid":"c45d1be3856ea98","parentUid":"7da79e8fc376b9087c95024f4bafecc7","status":"broken","time":{"start":1758696307225,"stop":1758696307227,"duration":2},"flaky":false,"newFailed":false,"newPassed":false,"newBroken":false,"retriesCount":0,"retriesStatusChange":false,"parameters":["{'用例编号': 20, '用例标题': '分页获取我的小课包列表【学生端】_无权限', '请求方法': 'POST', '请求地址': 'https://minicourse.test.venhalo.com/api/v1/minicourse/stu/list', '请求头': '{\"Content-Type\": \"application/json\"}', '请求参数': None, '期望结果': '{\"code\": 401, \"msg\": \"未授权\"}', '数据库断言': None, '提取响应字段': None}"],"tags":[]}],"uid":"7da79e8fc376b9087c95024f4bafecc7"},{"name":"requests.exceptions.ProxyError: HTTPSConnectionPool(host='minicourse.test.venhalo.com', port=443): Max retries exceeded with url: /api/v1/situation/student (Caused by ProxyError('Unable to connect to proxy', SSLError(SSLEOFError(8, 'EOF occurred in violation of protocol (_ssl.c:1129)'))))","children":[{"name":"test_register[case20]","uid":"fc6310249d783334","parentUid":"80db54188fd8ab047848620d0b18c1d7","status":"broken","time":{"start":1758696307233,"stop":1758696307241,"duration":8},"flaky":false,"newFailed":false,"newPassed":false,"newBroken":false,"retriesCount":0,"retriesStatusChange":false,"parameters":["{'用例编号': 25, '用例标题': '获取学情信息_正常流程', '请求方法': 'POST', '请求地址': 'https://minicourse.test.venhalo.com/api/v1/situation/student', '请求头': '{\"Content-Type\": \"application/json\", \"Authorization\": \"Bearer ${token}\"}', '请求参数': '{\"studentId\": \"student123\"}', '期望结果': '{\"studentId\": \"student123\", \"learningStatus\": \"learning\"}', '数据库断言': None, '提取响应字段': None}"],"tags":[]},{"name":"test_register[case21]","uid":"e87e995eac0e5b6e","parentUid":"80db54188fd8ab047848620d0b18c1d7","status":"broken","time":{"start":1758696307266,"stop":1758696307274,"duration":8},"flaky":false,"newFailed":false,"newPassed":false,"newBroken":false,"retriesCount":0,"retriesStatusChange":false,"parameters":["{'用例编号': 26, '用例标题': '获取学情信息_缺少学生ID', '请求方法': 'POST', '请求地址': 'https://minicourse.test.venhalo.com/api/v1/situation/student', '请求头': '{\"Content-Type\": \"application/json\", \"Authorization\": \"Bearer ${token}\"}', '请求参数': '{}', '期望结果': '{\"code\": 400, \"msg\": \"缺少学生ID\"}', '数据库断言': None, '提取响应字段': None}"],"tags":[]}],"uid":"80db54188fd8ab047848620d0b18c1d7"},{"name":"AttributeError: 'NoneType' object has no attribute 'status_code'","children":[{"name":"test_register[case22]","uid":"5d6ad6a256b20f1f","parentUid":"7a38ce2d24faa1d3962a0a7ed03971a4","status":"broken","time":{"start":1758696307298,"stop":1758696307300,"duration":2},"flaky":false,"newFailed":false,"newPassed":false,"newBroken":false,"retriesCount":0,"retriesStatusChange":false,"parameters":["{'用例编号': 27, '用例标题': '更新学生学习状态【正在学习】_正常流程', '请求方法': 'PATCH', '请求地址': 'https://minicourse.test.venhalo.com/api/v1/situation/start', '请求头': '{\"Content-Type\": \"application/json\", \"Authorization\": \"Bearer ${token}\"}', '请求参数': '{\"minicourseId\": \"course123\"}', '期望结果': '{\"code\": 200, \"msg\": \"操作成功\"}', '数据库断言': None, '提取响应字段': None}"],"tags":[]},{"name":"test_register[case23]","uid":"eeb1fc70864727b6","parentUid":"7a38ce2d24faa1d3962a0a7ed03971a4","status":"broken","time":{"start":1758696307305,"stop":1758696307306,"duration":1},"flaky":false,"newFailed":false,"newPassed":false,"newBroken":false,"retriesCount":0,"retriesStatusChange":false,"parameters":["{'用例编号': 28, '用例标题': '更新学生学习状态【正在学习】_无效课程ID', '请求方法': 'PATCH', '请求地址': 'https://minicourse.test.venhalo.com/api/v1/situation/start', '请求头': '{\"Content-Type\": \"application/json\", \"Authorization\": \"Bearer ${token}\"}', '请求参数': '{\"minicourseId\": \"invalid_id\"}', '期望结果': '{\"code\": 404, \"msg\": \"课程不存在\"}', '数据库断言': None, '提取响应字段': None}"],"tags":[]},{"name":"test_register[case35]","uid":"15fc05cdf169457","parentUid":"7a38ce2d24faa1d3962a0a7ed03971a4","status":"broken","time":{"start":1758696307731,"stop":1758696307732,"duration":1},"flaky":false,"newFailed":false,"newPassed":false,"newBroken":false,"retriesCount":0,"retriesStatusChange":false,"parameters":["{'用例编号': 43, '用例标题': '微信支付回调_正常流程', '请求方法': 'POST', '请求地址': 'https://minicourse.test.venhalo.com/api/v1/payment/wx/pay/callback', '请求头': '{\"Content-Type\": \"application/xml\"}', '请求参数': 'xml_data', '期望结果': '<xml><return_code><![CDATA[SUCCESS]]></return_code><return_msg><![CDATA[OK]]></return_msg></xml>', '数据库断言': None, '提取响应字段': None}"],"tags":[]},{"name":"test_register[case41]","uid":"69dfbdac26d36b01","parentUid":"7a38ce2d24faa1d3962a0a7ed03971a4","status":"broken","time":{"start":1758696307925,"stop":1758696307927,"duration":2},"flaky":false,"newFailed":false,"newPassed":false,"newBroken":false,"retriesCount":0,"retriesStatusChange":false,"parameters":["{'用例编号': 49, '用例标题': '微信退款回调_正常流程', '请求方法': 'POST', '请求地址': 'https://minicourse.test.venhalo.com/api/v1/payment/wx/refund/callback', '请求头': '{\"Content-Type\": \"application/xml\"}', '请求参数': 'xml_data', '期望结果': '<xml><return_code><![CDATA[SUCCESS]]></return_code><return_msg><![CDATA[OK]]></return_msg></xml>', '数据库断言': None, '提取响应字段': None}"],"tags":[]}],"uid":"7a38ce2d24faa1d3962a0a7ed03971a4"},{"name":"requests.exceptions.ProxyError: HTTPSConnectionPool(host='minicourse.test.venhalo.com', port=443): Max retries exceeded with url: /api/v1/situation/end (Caused by ProxyError('Unable to connect to proxy', SSLError(SSLEOFError(8, 'EOF occurred in violation of protocol (_ssl.c:1129)'))))","children":[{"name":"test_register[case24]","uid":"d877badc4d3e0a2c","parentUid":"08304317ba32afa62d674c42ac200e51","status":"broken","time":{"start":1758696307312,"stop":1758696307320,"duration":8},"flaky":false,"newFailed":false,"newPassed":false,"newBroken":false,"retriesCount":0,"retriesStatusChange":false,"parameters":["{'用例编号': 29, '用例标题': '标记当天课程结束_正常流程', '请求方法': 'POST', '请求地址': 'https://minicourse.test.venhalo.com/api/v1/situation/end', '请求头': '{\"Content-Type\": \"application/json\", \"Authorization\": \"Bearer ${token}\"}', '请求参数': '{\"minicourseId\": \"course123\"}', '期望结果': '{\"code\": 200, \"msg\": \"操作成功\"}', '数据库断言': None, '提取响应字段': None}"],"tags":[]},{"name":"test_register[case25]","uid":"ae7fcb5f0a34be9e","parentUid":"08304317ba32afa62d674c42ac200e51","status":"broken","time":{"start":1758696307359,"stop":1758696307367,"duration":8},"flaky":false,"newFailed":false,"newPassed":false,"newBroken":false,"retriesCount":0,"retriesStatusChange":false,"parameters":["{'用例编号': 30, '用例标题': '标记当天课程结束_未学习', '请求方法': 'POST', '请求地址': 'https://minicourse.test.venhalo.com/api/v1/situation/end', '请求头': '{\"Content-Type\": \"application/json\", \"Authorization\": \"Bearer ${token}\"}', '请求参数': '{\"minicourseId\": \"course456\"}', '期望结果': '{\"code\": 400, \"msg\": \"课程未开始学习\"}', '数据库断言': None, '提取响应字段': None}"],"tags":[]}],"uid":"08304317ba32afa62d674c42ac200e51"},{"name":"requests.exceptions.ProxyError: HTTPSConnectionPool(host='minicourse.test.venhalo.com', port=443): Max retries exceeded with url: /api/v1/interaction/message (Caused by ProxyError('Unable to connect to proxy', SSLError(SSLEOFError(8, 'EOF occurred in violation of protocol (_ssl.c:1129)'))))","children":[{"name":"test_register[case26]","uid":"c806aaf5fe7e31ef","parentUid":"a5d9ef0522fd887aea545fc743569c23","status":"broken","time":{"start":1758696307392,"stop":1758696307401,"duration":9},"flaky":false,"newFailed":false,"newPassed":false,"newBroken":false,"retriesCount":0,"retriesStatusChange":false,"parameters":["{'用例编号': 33, '用例标题': '学生推送操作信息_正常流程', '请求方法': 'POST', '请求地址': 'https://minicourse.test.venhalo.com/api/v1/interaction/message', '请求头': '{\"Content-Type\": \"application/json\", \"Authorization\": \"Bearer ${token}\"}', '请求参数': '{\"content\": \"学习了一节课\", \"type\": \"learning\"}', '期望结果': '{\"code\": 200, \"msg\": \"操作成功\"}', '数据库断言': None, '提取响应字段': None}"],"tags":[]},{"name":"test_register[case27]","uid":"ae1a0c56599dad06","parentUid":"a5d9ef0522fd887aea545fc743569c23","status":"broken","time":{"start":1758696307424,"stop":1758696307434,"duration":10},"flaky":false,"newFailed":false,"newPassed":false,"newBroken":false,"retriesCount":0,"retriesStatusChange":false,"parameters":["{'用例编号': 34, '用例标题': '学生推送操作信息_无效类型', '请求方法': 'POST', '请求地址': 'https://minicourse.test.venhalo.com/api/v1/interaction/message', '请求头': '{\"Content-Type\": \"application/json\", \"Authorization\": \"Bearer ${token}\"}', '请求参数': '{\"content\": \"学习了一节课\", \"type\": \"invalid_type\"}', '期望结果': '{\"code\": 400, \"msg\": \"无效的消息类型\"}', '数据库断言': None, '提取响应字段': None}"],"tags":[]}],"uid":"a5d9ef0522fd887aea545fc743569c23"},{"name":"requests.exceptions.ProxyError: HTTPSConnectionPool(host='minicourse.test.venhalo.com', port=443): Max retries exceeded with url: /api/v1/interaction/encouragement/student123 (Caused by ProxyError('Unable to connect to proxy', SSLError(SSLEOFError(8, 'EOF occurred in violation of protocol (_ssl.c:1129)'))))","children":[{"name":"test_register[case28]","uid":"13aaf43efbe5f5b9","parentUid":"2a9111c0d22c437faa2d65c0185121ff","status":"broken","time":{"start":1758696307460,"stop":1758696307474,"duration":14},"flaky":false,"newFailed":false,"newPassed":false,"newBroken":false,"retriesCount":0,"retriesStatusChange":false,"parameters":["{'用例编号': 36, '用例标题': '家长学生互动鼓励信息_POST_正常流程', '请求方法': 'POST', '请求地址': 'https://minicourse.test.venhalo.com/api/v1/interaction/encouragement/student123', '请求头': '{\"Content-Type\": \"application/json\", \"Authorization\": \"Bearer ${token}\"}', '请求参数': '{\"content\": \"继续加油！\"}', '期望结果': '{\"code\": 200, \"msg\": \"操作成功\"}', '数据库断言': None, '提取响应字段': None}"],"tags":[]}],"uid":"2a9111c0d22c437faa2d65c0185121ff"},{"name":"requests.exceptions.ProxyError: HTTPSConnectionPool(host='minicourse.test.venhalo.com', port=443): Max retries exceeded with url: /api/v1/order/list (Caused by ProxyError('Unable to connect to proxy', SSLError(SSLEOFError(8, 'EOF occurred in violation of protocol (_ssl.c:1129)'))))","children":[{"name":"test_register[case29]","uid":"82686b4ddb4ba9f1","parentUid":"bd966afb388489643953c2d029336007","status":"broken","time":{"start":1758696307500,"stop":1758696307509,"duration":9},"flaky":false,"newFailed":false,"newPassed":false,"newBroken":false,"retriesCount":0,"retriesStatusChange":false,"parameters":["{'用例编号': 37, '用例标题': '获取订单列表（分页）_正常流程', '请求方法': 'POST', '请求地址': 'https://minicourse.test.venhalo.com/api/v1/order/list', '请求头': '{\"Content-Type\": \"application/json\", \"Authorization\": \"Bearer ${token}\"}', '请求参数': '{\"page\": 1, \"pageSize\": 10}', '期望结果': '{\"orders\": [], \"total\": 0, \"page\": 1, \"pageSize\": 10}', '数据库断言': None, '提取响应字段': None}"],"tags":[]},{"name":"test_register[case30]","uid":"8449eeb96005f9b3","parentUid":"bd966afb388489643953c2d029336007","status":"broken","time":{"start":1758696307550,"stop":1758696307558,"duration":8},"flaky":false,"newFailed":false,"newPassed":false,"newBroken":false,"retriesCount":0,"retriesStatusChange":false,"parameters":["{'用例编号': 38, '用例标题': '获取订单列表（分页）_分页参数错误', '请求方法': 'POST', '请求地址': 'https://minicourse.test.venhalo.com/api/v1/order/list', '请求头': '{\"Content-Type\": \"application/json\", \"Authorization\": \"Bearer ${token}\"}', '请求参数': '{\"page\": -1, \"pageSize\": 10}', '期望结果': '{\"code\": 400, \"msg\": \"分页参数错误\"}', '数据库断言': None, '提取响应字段': None}"],"tags":[]}],"uid":"bd966afb388489643953c2d029336007"},{"name":"requests.exceptions.ProxyError: HTTPSConnectionPool(host='minicourse.test.venhalo.com', port=443): Max retries exceeded with url: /api/v1/order/order123 (Caused by ProxyError('Unable to connect to proxy', SSLError(SSLEOFError(8, 'EOF occurred in violation of protocol (_ssl.c:1129)'))))","children":[{"name":"test_register[case31]","uid":"1cabe56e43ebf32a","parentUid":"d2563abf5bebce918ec4847e531265c3","status":"broken","time":{"start":1758696307583,"stop":1758696307591,"duration":8},"flaky":false,"newFailed":false,"newPassed":false,"newBroken":false,"retriesCount":0,"retriesStatusChange":false,"parameters":["{'用例编号': 39, '用例标题': '获取订单详情_正常流程', '请求方法': 'GET', '请求地址': 'https://minicourse.test.venhalo.com/api/v1/order/order123', '请求头': '{\"Content-Type\": \"application/json\", \"Authorization\": \"Bearer ${token}\"}', '请求参数': None, '期望结果': '{\"orderId\": \"order123\", \"amount\": 99.99, \"status\": \"paid\"}', '数据库断言': None, '提取响应字段': None}"],"tags":[]}],"uid":"d2563abf5bebce918ec4847e531265c3"},{"name":"requests.exceptions.ProxyError: HTTPSConnectionPool(host='minicourse.test.venhalo.com', port=443): Max retries exceeded with url: /api/v1/order/invalid_id (Caused by ProxyError('Unable to connect to proxy', SSLError(SSLEOFError(8, 'EOF occurred in violation of protocol (_ssl.c:1129)'))))","children":[{"name":"test_register[case32]","uid":"1aa452892b353fa8","parentUid":"5fa84bd5b629ca8536f8654b696040ee","status":"broken","time":{"start":1758696307617,"stop":1758696307625,"duration":8},"flaky":false,"newFailed":false,"newPassed":false,"newBroken":false,"retriesCount":0,"retriesStatusChange":false,"parameters":["{'用例编号': 40, '用例标题': '获取订单详情_无效ID', '请求方法': 'GET', '请求地址': 'https://minicourse.test.venhalo.com/api/v1/order/invalid_id', '请求头': '{\"Content-Type\": \"application/json\", \"Authorization\": \"Bearer ${token}\"}', '请求参数': None, '期望结果': '{\"code\": 404, \"msg\": \"订单不存在\"}', '数据库断言': None, '提取响应字段': None}"],"tags":[]}],"uid":"5fa84bd5b629ca8536f8654b696040ee"},{"name":"requests.exceptions.ProxyError: HTTPSConnectionPool(host='minicourse.test.venhalo.com', port=443): Max retries exceeded with url: /api/v1/payment/wx/creation (Caused by ProxyError('Unable to connect to proxy', SSLError(SSLEOFError(8, 'EOF occurred in violation of protocol (_ssl.c:1129)'))))","children":[{"name":"test_register[case33]","uid":"333e87b4388ee59b","parentUid":"eb105abdf100ad9a0a4581da6807a2a6","status":"broken","time":{"start":1758696307650,"stop":1758696307658,"duration":8},"flaky":false,"newFailed":false,"newPassed":false,"newBroken":false,"retriesCount":0,"retriesStatusChange":false,"parameters":["{'用例编号': 41, '用例标题': '微信支付创建订单（预支付）_正常流程', '请求方法': 'POST', '请求地址': 'https://minicourse.test.venhalo.com/api/v1/payment/wx/creation', '请求头': '{\"Content-Type\": \"application/json\", \"Authorization\": \"Bearer ${token}\"}', '请求参数': '{\"minicourseId\": \"course123\", \"amount\": 99.99, \"subject\": \"课程购买\"}', '期望结果': '{\"orderId\": \"order123\", \"prepayId\": \"prepay123\"}', '数据库断言': None, '提取响应字段': None}"],"tags":[]},{"name":"test_register[case34]","uid":"1cc4f2f9af00cacd","parentUid":"eb105abdf100ad9a0a4581da6807a2a6","status":"broken","time":{"start":1758696307697,"stop":1758696307706,"duration":9},"flaky":false,"newFailed":false,"newPassed":false,"newBroken":false,"retriesCount":0,"retriesStatusChange":false,"parameters":["{'用例编号': 42, '用例标题': '微信支付创建订单（预支付）_金额为0', '请求方法': 'POST', '请求地址': 'https://minicourse.test.venhalo.com/api/v1/payment/wx/creation', '请求头': '{\"Content-Type\": \"application/json\", \"Authorization\": \"Bearer ${token}\"}', '请求参数': '{\"minicourseId\": \"course123\", \"amount\": 0, \"subject\": \"课程购买\"}', '期望结果': '{\"code\": 400, \"msg\": \"支付金额不能为0\"}', '数据库断言': None, '提取响应字段': None}"],"tags":[]}],"uid":"eb105abdf100ad9a0a4581da6807a2a6"},{"name":"requests.exceptions.ProxyError: HTTPSConnectionPool(host='minicourse.test.venhalo.com', port=443): Max retries exceeded with url: /api/v1/payment/wx/paysign/order123 (Caused by ProxyError('Unable to connect to proxy', SSLError(SSLEOFError(8, 'EOF occurred in violation of protocol (_ssl.c:1129)'))))","children":[{"name":"test_register[case36]","uid":"936c84d3e31a4876","parentUid":"348c2cab993c6722c3f14e7b4f0fae48","status":"broken","time":{"start":1758696307738,"stop":1758696307747,"duration":9},"flaky":false,"newFailed":false,"newPassed":false,"newBroken":false,"retriesCount":0,"retriesStatusChange":false,"parameters":["{'用例编号': 44, '用例标题': '获取微信JSAPI支付所需签名参数_正常流程', '请求方法': 'GET', '请求地址': 'https://minicourse.test.venhalo.com/api/v1/payment/wx/paysign/order123', '请求头': '{\"Content-Type\": \"application/json\", \"Authorization\": \"Bearer ${token}\"}', '请求参数': None, '期望结果': '{\"appId\": \"wx_appid\", \"timeStamp\": \"timestamp\", \"nonceStr\": \"noncestr\", \"package\": \"prepay_id=prepay123\", \"signType\": \"MD5\", \"paySign\": \"signature\"}', '数据库断言': None, '提取响应字段': None}"],"tags":[]}],"uid":"348c2cab993c6722c3f14e7b4f0fae48"},{"name":"requests.exceptions.ProxyError: HTTPSConnectionPool(host='minicourse.test.venhalo.com', port=443): Max retries exceeded with url: /api/v1/payment/wx/trade123 (Caused by ProxyError('Unable to connect to proxy', SSLError(SSLEOFError(8, 'EOF occurred in violation of protocol (_ssl.c:1129)'))))","children":[{"name":"test_register[case37]","uid":"f4bd9551b5a329e6","parentUid":"12821599ad0985dd39d29cb15a67c8f5","status":"broken","time":{"start":1758696307773,"stop":1758696307782,"duration":9},"flaky":false,"newFailed":false,"newPassed":false,"newBroken":false,"retriesCount":0,"retriesStatusChange":false,"parameters":["{'用例编号': 45, '用例标题': '微信查询订单信息_正常流程', '请求方法': 'GET', '请求地址': 'https://minicourse.test.venhalo.com/api/v1/payment/wx/trade123', '请求头': '{\"Content-Type\": \"application/json\", \"Authorization\": \"Bearer ${token}\"}', '请求参数': None, '期望结果': '{\"tradeNo\": \"trade123\", \"status\": \"paid\", \"amount\": 99.99}', '数据库断言': None, '提取响应字段': None}"],"tags":[]}],"uid":"12821599ad0985dd39d29cb15a67c8f5"},{"name":"requests.exceptions.ProxyError: HTTPSConnectionPool(host='minicourse.test.venhalo.com', port=443): Max retries exceeded with url: /api/v1/payment/wx/order123 (Caused by ProxyError('Unable to connect to proxy', SSLError(SSLEOFError(8, 'EOF occurred in violation of protocol (_ssl.c:1129)'))))","children":[{"name":"test_register[case38]","uid":"d51a452d7c5597ef","parentUid":"2efd4cf709a82ad89fa0b566af92293c","status":"broken","time":{"start":1758696307807,"stop":1758696307817,"duration":10},"flaky":false,"newFailed":false,"newPassed":false,"newBroken":false,"retriesCount":0,"retriesStatusChange":false,"parameters":["{'用例编号': 46, '用例标题': '关闭微信支付订单_正常流程', '请求方法': 'DELETE', '请求地址': 'https://minicourse.test.venhalo.com/api/v1/payment/wx/order123', '请求头': '{\"Content-Type\": \"application/json\", \"Authorization\": \"Bearer ${token}\"}', '请求参数': None, '期望结果': '{\"code\": 200, \"msg\": \"操作成功\"}', '数据库断言': None, '提取响应字段': None}"],"tags":[]}],"uid":"2efd4cf709a82ad89fa0b566af92293c"},{"name":"requests.exceptions.ProxyError: HTTPSConnectionPool(host='minicourse.test.venhalo.com', port=443): Max retries exceeded with url: /api/v1/payment/wx/refund (Caused by ProxyError('Unable to connect to proxy', SSLError(SSLEOFError(8, 'EOF occurred in violation of protocol (_ssl.c:1129)'))))","children":[{"name":"test_register[case39]","uid":"e10d98aa11e6753b","parentUid":"8807a529ee20ccaf80d87f23654bca3a","status":"broken","time":{"start":1758696307841,"stop":1758696307850,"duration":9},"flaky":false,"newFailed":false,"newPassed":false,"newBroken":false,"retriesCount":0,"retriesStatusChange":false,"parameters":["{'用例编号': 47, '用例标题': '申请微信退款_正常流程', '请求方法': 'POST', '请求地址': 'https://minicourse.test.venhalo.com/api/v1/payment/wx/refund', '请求头': '{\"Content-Type\": \"application/json\", \"Authorization\": \"Bearer ${token}\"}', '请求参数': '{\"orderId\": \"order123\", \"refundAmount\": 99.99, \"refundReason\": \"课程退款\"}', '期望结果': '{\"refundId\": \"refund123\", \"refundStatus\": \"PROCESSING\"}', '数据库断言': None, '提取响应字段': None}"],"tags":[]},{"name":"test_register[case40]","uid":"778f5b097c1c9b4d","parentUid":"8807a529ee20ccaf80d87f23654bca3a","status":"broken","time":{"start":1758696307891,"stop":1758696307899,"duration":8},"flaky":false,"newFailed":false,"newPassed":false,"newBroken":false,"retriesCount":0,"retriesStatusChange":false,"parameters":["{'用例编号': 48, '用例标题': '申请微信退款_退款金额大于支付金额', '请求方法': 'POST', '请求地址': 'https://minicourse.test.venhalo.com/api/v1/payment/wx/refund', '请求头': '{\"Content-Type\": \"application/json\", \"Authorization\": \"Bearer ${token}\"}', '请求参数': '{\"orderId\": \"order123\", \"refundAmount\": 200, \"refundReason\": \"课程退款\"}', '期望结果': '{\"code\": 400, \"msg\": \"退款金额不能大于支付金额\"}', '数据库断言': None, '提取响应字段': None}"],"tags":[]}],"uid":"8807a529ee20ccaf80d87f23654bca3a"},{"name":"requests.exceptions.ProxyError: HTTPSConnectionPool(host='minicourse.test.venhalo.com', port=443): Max retries exceeded with url: /api/v1/family/bind/par (Caused by ProxyError('Unable to connect to proxy', SSLError(SSLEOFError(8, 'EOF occurred in violation of protocol (_ssl.c:1129)'))))","children":[{"name":"test_register[case46]","uid":"e5b4671ee71de52a","parentUid":"0ac4f0df674c656671524e16055d55cc","status":"broken","time":{"start":1758696308089,"stop":1758696308097,"duration":8},"flaky":false,"newFailed":false,"newPassed":false,"newBroken":false,"retriesCount":0,"retriesStatusChange":false,"parameters":["{'用例编号': 54, '用例标题': '添加家庭成员（家长）_正常流程', '请求方法': 'POST', '请求地址': 'https://minicourse.test.venhalo.com/api/v1/family/bind/par', '请求头': '{\"Content-Type\": \"application/json\", \"Authorization\": \"Bearer ${token}\"}', '请求参数': '{\"phone\": \"13900139000\", \"relation\": \"father\"}', '期望结果': '{\"code\": 200, \"msg\": \"操作成功\"}', '数据库断言': None, '提取响应字段': None}"],"tags":[]},{"name":"test_register[case47]","uid":"847d0dcc3c0a4bb4","parentUid":"0ac4f0df674c656671524e16055d55cc","status":"broken","time":{"start":1758696308123,"stop":1758696308132,"duration":9},"flaky":false,"newFailed":false,"newPassed":false,"newBroken":false,"retriesCount":0,"retriesStatusChange":false,"parameters":["{'用例编号': 55, '用例标题': '添加家庭成员（家长）_无效手机号', '请求方法': 'POST', '请求地址': 'https://minicourse.test.venhalo.com/api/v1/family/bind/par', '请求头': '{\"Content-Type\": \"application/json\", \"Authorization\": \"Bearer ${token}\"}', '请求参数': '{\"phone\": \"1234567890\", \"relation\": \"father\"}', '期望结果': '{\"code\": 400, \"msg\": \"手机号格式不正确\"}', '数据库断言': None, '提取响应字段': None}"],"tags":[]}],"uid":"0ac4f0df674c656671524e16055d55cc"}],"uid":"bdbf199525818fae7a8651db9eafe741"}]}