{"uid":"4b4757e66a1912dae1a509f688f20b0f","name":"categories","children":[{"name":"Test defects","children":[{"name":"TypeError: the JSON object must be str, bytes or bytearray, not NoneType","children":[{"name":"test_register[case19]","uid":"dc65076aa4a2f5d2","parentUid":"7da79e8fc376b9087c95024f4bafecc7","status":"broken","time":{"start":1758523045184,"stop":1758523045184,"duration":0},"flaky":false,"newFailed":false,"newPassed":false,"newBroken":false,"retriesCount":0,"retriesStatusChange":false,"parameters":["{'用例编号': 20, '用例标题': '分页获取我的小课包列表【学生端】_无权限', '请求方法': 'POST', '请求地址': 'https://minicourse.test.venhalo.com/api/v1/minicourse/stu/list', '请求头': '{\"Content-Type\": \"application/json\"}', '请求参数': None, '期望结果': '{\"code\": 401, \"msg\": \"未授权\"}', '数据库断言': None, '提取响应字段': None}"],"tags":[]}],"uid":"7da79e8fc376b9087c95024f4bafecc7"},{"name":"AttributeError: 'NoneType' object has no attribute 'status_code'","children":[{"name":"test_register[case26]","uid":"913a4207b7fcdf6e","parentUid":"7a38ce2d24faa1d3962a0a7ed03971a4","status":"broken","time":{"start":1758523045497,"stop":1758523045507,"duration":10},"flaky":false,"newFailed":false,"newPassed":false,"newBroken":false,"retriesCount":0,"retriesStatusChange":false,"parameters":["{'用例编号': 27, '用例标题': '更新学生学习状态【正在学习】_正常流程', '请求方法': 'PATCH', '请求地址': 'https://minicourse.test.venhalo.com/api/v1/situation/start', '请求头': '{\"Content-Type\": \"application/json\", \"Authorization\": \"Bearer ${token}\"}', '请求参数': '{\"minicourseId\": \"course123\"}', '期望结果': '{\"code\": 200, \"msg\": \"操作成功\"}', '数据库断言': None, '提取响应字段': None}"],"tags":[]},{"name":"test_register[case27]","uid":"cd416276a0b37cac","parentUid":"7a38ce2d24faa1d3962a0a7ed03971a4","status":"broken","time":{"start":1758523045512,"stop":1758523045512,"duration":0},"flaky":false,"newFailed":false,"newPassed":false,"newBroken":false,"retriesCount":0,"retriesStatusChange":false,"parameters":["{'用例编号': 28, '用例标题': '更新学生学习状态【正在学习】_无效课程ID', '请求方法': 'PATCH', '请求地址': 'https://minicourse.test.venhalo.com/api/v1/situation/start', '请求头': '{\"Content-Type\": \"application/json\", \"Authorization\": \"Bearer ${token}\"}', '请求参数': '{\"minicourseId\": \"invalid_id\"}', '期望结果': '{\"code\": 404, \"msg\": \"课程不存在\"}', '数据库断言': None, '提取响应字段': None}"],"tags":[]},{"name":"test_register[case39]","uid":"cf34bf98403672f4","parentUid":"7a38ce2d24faa1d3962a0a7ed03971a4","status":"broken","time":{"start":1758523046417,"stop":1758523046422,"duration":5},"flaky":false,"newFailed":false,"newPassed":false,"newBroken":false,"retriesCount":0,"retriesStatusChange":false,"parameters":["{'用例编号': 43, '用例标题': '微信支付回调_正常流程', '请求方法': 'POST', '请求地址': 'https://minicourse.test.venhalo.com/api/v1/payment/wx/pay/callback', '请求头': '{\"Content-Type\": \"application/xml\"}', '请求参数': 'xml_data', '期望结果': '<xml><return_code><![CDATA[SUCCESS]]></return_code><return_msg><![CDATA[OK]]></return_msg></xml>', '数据库断言': None, '提取响应字段': None}"],"tags":[]},{"name":"test_register[case45]","uid":"a376e30b73ff5c26","parentUid":"7a38ce2d24faa1d3962a0a7ed03971a4","status":"broken","time":{"start":1758523047399,"stop":1758523047399,"duration":0},"flaky":false,"newFailed":false,"newPassed":false,"newBroken":false,"retriesCount":0,"retriesStatusChange":false,"parameters":["{'用例编号': 49, '用例标题': '微信退款回调_正常流程', '请求方法': 'POST', '请求地址': 'https://minicourse.test.venhalo.com/api/v1/payment/wx/refund/callback', '请求头': '{\"Content-Type\": \"application/xml\"}', '请求参数': 'xml_data', '期望结果': '<xml><return_code><![CDATA[SUCCESS]]></return_code><return_msg><![CDATA[OK]]></return_msg></xml>', '数据库断言': None, '提取响应字段': None}"],"tags":[]}],"uid":"7a38ce2d24faa1d3962a0a7ed03971a4"},{"name":"TypeError: 'bool' object is not subscriptable","children":[{"name":"test_order[case4]","uid":"bf946d7878cb4dfa","parentUid":"c592040e2306d463e6685639a7b719af","status":"broken","time":{"start":1758523051799,"stop":1758523051892,"duration":93},"flaky":false,"newFailed":false,"newPassed":false,"newBroken":false,"retriesCount":0,"retriesStatusChange":false,"parameters":["{'用例编号': 5, '用例标题': '查询购物车', '请求地址': 'http://shop.lemonban.com:8107/p/shopCart/info', '请求方法': 'POST', '请求头': '{\"Authorization\":\"bearer${token}\",\"Content-Type\":\"application/json;charset=utf-8\"}', '请求参数': '[]', '期望结果': '{\"status_code\":200}', '提取响应字段': '{\"basket_id\":\"$..basketId\"}', '数据库断言': None}"],"tags":[]}],"uid":"c592040e2306d463e6685639a7b719af"},{"name":"json.decoder.JSONDecodeError: Expecting value: line 1 column 26 (char 25)","children":[{"name":"test_order[case5]","uid":"f1c1205e61021912","parentUid":"27da1b5e51bce27b5d3924fea3ee2861","status":"broken","time":{"start":1758523051897,"stop":1758523051897,"duration":0},"flaky":false,"newFailed":false,"newPassed":false,"newBroken":false,"retriesCount":0,"retriesStatusChange":false,"parameters":["{'用例编号': 6, '用例标题': '确认订单', '请求地址': 'http://shop.lemonban.com:8107/p/order/confirm', '请求方法': 'POST', '请求头': '{\"Authorization\":\"bearer${token}\",\"Content-Type\":\"application/json;charset=utf-8\"}', '请求参数': '{\"addrId\":0,\"basketIds\":[${basket_id}],\"couponIds\":[],\"isScorePay\":0,\"userChangeCoupon\":0,\"userUseScore\":0,\"uuid\":\"87140837-672c-410a-89d1-be4d690a401e\"}', '期望结果': '{\"status_code\":200}', '提取响应字段': None, '数据库断言': None}"],"tags":[]}],"uid":"27da1b5e51bce27b5d3924fea3ee2861"}],"uid":"bdbf199525818fae7a8651db9eafe741"},{"name":"Product defects","children":[{"name":"AssertionError","children":[{"name":"test_order[case3]","uid":"cb4adb0c27343cd0","parentUid":"a0017ad855102fea08b8682d27fec4ca","status":"failed","time":{"start":1758523051700,"stop":1758523051789,"duration":89},"flaky":false,"newFailed":false,"newPassed":false,"newBroken":false,"retriesCount":0,"retriesStatusChange":false,"parameters":["{'用例编号': 4, '用例标题': '添加到放购物车', '请求地址': 'http://shop.lemonban.com:8107/p/shopCart/changeItem', '请求方法': 'POST', '请求头': '{\"Authorization\":\"bearer${token}\",\"Content-Type\":\"application/json;charset=utf-8\"}', '请求参数': '{\"basketId\": 0, \"count\": 1, \"prodId\": ${prod_id}, \"shopId\": 1, \"skuId\": ${sku_id}}', '期望结果': '{\"status_code\":200}', '提取响应字段': None, '数据库断言': None}"],"tags":[]},{"name":"test_order[case6]","uid":"ccb6924008580970","parentUid":"a0017ad855102fea08b8682d27fec4ca","status":"failed","time":{"start":1758523051909,"stop":1758523051990,"duration":81},"flaky":false,"newFailed":false,"newPassed":false,"newBroken":false,"retriesCount":0,"retriesStatusChange":false,"parameters":["{'用例编号': 7, '用例标题': '提交订单', '请求地址': 'http://shop.lemonban.com:8107/p/order/submit', '请求方法': 'POST', '请求头': '{\"Authorization\":\"bearer${token}\",\"Content-Type\":\"application/json;charset=utf-8\"}', '请求参数': '{\"orderShopParam\":[{\"remarks\":\"\",\"shopId\":1}],\"uuid\":\"87140837-672c-410a-89d1-be4d690a401e\"}', '期望结果': '{\"status_code\":200}', '提取响应字段': '{\"order_number\":\"$.orderNumbers\"}', '数据库断言': '{\"select count(*) from tz_order where order_number =\\'${order_number}\\';\":1}'}"],"tags":[]},{"name":"test_order[case7]","uid":"d4a2e52cdae566e6","parentUid":"a0017ad855102fea08b8682d27fec4ca","status":"failed","time":{"start":1758523051995,"stop":1758523052098,"duration":103},"flaky":false,"newFailed":false,"newPassed":false,"newBroken":false,"retriesCount":0,"retriesStatusChange":false,"parameters":["{'用例编号': 8, '用例标题': '选择支付方式', '请求地址': 'http://shop.lemonban.com:8107/p/order/pay', '请求方法': 'POST', '请求头': '{\"Authorization\":\"bearer${token}\",\"Content-Type\":\"application/json;charset=utf-8\"}', '请求参数': '{\"payType\":3,\"orderNumbers\":\"${order_number}\"}', '期望结果': '{\"status_code\":200}', '提取响应字段': None, '数据库断言': None}"],"tags":[]},{"name":"test_order[case8]","uid":"d584ab6c897d049b","parentUid":"a0017ad855102fea08b8682d27fec4ca","status":"failed","time":{"start":1758523052108,"stop":1758523052253,"duration":145},"flaky":false,"newFailed":false,"newPassed":false,"newBroken":false,"retriesCount":0,"retriesStatusChange":false,"parameters":["{'用例编号': 9, '用例标题': '模拟回调支付', '请求地址': 'http://mall.lemonban.com:8107/notice/pay/3', '请求方法': 'POST', '请求头': '{\"Authorization\":\"bearer${token}\",\"Content-Type\":\"application/json;charset=utf-8\"}', '请求参数': '{\"payNo\":\"${order_number}\",\"bizPayNo\":\"xxxxx\",\"isPaySuccess\":\"true\"}', '期望结果': '{\"status_code\":200}', '提取响应字段': None, '数据库断言': None}"],"tags":[]},{"name":"test_order[case9]","uid":"68c633aaa272d5b","parentUid":"a0017ad855102fea08b8682d27fec4ca","status":"failed","time":{"start":1758523052258,"stop":1758523052349,"duration":91},"flaky":false,"newFailed":false,"newPassed":false,"newBroken":false,"retriesCount":0,"retriesStatusChange":false,"parameters":["{'用例编号': 10, '用例标题': '查询订单支付状态', '请求地址': 'http://shop.lemonban.com:8107/p/order/isPay/${order_number}', '请求方法': 'GET', '请求头': '{\"Authorization\":\"bearer${token}\"}', '请求参数': None, '期望结果': '{\"status_code\":200,\"text\":\"true\"}', '提取响应字段': None, '数据库断言': '{\"select status from tz_order where order_number =\\'${order_number}\\';\":2}'}"],"tags":[]}],"uid":"a0017ad855102fea08b8682d27fec4ca"}],"uid":"8fb3a91ba5aaf9de24cc8a92edc82b5d"}]}