{"uid":"4b4757e66a1912dae1a509f688f20b0f","name":"categories","children":[{"name":"Test defects","children":[{"name":"requests.exceptions.ProxyError: HTTPSConnectionPool(host='minicourse.test.venhalo.com', port=443): Max retries exceeded with url: /api/v1/auth/verification/code (Caused by ProxyError('Unable to connect to proxy', SSLError(SSLEOFError(8, 'EOF occurred in violation of protocol (_ssl.c:1129)'))))","children":[{"name":"test_register[case0]","uid":"e72ab070149881cc","parentUid":"ee4102e91ba9be063192c1b6436b4251","status":"broken","time":{"start":1758533416647,"stop":1758533416677,"duration":30},"flaky":false,"newFailed":false,"newPassed":false,"newBroken":false,"retriesCount":0,"retriesStatusChange":false,"parameters":["{'用例编号': 1, '用例标题': '获取注册短信验证码', '请求地址': 'https://minicourse.test.venhalo.com/api/v1/auth/verification/code', '请求方法': 'POST', '请求头': '{\"Content-Type\":\"application/json;charset=utf-8\"}', '请求参数': '{\"phone\":\"${mobile_phone}\",\"role\": \"parent\"}', '期望结果': None, '数据库断言': None, '提取响应字段': '{\"code\" :\"$.data.code\"}'}"],"tags":[]},{"name":"test_register[case11]","uid":"df8317d1c5a53fd4","parentUid":"ee4102e91ba9be063192c1b6436b4251","status":"broken","time":{"start":1758533417442,"stop":1758533417451,"duration":9},"flaky":false,"newFailed":false,"newPassed":false,"newBroken":false,"retriesCount":0,"retriesStatusChange":false,"parameters":["{'用例编号': 12, '用例标题': '获取注册短信验证码', '请求方法': 'POST', '请求地址': 'https://minicourse.test.venhalo.com/api/v1/auth/verification/code', '请求头': '{\"Content-Type\":\"application/json;charset=utf-8\"}', '请求参数': '{\"phone\":\"${mobile_phone}\",\"role\": \"parent\"}', '期望结果': None, '数据库断言': None, '提取响应字段': '{\"code\" :\"$.data.code\"}'}"],"tags":[]},{"name":"test_register[case0]","uid":"4b150f6671005f7c","parentUid":"ee4102e91ba9be063192c1b6436b4251","status":"broken","time":{"start":1758533419038,"stop":1758533419046,"duration":8},"flaky":false,"newFailed":false,"newPassed":false,"newBroken":false,"retriesCount":0,"retriesStatusChange":false,"parameters":["{'用例编号': 1, '用例标题': '获取注册短信验证码', '请求地址': 'https://minicourse.test.venhalo.com/api/v1/auth/verification/code', '请求方法': 'POST', '请求头': '{\"Content-Type\":\"application/json;charset=utf-8\"}', '请求参数': '{\"phone\":\"${mobile_phone}\",\"role\": \"parent\"}', '期望结果': None, '数据库断言': None, '提取响应字段': '{\"code\" :\"$.data.code\"}'}"],"tags":[]}],"uid":"ee4102e91ba9be063192c1b6436b4251"},{"name":"requests.exceptions.ProxyError: HTTPSConnectionPool(host='minicourse.test.venhalo.com', port=443): Max retries exceeded with url: /api/v1/auth/verification/verify (Caused by ProxyError('Unable to connect to proxy', SSLError(SSLEOFError(8, 'EOF occurred in violation of protocol (_ssl.c:1129)'))))","children":[{"name":"test_register[case1]","uid":"aecdb8f60864e820","parentUid":"3fa552268264bb1c34779766d7754204","status":"broken","time":{"start":1758533416766,"stop":1758533416776,"duration":10},"flaky":false,"newFailed":false,"newPassed":false,"newBroken":false,"retriesCount":0,"retriesStatusChange":false,"parameters":["{'用例编号': 2, '用例标题': '校验注册短信验证码并登录', '请求地址': 'https://minicourse.test.venhalo.com//api/v1/auth/verification/verify', '请求方法': 'POST', '请求头': '{\"Content-Type\":\"application/json;charset=utf-8\"}', '请求参数': '{\"phone\":\"${mobile_phone}\",\"role\":\"parent\",\"code\": \"${code}\"}', '期望结果': '{\"$.message\":\"成功\"}', '数据库断言': '{\"select phone from user where phone = \\'${mobile_phone}\\';\":\"${mobile_phone}\"}', '提取响应字段': '{\"token\" :\"$.data.token\"}'}"],"tags":[]},{"name":"test_register[case12]","uid":"f4de7c4cda6cb164","parentUid":"3fa552268264bb1c34779766d7754204","status":"broken","time":{"start":1758533417473,"stop":1758533417483,"duration":10},"flaky":false,"newFailed":false,"newPassed":false,"newBroken":false,"retriesCount":0,"retriesStatusChange":false,"parameters":["{'用例编号': 13, '用例标题': '校验注册短信验证码并登录', '请求方法': 'POST', '请求地址': 'https://minicourse.test.venhalo.com//api/v1/auth/verification/verify', '请求头': '{\"Content-Type\":\"application/json;charset=utf-8\"}', '请求参数': '{\"phone\":\"${mobile_phone}\",\"role\":\"parent\",\"code\": \"${code}\"}', '期望结果': '{\"$.message\":\"成功\"}', '数据库断言': '{\"select phone from user where phone = \\'${mobile_phone}\\';\":\"${mobile_phone}\"}', '提取响应字段': '{\"token\" :\"$.data.token\"}'}"],"tags":[]},{"name":"test_register[case1]","uid":"aa4d40cc81605dd0","parentUid":"3fa552268264bb1c34779766d7754204","status":"broken","time":{"start":1758533419070,"stop":1758533419085,"duration":15},"flaky":false,"newFailed":false,"newPassed":false,"newBroken":false,"retriesCount":0,"retriesStatusChange":false,"parameters":["{'用例编号': 2, '用例标题': '校验注册短信验证码并登录', '请求地址': 'https://minicourse.test.venhalo.com//api/v1/auth/verification/verify', '请求方法': 'POST', '请求头': '{\"Content-Type\":\"application/json;charset=utf-8\"}', '请求参数': '{\"phone\":\"${mobile_phone}\",\"role\":\"parent\",\"code\": \"${code}\"}', '期望结果': '{\"$.message\":\"成功\"}', '数据库断言': '{\"select phone from user where phone = \\'${mobile_phone}\\';\":\"${mobile_phone}\"}', '提取响应字段': '{\"token\" :\"$.data.token\"}'}"],"tags":[]}],"uid":"3fa552268264bb1c34779766d7754204"},{"name":"requests.exceptions.ProxyError: HTTPSConnectionPool(host='minicourse.test.venhalo.com', port=443): Max retries exceeded with url: /api/v1/family/bind/stu (Caused by ProxyError('Unable to connect to proxy', SSLError(SSLEOFError(8, 'EOF occurred in violation of protocol (_ssl.c:1129)'))))","children":[{"name":"test_register[case2]","uid":"aa67c52d0bded037","parentUid":"b9ca943b472ce960e2bd8a9f8c93c91e","status":"broken","time":{"start":1758533416800,"stop":1758533416808,"duration":8},"flaky":false,"newFailed":false,"newPassed":false,"newBroken":false,"retriesCount":0,"retriesStatusChange":false,"parameters":["{'用例编号': 3, '用例标题': '绑定学生', '请求地址': 'https://minicourse.test.venhalo.com/api/v1/family/bind/stu', '请求方法': 'POST', '请求头': '{\"Authorization\":\"Bearer ${token}\",\"Content-Type\":\"application/json;charset=utf-8\"}', '请求参数': '{\\n    \"phoneNumber\": \"19208031004\",\\n    \"name\": \"测试绑定\",\\n    \"grade\": \"2\",\\n    \"gender\": \"男\"\\n}', '期望结果': '{\"$.message\":\"绑定成功\"}', '数据库断言': None, '提取响应字段': None}"],"tags":[]},{"name":"test_register[case52]","uid":"5628604ca5dde722","parentUid":"b9ca943b472ce960e2bd8a9f8c93c91e","status":"broken","time":{"start":1758533418806,"stop":1758533418814,"duration":8},"flaky":false,"newFailed":false,"newPassed":false,"newBroken":false,"retriesCount":0,"retriesStatusChange":false,"parameters":["{'用例编号': 56, '用例标题': '绑定学生_正常流程', '请求方法': 'POST', '请求地址': 'https://minicourse.test.venhalo.com/api/v1/family/bind/stu', '请求头': '{\"Content-Type\": \"application/json\", \"Authorization\": \"Bearer ${token}\"}', '请求参数': '{\"studentName\": \"学生姓名\", \"age\": 8, \"gender\": \"male\"}', '期望结果': '{\"code\": 200, \"msg\": \"操作成功\", \"studentId\": \"student123\"}', '数据库断言': None, '提取响应字段': None}"],"tags":[]},{"name":"test_register[case53]","uid":"84209a9e3f70ace2","parentUid":"b9ca943b472ce960e2bd8a9f8c93c91e","status":"broken","time":{"start":1758533418854,"stop":1758533418862,"duration":8},"flaky":false,"newFailed":false,"newPassed":false,"newBroken":false,"retriesCount":0,"retriesStatusChange":false,"parameters":["{'用例编号': 57, '用例标题': '绑定学生_缺少必填信息', '请求方法': 'POST', '请求地址': 'https://minicourse.test.venhalo.com/api/v1/family/bind/stu', '请求头': '{\"Content-Type\": \"application/json\", \"Authorization\": \"Bearer ${token}\"}', '请求参数': '{\"studentName\": \"学生姓名\"}', '期望结果': '{\"code\": 400, \"msg\": \"缺少必要信息\"}', '数据库断言': None, '提取响应字段': None}"],"tags":[]},{"name":"test_register[case2]","uid":"eef77fd70a5a97c2","parentUid":"b9ca943b472ce960e2bd8a9f8c93c91e","status":"broken","time":{"start":1758533419113,"stop":1758533419122,"duration":9},"flaky":false,"newFailed":false,"newPassed":false,"newBroken":false,"retriesCount":0,"retriesStatusChange":false,"parameters":["{'用例编号': 3, '用例标题': '绑定学生', '请求地址': 'https://minicourse.test.venhalo.com/api/v1/family/bind/stu', '请求方法': 'POST', '请求头': '{\"Authorization\":\"Bearer ${token}\",\"Content-Type\":\"application/json;charset=utf-8\"}', '请求参数': '{\\n    \"phoneNumber\": \"19208031004\",\\n    \"name\": \"测试绑定\",\\n    \"grade\": \"2\",\\n    \"gender\": \"男\"\\n}', '期望结果': '{\"$.message\":\"绑定成功\"}', '数据库断言': None, '提取响应字段': None}"],"tags":[]}],"uid":"b9ca943b472ce960e2bd8a9f8c93c91e"},{"name":"requests.exceptions.ProxyError: HTTPSConnectionPool(host='minicourse.test.venhalo.com', port=443): Max retries exceeded with url: /api/v1/user/par (Caused by ProxyError('Unable to connect to proxy', SSLError(SSLEOFError(8, 'EOF occurred in violation of protocol (_ssl.c:1129)'))))","children":[{"name":"test_register[case3]","uid":"af1c1e9398667652","parentUid":"1f88d51d2b7807bc0ba4f57b4859b443","status":"broken","time":{"start":1758533416834,"stop":1758533416846,"duration":12},"flaky":false,"newFailed":false,"newPassed":false,"newBroken":false,"retriesCount":0,"retriesStatusChange":false,"parameters":["{'用例编号': 4, '用例标题': '获取当前用户信息（家长）', '请求地址': 'https://minicourse.test.venhalo.com/api/v1/user/par', '请求方法': 'GET', '请求头': '{\"Authorization\":\"Bearer ${token}\",\"Content-Type\":\"application/json;charset=utf-8\"}', '请求参数': None, '期望结果': '{\"$.data.children[0].name\":\"测试绑定\"}', '数据库断言': None, '提取响应字段': '{\"studentId\":\"$.data.children[0].studentId\"}'}"],"tags":[]},{"name":"test_register[case5]","uid":"9f6beb549cd9bfee","parentUid":"1f88d51d2b7807bc0ba4f57b4859b443","status":"broken","time":{"start":1758533416923,"stop":1758533416932,"duration":9},"flaky":false,"newFailed":false,"newPassed":false,"newBroken":false,"retriesCount":0,"retriesStatusChange":false,"parameters":["{'用例编号': 6, '用例标题': '获取当前用户信息（家长）', '请求地址': 'https://minicourse.test.venhalo.com/api/v1/user/par', '请求方法': 'GET', '请求头': '{\"Authorization\":\"Bearer ${token}\",\"Content-Type\":\"application/json;charset=utf-8\"}', '请求参数': None, '期望结果': '{\"$.data.children[0].name\":\"更新test学生\"}', '数据库断言': None, '提取响应字段': None}"],"tags":[]},{"name":"test_register[case7]","uid":"5e4d7cb96dded3ee","parentUid":"1f88d51d2b7807bc0ba4f57b4859b443","status":"broken","time":{"start":1758533416989,"stop":1758533416997,"duration":8},"flaky":false,"newFailed":false,"newPassed":false,"newBroken":false,"retriesCount":0,"retriesStatusChange":false,"parameters":["{'用例编号': 8, '用例标题': '获取当前用户信息（家长）', '请求地址': 'https://minicourse.test.venhalo.com/api/v1/user/par', '请求方法': 'GET', '请求头': '{\"Authorization\":\"Bearer ${token}\",\"Content-Type\":\"application/json;charset=utf-8\"}', '请求参数': None, '期望结果': '{\"$.data.children[0].name\":{\"$ne\":\"更新test学生\"}}', '数据库断言': None, '提取响应字段': None}"],"tags":[]},{"name":"test_register[case46]","uid":"8d437cf87d00d99d","parentUid":"1f88d51d2b7807bc0ba4f57b4859b443","status":"broken","time":{"start":1758533418593,"stop":1758533418600,"duration":7},"flaky":false,"newFailed":false,"newPassed":false,"newBroken":false,"retriesCount":0,"retriesStatusChange":false,"parameters":["{'用例编号': 50, '用例标题': '获取当前用户信息（家长）_正常流程', '请求方法': 'GET', '请求地址': 'https://minicourse.test.venhalo.com/api/v1/user/par', '请求头': '{\"Content-Type\": \"application/json\", \"Authorization\": \"Bearer ${token}\"}', '请求参数': None, '期望结果': '{\"userId\": \"user123\", \"phone\": \"13800138000\", \"nickName\": \"家长昵称\", \"avatarUrl\": \"avatar_url\"}', '数据库断言': None, '提取响应字段': None}"],"tags":[]},{"name":"test_register[case47]","uid":"56bba38d555742ea","parentUid":"1f88d51d2b7807bc0ba4f57b4859b443","status":"broken","time":{"start":1758533418625,"stop":1758533418634,"duration":9},"flaky":false,"newFailed":false,"newPassed":false,"newBroken":false,"retriesCount":0,"retriesStatusChange":false,"parameters":["{'用例编号': 51, '用例标题': '获取当前用户信息（家长）_无权限', '请求方法': 'GET', '请求地址': 'https://minicourse.test.venhalo.com/api/v1/user/par', '请求头': '{\"Content-Type\": \"application/json\"}', '请求参数': None, '期望结果': '{\"code\": 401, \"msg\": \"未授权\"}', '数据库断言': None, '提取响应字段': None}"],"tags":[]},{"name":"test_register[case3]","uid":"5b639fd240910196","parentUid":"1f88d51d2b7807bc0ba4f57b4859b443","status":"broken","time":{"start":1758533419148,"stop":1758533419156,"duration":8},"flaky":false,"newFailed":false,"newPassed":false,"newBroken":false,"retriesCount":0,"retriesStatusChange":false,"parameters":["{'用例编号': 4, '用例标题': '获取当前用户信息（家长）', '请求地址': 'https://minicourse.test.venhalo.com/api/v1/user/par', '请求方法': 'GET', '请求头': '{\"Authorization\":\"Bearer ${token}\",\"Content-Type\":\"application/json;charset=utf-8\"}', '请求参数': None, '期望结果': '{\"$.data.children[0].name\":\"测试绑定\"}', '数据库断言': None, '提取响应字段': '{\"studentId\":\"$.data.children[0].studentId\"}'}"],"tags":[]},{"name":"test_register[case5]","uid":"7e403bbededb65ce","parentUid":"1f88d51d2b7807bc0ba4f57b4859b443","status":"broken","time":{"start":1758533419229,"stop":1758533419237,"duration":8},"flaky":false,"newFailed":false,"newPassed":false,"newBroken":false,"retriesCount":0,"retriesStatusChange":false,"parameters":["{'用例编号': 6, '用例标题': '获取当前用户信息（家长）', '请求地址': 'https://minicourse.test.venhalo.com/api/v1/user/par', '请求方法': 'GET', '请求头': '{\"Authorization\":\"Bearer ${token}\",\"Content-Type\":\"application/json;charset=utf-8\"}', '请求参数': None, '期望结果': '{\"$.data.children[0].name\":\"更新test学生\"}', '数据库断言': None, '提取响应字段': None}"],"tags":[]},{"name":"test_register[case7]","uid":"7210f3640c056ea","parentUid":"1f88d51d2b7807bc0ba4f57b4859b443","status":"broken","time":{"start":1758533419293,"stop":1758533419302,"duration":9},"flaky":false,"newFailed":false,"newPassed":false,"newBroken":false,"retriesCount":0,"retriesStatusChange":false,"parameters":["{'用例编号': 8, '用例标题': '获取当前用户信息（家长）', '请求地址': 'https://minicourse.test.venhalo.com/api/v1/user/par', '请求方法': 'GET', '请求头': '{\"Authorization\":\"Bearer ${token}\",\"Content-Type\":\"application/json;charset=utf-8\"}', '请求参数': None, '期望结果': '{\"$.data.children[0].name\":{\"$ne\":\"更新test学生\"}}', '数据库断言': None, '提取响应字段': None}"],"tags":[]}],"uid":"1f88d51d2b7807bc0ba4f57b4859b443"},{"name":"requests.exceptions.ProxyError: HTTPSConnectionPool(host='minicourse.test.venhalo.com', port=443): Max retries exceeded with url: /api/v1/user/stu (Caused by ProxyError('Unable to connect to proxy', SSLError(SSLEOFError(8, 'EOF occurred in violation of protocol (_ssl.c:1129)'))))","children":[{"name":"test_register[case4]","uid":"493ad80f25d3a5e9","parentUid":"24693c3a0f2cc232b54176ab4f4f39da","status":"broken","time":{"start":1758533416870,"stop":1758533416880,"duration":10},"flaky":false,"newFailed":false,"newPassed":false,"newBroken":false,"retriesCount":0,"retriesStatusChange":false,"parameters":["{'用例编号': 5, '用例标题': '更新学生信息', '请求地址': 'https://minicourse.test.venhalo.com/api/v1/user/stu', '请求方法': 'PUT', '请求头': '{\"Authorization\":\"Bearer ${token}\",\"Content-Type\":\"application/json;charset=utf-8\"}', '请求参数': '{\\n    \"userId\": \"${studentId}\",\\n    \"name\": \"更新test学生\",\\n    \"grade\": \"2\",\\n    \"gender\": \"0\"\\n}', '期望结果': '{\"$.message\":\"更新成功\"}', '数据库断言': '{\"select name from student_info where student_user_id = \\'${studentId}\\';\":\"更新test学生\"}', '提取响应字段': None}"],"tags":[]},{"name":"test_register[case48]","uid":"8673e74a1767e790","parentUid":"24693c3a0f2cc232b54176ab4f4f39da","status":"broken","time":{"start":1758533418659,"stop":1758533418668,"duration":9},"flaky":false,"newFailed":false,"newPassed":false,"newBroken":false,"retriesCount":0,"retriesStatusChange":false,"parameters":["{'用例编号': 52, '用例标题': '学生信息管理_GET_正常流程', '请求方法': 'GET', '请求地址': 'https://minicourse.test.venhalo.com/api/v1/user/stu', '请求头': '{\"Content-Type\": \"application/json\", \"Authorization\": \"Bearer ${token}\"}', '请求参数': None, '期望结果': '{\"studentId\": \"student123\", \"name\": \"学生姓名\", \"age\": 8, \"gender\": \"male\"}', '数据库断言': None, '提取响应字段': None}"],"tags":[]},{"name":"test_register[case49]","uid":"373aa3ede4ef370e","parentUid":"24693c3a0f2cc232b54176ab4f4f39da","status":"broken","time":{"start":1758533418710,"stop":1758533418718,"duration":8},"flaky":false,"newFailed":false,"newPassed":false,"newBroken":false,"retriesCount":0,"retriesStatusChange":false,"parameters":["{'用例编号': 53, '用例标题': '学生信息管理_PUT_正常流程', '请求方法': 'PUT', '请求地址': 'https://minicourse.test.venhalo.com/api/v1/user/stu', '请求头': '{\"Content-Type\": \"application/json\", \"Authorization\": \"Bearer ${token}\"}', '请求参数': '{\"studentId\": \"student123\", \"name\": \"新学生姓名\", \"age\": 9, \"gender\": \"male\"}', '期望结果': '{\"code\": 200, \"msg\": \"操作成功\"}', '数据库断言': None, '提取响应字段': None}"],"tags":[]},{"name":"test_register[case4]","uid":"b336d9195b6e1a29","parentUid":"24693c3a0f2cc232b54176ab4f4f39da","status":"broken","time":{"start":1758533419181,"stop":1758533419190,"duration":9},"flaky":false,"newFailed":false,"newPassed":false,"newBroken":false,"retriesCount":0,"retriesStatusChange":false,"parameters":["{'用例编号': 5, '用例标题': '更新学生信息', '请求地址': 'https://minicourse.test.venhalo.com/api/v1/user/stu', '请求方法': 'PUT', '请求头': '{\"Authorization\":\"Bearer ${token}\",\"Content-Type\":\"application/json;charset=utf-8\"}', '请求参数': '{\\n    \"userId\": \"${studentId}\",\\n    \"name\": \"更新test学生\",\\n    \"grade\": \"2\",\\n    \"gender\": \"0\"\\n}', '期望结果': '{\"$.message\":\"更新成功\"}', '数据库断言': '{\"select name from student_info where student_user_id = \\'${studentId}\\';\":\"更新test学生\"}', '提取响应字段': None}"],"tags":[]}],"uid":"24693c3a0f2cc232b54176ab4f4f39da"},{"name":"requests.exceptions.ProxyError: HTTPSConnectionPool(host='minicourse.test.venhalo.com', port=443): Max retries exceeded with url: /api/v1/family/stu/$%7BstudentId%7D (Caused by ProxyError('Unable to connect to proxy', SSLError(SSLEOFError(8, 'EOF occurred in violation of protocol (_ssl.c:1129)'))))","children":[{"name":"test_register[case6]","uid":"fa3f6516d773061d","parentUid":"493ada4cb5b6e05c213e6786239594da","status":"broken","time":{"start":1758533416957,"stop":1758533416966,"duration":9},"flaky":false,"newFailed":false,"newPassed":false,"newBroken":false,"retriesCount":0,"retriesStatusChange":false,"parameters":["{'用例编号': 7, '用例标题': '解绑学生（成功）', '请求地址': 'https://minicourse.test.venhalo.com/api/v1/family/stu/${studentId}', '请求方法': 'DELETE', '请求头': '{\"Authorization\":\"Bearer ${token}\",\"Content-Type\":\"application/json;charset=utf-8\"}', '请求参数': None, '期望结果': '{\"$.message\":\"解绑成功\"}', '数据库断言': None, '提取响应字段': None}"],"tags":[]},{"name":"test_register[case6]","uid":"c82ce2503ca650c5","parentUid":"493ada4cb5b6e05c213e6786239594da","status":"broken","time":{"start":1758533419260,"stop":1758533419269,"duration":9},"flaky":false,"newFailed":false,"newPassed":false,"newBroken":false,"retriesCount":0,"retriesStatusChange":false,"parameters":["{'用例编号': 7, '用例标题': '解绑学生（成功）', '请求地址': 'https://minicourse.test.venhalo.com/api/v1/family/stu/${studentId}', '请求方法': 'DELETE', '请求头': '{\"Authorization\":\"Bearer ${token}\",\"Content-Type\":\"application/json;charset=utf-8\"}', '请求参数': None, '期望结果': '{\"$.message\":\"解绑成功\"}', '数据库断言': None, '提取响应字段': None}"],"tags":[]}],"uid":"493ada4cb5b6e05c213e6786239594da"},{"name":"requests.exceptions.ProxyError: HTTPSConnectionPool(host='minicourse.test.venhalo.com', port=443): Max retries exceeded with url: /api/v1/auth/wx/login (Caused by ProxyError('Unable to connect to proxy', SSLError(SSLEOFError(8, 'EOF occurred in violation of protocol (_ssl.c:1129)'))))","children":[{"name":"test_register[case0]","uid":"c436b8c5c1c9aaab","parentUid":"b5613e638757dfefaf064ca225e76d19","status":"broken","time":{"start":1758533417021,"stop":1758533417030,"duration":9},"flaky":false,"newFailed":false,"newPassed":false,"newBroken":false,"retriesCount":0,"retriesStatusChange":false,"parameters":["{'用例编号': 1, '用例标题': '微信登录_正常流程', '请求方法': 'POST', '请求地址': 'https://minicourse.test.venhalo.com/api/v1/auth/wx/login', '请求头': '{\"Content-Type\": \"application/json\"}', '请求参数': '{\"code\": \"valid_code\"}', '期望结果': '{\"isBindPhone\": true, \"token\": \"token_string\", \"sessionId\": \"session_id\"}', '数据库断言': None, '提取响应字段': None}"],"tags":[]},{"name":"test_register[case1]","uid":"c7a7719aaec12d5e","parentUid":"b5613e638757dfefaf064ca225e76d19","status":"broken","time":{"start":1758533417053,"stop":1758533417063,"duration":10},"flaky":false,"newFailed":false,"newPassed":false,"newBroken":false,"retriesCount":0,"retriesStatusChange":false,"parameters":["{'用例编号': 2, '用例标题': '微信登录_无效code', '请求方法': 'POST', '请求地址': 'https://minicourse.test.venhalo.com/api/v1/auth/wx/login', '请求头': '{\"Content-Type\": \"application/json\"}', '请求参数': '{\"code\": \"invalid_code\"}', '期望结果': '{\"code\": 400, \"msg\": \"无效的code\"}', '数据库断言': None, '提取响应字段': None}"],"tags":[]},{"name":"test_register[case2]","uid":"fbfb482700687095","parentUid":"b5613e638757dfefaf064ca225e76d19","status":"broken","time":{"start":1758533417111,"stop":1758533417120,"duration":9},"flaky":false,"newFailed":false,"newPassed":false,"newBroken":false,"retriesCount":0,"retriesStatusChange":false,"parameters":["{'用例编号': 3, '用例标题': '微信登录_空code', '请求方法': 'POST', '请求地址': 'https://minicourse.test.venhalo.com/api/v1/auth/wx/login', '请求头': '{\"Content-Type\": \"application/json\"}', '请求参数': '{\"code\": \"\"}', '期望结果': '{\"code\": 400, \"msg\": \"code不能为空\"}', '数据库断言': None, '提取响应字段': None}"],"tags":[]}],"uid":"b5613e638757dfefaf064ca225e76d19"},{"name":"requests.exceptions.ProxyError: HTTPSConnectionPool(host='minicourse.test.venhalo.com', port=443): Max retries exceeded with url: /api/v1/auth/wx/phone (Caused by ProxyError('Unable to connect to proxy', SSLError(SSLEOFError(8, 'EOF occurred in violation of protocol (_ssl.c:1129)'))))","children":[{"name":"test_register[case3]","uid":"cb9a6dd5bca8013","parentUid":"01fd901964c4bf8642764b258fa0e471","status":"broken","time":{"start":1758533417146,"stop":1758533417157,"duration":11},"flaky":false,"newFailed":false,"newPassed":false,"newBroken":false,"retriesCount":0,"retriesStatusChange":false,"parameters":["{'用例编号': 4, '用例标题': '微信手机号授权_正常流程', '请求方法': 'POST', '请求地址': 'https://minicourse.test.venhalo.com/api/v1/auth/wx/phone', '请求头': '{\"Content-Type\": \"application/json\"}', '请求参数': '{\"encryptedData\": \"encrypted_data\", \"iv\": \"initial_vector\", \"sessionId\": \"valid_session_id\"}', '期望结果': '{\"token\": \"token_string\"}', '数据库断言': None, '提取响应字段': None}"],"tags":[]},{"name":"test_register[case4]","uid":"c5e001974a3c25c4","parentUid":"01fd901964c4bf8642764b258fa0e471","status":"broken","time":{"start":1758533417182,"stop":1758533417190,"duration":8},"flaky":false,"newFailed":false,"newPassed":false,"newBroken":false,"retriesCount":0,"retriesStatusChange":false,"parameters":["{'用例编号': 5, '用例标题': '微信手机号授权_无效sessionId', '请求方法': 'POST', '请求地址': 'https://minicourse.test.venhalo.com/api/v1/auth/wx/phone', '请求头': '{\"Content-Type\": \"application/json\"}', '请求参数': '{\"encryptedData\": \"encrypted_data\", \"iv\": \"initial_vector\", \"sessionId\": \"invalid_session_id\"}', '期望结果': '{\"code\": 401, \"msg\": \"会话已过期\"}', '数据库断言': None, '提取响应字段': None}"],"tags":[]},{"name":"test_register[case5]","uid":"286485b96717241b","parentUid":"01fd901964c4bf8642764b258fa0e471","status":"broken","time":{"start":1758533417213,"stop":1758533417222,"duration":9},"flaky":false,"newFailed":false,"newPassed":false,"newBroken":false,"retriesCount":0,"retriesStatusChange":false,"parameters":["{'用例编号': 6, '用例标题': '微信手机号授权_缺少参数', '请求方法': 'POST', '请求地址': 'https://minicourse.test.venhalo.com/api/v1/auth/wx/phone', '请求头': '{\"Content-Type\": \"application/json\"}', '请求参数': '{\"encryptedData\": \"encrypted_data\"}', '期望结果': '{\"code\": 400, \"msg\": \"缺少必要参数\"}', '数据库断言': None, '提取响应字段': None}"],"tags":[]}],"uid":"01fd901964c4bf8642764b258fa0e471"},{"name":"requests.exceptions.ProxyError: HTTPSConnectionPool(host='minicourse.test.venhalo.com', port=443): Max retries exceeded with url: /api/v1/auth/dy/login (Caused by ProxyError('Unable to connect to proxy', SSLError(SSLEOFError(8, 'EOF occurred in violation of protocol (_ssl.c:1129)'))))","children":[{"name":"test_register[case6]","uid":"673dfdcfe9c794ac","parentUid":"7180a412a20898c731282974af8d7edf","status":"broken","time":{"start":1758533417245,"stop":1758533417254,"duration":9},"flaky":false,"newFailed":false,"newPassed":false,"newBroken":false,"retriesCount":0,"retriesStatusChange":false,"parameters":["{'用例编号': 7, '用例标题': '抖音登录_正常流程', '请求方法': 'POST', '请求地址': 'https://minicourse.test.venhalo.com/api/v1/auth/dy/login', '请求头': '{\"Content-Type\": \"application/json\"}', '请求参数': '{\"code\": \"valid_code\"}', '期望结果': '{\"isBindPhone\": true, \"token\": \"token_string\", \"sessionId\": \"session_id\"}', '数据库断言': None, '提取响应字段': None}"],"tags":[]},{"name":"test_register[case7]","uid":"514d9009108c45b5","parentUid":"7180a412a20898c731282974af8d7edf","status":"broken","time":{"start":1758533417297,"stop":1758533417305,"duration":8},"flaky":false,"newFailed":false,"newPassed":false,"newBroken":false,"retriesCount":0,"retriesStatusChange":false,"parameters":["{'用例编号': 8, '用例标题': '抖音登录_无效code', '请求方法': 'POST', '请求地址': 'https://minicourse.test.venhalo.com/api/v1/auth/dy/login', '请求头': '{\"Content-Type\": \"application/json\"}', '请求参数': '{\"code\": \"invalid_code\"}', '期望结果': '{\"code\": 400, \"msg\": \"无效的code\"}', '数据库断言': None, '提取响应字段': None}"],"tags":[]},{"name":"test_register[case8]","uid":"74225454f998f63e","parentUid":"7180a412a20898c731282974af8d7edf","status":"broken","time":{"start":1758533417329,"stop":1758533417338,"duration":9},"flaky":false,"newFailed":false,"newPassed":false,"newBroken":false,"retriesCount":0,"retriesStatusChange":false,"parameters":["{'用例编号': 9, '用例标题': '抖音登录_空code', '请求方法': 'POST', '请求地址': 'https://minicourse.test.venhalo.com/api/v1/auth/dy/login', '请求头': '{\"Content-Type\": \"application/json\"}', '请求参数': '{\"code\": \"\"}', '期望结果': '{\"code\": 400, \"msg\": \"code不能为空\"}', '数据库断言': None, '提取响应字段': None}"],"tags":[]}],"uid":"7180a412a20898c731282974af8d7edf"},{"name":"requests.exceptions.ProxyError: HTTPSConnectionPool(host='minicourse.test.venhalo.com', port=443): Max retries exceeded with url: /api/v1/auth/dy/phone (Caused by ProxyError('Unable to connect to proxy', SSLError(SSLEOFError(8, 'EOF occurred in violation of protocol (_ssl.c:1129)'))))","children":[{"name":"test_register[case9]","uid":"73359af10462a0ff","parentUid":"abd1db5ca1d966bb12e0b324225319c3","status":"broken","time":{"start":1758533417363,"stop":1758533417372,"duration":9},"flaky":false,"newFailed":false,"newPassed":false,"newBroken":false,"retriesCount":0,"retriesStatusChange":false,"parameters":["{'用例编号': 10, '用例标题': '抖音手机号授权_正常流程', '请求方法': 'POST', '请求地址': 'https://minicourse.test.venhalo.com/api/v1/auth/dy/phone', '请求头': '{\"Content-Type\": \"application/json\"}', '请求参数': '{\"encryptedData\": \"encrypted_data\", \"iv\": \"initial_vector\", \"sessionId\": \"valid_session_id\"}', '期望结果': '{\"token\": \"token_string\"}', '数据库断言': None, '提取响应字段': None}"],"tags":[]},{"name":"test_register[case10]","uid":"636f47c13375e94b","parentUid":"abd1db5ca1d966bb12e0b324225319c3","status":"broken","time":{"start":1758533417397,"stop":1758533417405,"duration":8},"flaky":false,"newFailed":false,"newPassed":false,"newBroken":false,"retriesCount":0,"retriesStatusChange":false,"parameters":["{'用例编号': 11, '用例标题': '抖音手机号授权_无效sessionId', '请求方法': 'POST', '请求地址': 'https://minicourse.test.venhalo.com/api/v1/auth/dy/phone', '请求头': '{\"Content-Type\": \"application/json\"}', '请求参数': '{\"encryptedData\": \"encrypted_data\", \"iv\": \"initial_vector\", \"sessionId\": \"invalid_session_id\"}', '期望结果': '{\"code\": 401, \"msg\": \"会话已过期\"}', '数据库断言': None, '提取响应字段': None}"],"tags":[]}],"uid":"abd1db5ca1d966bb12e0b324225319c3"},{"name":"requests.exceptions.ProxyError: HTTPSConnectionPool(host='minicourse.test.venhalo.com', port=443): Max retries exceeded with url: /api/v1/minicourse/list (Caused by ProxyError('Unable to connect to proxy', SSLError(SSLEOFError(8, 'EOF occurred in violation of protocol (_ssl.c:1129)'))))","children":[{"name":"test_register[case13]","uid":"b0c4759dc58128c8","parentUid":"12144e5f819c33304535036b316ce632","status":"broken","time":{"start":1758533417506,"stop":1758533417519,"duration":13},"flaky":false,"newFailed":false,"newPassed":false,"newBroken":false,"retriesCount":0,"retriesStatusChange":false,"parameters":["{'用例编号': 14, '用例标题': '获取学情课包列表_正常流程', '请求方法': 'GET', '请求地址': 'https://minicourse.test.venhalo.com/api/v1/minicourse/list', '请求头': '{\"Content-Type\": \"application/json\", \"Authorization\": \"Bearer ${token}\"}', '请求参数': None, '期望结果': '{\"minicourseList\": []}', '数据库断言': None, '提取响应字段': None}"],"tags":[]},{"name":"test_register[case14]","uid":"479871cdfa4ffb42","parentUid":"12144e5f819c33304535036b316ce632","status":"broken","time":{"start":1758533417551,"stop":1758533417560,"duration":9},"flaky":false,"newFailed":false,"newPassed":false,"newBroken":false,"retriesCount":0,"retriesStatusChange":false,"parameters":["{'用例编号': 15, '用例标题': '获取学情课包列表_无权限', '请求方法': 'GET', '请求地址': 'https://minicourse.test.venhalo.com/api/v1/minicourse/list', '请求头': '{\"Content-Type\": \"application/json\"}', '请求参数': None, '期望结果': '{\"code\": 401, \"msg\": \"未授权\"}', '数据库断言': None, '提取响应字段': None}"],"tags":[]}],"uid":"12144e5f819c33304535036b316ce632"},{"name":"requests.exceptions.ProxyError: HTTPSConnectionPool(host='minicourse.test.venhalo.com', port=443): Max retries exceeded with url: /api/v1/minicourse/par/list (Caused by ProxyError('Unable to connect to proxy', SSLError(SSLEOFError(8, 'EOF occurred in violation of protocol (_ssl.c:1129)'))))","children":[{"name":"test_register[case15]","uid":"6ceb3797ca5adf48","parentUid":"6c102fc8c970ffa7c92aa7a16bfd45f9","status":"broken","time":{"start":1758533417585,"stop":1758533417594,"duration":9},"flaky":false,"newFailed":false,"newPassed":false,"newBroken":false,"retriesCount":0,"retriesStatusChange":false,"parameters":["{'用例编号': 16, '用例标题': '分页获取我的小课包列表【家长端】_正常流程', '请求方法': 'POST', '请求地址': 'https://minicourse.test.venhalo.com/api/v1/minicourse/par/list', '请求头': '{\"Content-Type\": \"application/json\", \"Authorization\": \"Bearer ${token}\"}', '请求参数': '{\"status\": \"0\", \"page\": 1, \"pageSize\": 10}', '期望结果': '{\"minicourseList\": [], \"total\": 0, \"page\": 1, \"pageSize\": 10}', '数据库断言': None, '提取响应字段': None}"],"tags":[]},{"name":"test_register[case16]","uid":"e85fe0a32f3b3b6a","parentUid":"6c102fc8c970ffa7c92aa7a16bfd45f9","status":"broken","time":{"start":1758533417635,"stop":1758533417644,"duration":9},"flaky":false,"newFailed":false,"newPassed":false,"newBroken":false,"retriesCount":0,"retriesStatusChange":false,"parameters":["{'用例编号': 17, '用例标题': '分页获取我的小课包列表【家长端】_无效状态', '请求方法': 'POST', '请求地址': 'https://minicourse.test.venhalo.com/api/v1/minicourse/par/list', '请求头': '{\"Content-Type\": \"application/json\", \"Authorization\": \"Bearer ${token}\"}', '请求参数': '{\"status\": \"999\", \"page\": 1, \"pageSize\": 10}', '期望结果': '{\"code\": 400, \"msg\": \"无效的状态值\"}', '数据库断言': None, '提取响应字段': None}"],"tags":[]},{"name":"test_register[case17]","uid":"a5accc50530d322","parentUid":"6c102fc8c970ffa7c92aa7a16bfd45f9","status":"broken","time":{"start":1758533417667,"stop":1758533417676,"duration":9},"flaky":false,"newFailed":false,"newPassed":false,"newBroken":false,"retriesCount":0,"retriesStatusChange":false,"parameters":["{'用例编号': 18, '用例标题': '分页获取我的小课包列表【家长端】_分页参数错误', '请求方法': 'POST', '请求地址': 'https://minicourse.test.venhalo.com/api/v1/minicourse/par/list', '请求头': '{\"Content-Type\": \"application/json\", \"Authorization\": \"Bearer ${token}\"}', '请求参数': '{\"status\": \"0\", \"page\": 0, \"pageSize\": 10}', '期望结果': '{\"code\": 400, \"msg\": \"分页参数错误\"}', '数据库断言': None, '提取响应字段': None}"],"tags":[]}],"uid":"6c102fc8c970ffa7c92aa7a16bfd45f9"},{"name":"requests.exceptions.ProxyError: HTTPSConnectionPool(host='minicourse.test.venhalo.com', port=443): Max retries exceeded with url: /api/v1/minicourse/stu/list (Caused by ProxyError('Unable to connect to proxy', SSLError(SSLEOFError(8, 'EOF occurred in violation of protocol (_ssl.c:1129)'))))","children":[{"name":"test_register[case18]","uid":"52f137e8e5cb9df1","parentUid":"3ff72895c9f70de057dde669c7ec8ffe","status":"broken","time":{"start":1758533417698,"stop":1758533417707,"duration":9},"flaky":false,"newFailed":false,"newPassed":false,"newBroken":false,"retriesCount":0,"retriesStatusChange":false,"parameters":["{'用例编号': 19, '用例标题': '分页获取我的小课包列表【学生端】_正常流程', '请求方法': 'POST', '请求地址': 'https://minicourse.test.venhalo.com/api/v1/minicourse/stu/list', '请求头': '{\"Content-Type\": \"application/json\", \"Authorization\": \"Bearer ${token}\"}', '请求参数': '{\"page\": 1, \"pageSize\": 10}', '期望结果': '{\"minicourseList\": [], \"total\": 0, \"page\": 1, \"pageSize\": 10}', '数据库断言': None, '提取响应字段': None}"],"tags":[]}],"uid":"3ff72895c9f70de057dde669c7ec8ffe"},{"name":"TypeError: the JSON object must be str, bytes or bytearray, not NoneType","children":[{"name":"test_register[case19]","uid":"ca4f5855e0d6cdab","parentUid":"7da79e8fc376b9087c95024f4bafecc7","status":"broken","time":{"start":1758533417732,"stop":1758533417733,"duration":1},"flaky":false,"newFailed":false,"newPassed":false,"newBroken":false,"retriesCount":0,"retriesStatusChange":false,"parameters":["{'用例编号': 20, '用例标题': '分页获取我的小课包列表【学生端】_无权限', '请求方法': 'POST', '请求地址': 'https://minicourse.test.venhalo.com/api/v1/minicourse/stu/list', '请求头': '{\"Content-Type\": \"application/json\"}', '请求参数': None, '期望结果': '{\"code\": 401, \"msg\": \"未授权\"}', '数据库断言': None, '提取响应字段': None}"],"tags":[]}],"uid":"7da79e8fc376b9087c95024f4bafecc7"},{"name":"requests.exceptions.ProxyError: HTTPSConnectionPool(host='minicourse.test.venhalo.com', port=443): Max retries exceeded with url: /api/v1/minicourse/recommendation (Caused by ProxyError('Unable to connect to proxy', SSLError(SSLEOFError(8, 'EOF occurred in violation of protocol (_ssl.c:1129)'))))","children":[{"name":"test_register[case20]","uid":"3d3ea1eb2780e43c","parentUid":"a274a889e0097666ee19039052631769","status":"broken","time":{"start":1758533417740,"stop":1758533417749,"duration":9},"flaky":false,"newFailed":false,"newPassed":false,"newBroken":false,"retriesCount":0,"retriesStatusChange":false,"parameters":["{'用例编号': 21, '用例标题': '获取推荐课包_正常流程', '请求方法': 'GET', '请求地址': 'https://minicourse.test.venhalo.com/api/v1/minicourse/recommendation', '请求头': '{\"Content-Type\": \"application/json\", \"Authorization\": \"Bearer ${token}\"}', '请求参数': None, '期望结果': '{\"recommendations\": []}', '数据库断言': None, '提取响应字段': None}"],"tags":[]}],"uid":"a274a889e0097666ee19039052631769"},{"name":"requests.exceptions.ProxyError: HTTPSConnectionPool(host='minicourse.test.venhalo.com', port=443): Max retries exceeded with url: /api/v1/minicourse/mall (Caused by ProxyError('Unable to connect to proxy', SSLError(SSLEOFError(8, 'EOF occurred in violation of protocol (_ssl.c:1129)'))))","children":[{"name":"test_register[case21]","uid":"ccb537ae8998450c","parentUid":"c7abee0ad03f34b49aeff89848b1b877","status":"broken","time":{"start":1758533417775,"stop":1758533417784,"duration":9},"flaky":false,"newFailed":false,"newPassed":false,"newBroken":false,"retriesCount":0,"retriesStatusChange":false,"parameters":["{'用例编号': 22, '用例标题': '获取商场课包（分页）_正常流程', '请求方法': 'POST', '请求地址': 'https://minicourse.test.venhalo.com/api/v1/minicourse/mall', '请求头': '{\"Content-Type\": \"application/json\", \"Authorization\": \"Bearer ${token}\"}', '请求参数': '{\"page\": 1, \"pageSize\": 10}', '期望结果': '{\"mallCourses\": [], \"total\": 0, \"page\": 1, \"pageSize\": 10}', '数据库断言': None, '提取响应字段': None}"],"tags":[]}],"uid":"c7abee0ad03f34b49aeff89848b1b877"},{"name":"requests.exceptions.ProxyError: HTTPSConnectionPool(host='minicourse.test.venhalo.com', port=443): Max retries exceeded with url: /api/v1/minicourse/course123 (Caused by ProxyError('Unable to connect to proxy', SSLError(SSLEOFError(8, 'EOF occurred in violation of protocol (_ssl.c:1129)'))))","children":[{"name":"test_register[case22]","uid":"2178d45dc77e775d","parentUid":"4caae74aac3125695769e2195a844a80","status":"broken","time":{"start":1758533417826,"stop":1758533417835,"duration":9},"flaky":false,"newFailed":false,"newPassed":false,"newBroken":false,"retriesCount":0,"retriesStatusChange":false,"parameters":["{'用例编号': 23, '用例标题': '获取课包详情_正常流程', '请求方法': 'GET', '请求地址': 'https://minicourse.test.venhalo.com/api/v1/minicourse/course123', '请求头': '{\"Content-Type\": \"application/json\", \"Authorization\": \"Bearer ${token}\"}', '请求参数': None, '期望结果': '{\"minicourseId\": \"course123\", \"title\": \"课程标题\", \"description\": \"课程描述\"}', '数据库断言': None, '提取响应字段': None}"],"tags":[]}],"uid":"4caae74aac3125695769e2195a844a80"},{"name":"requests.exceptions.ProxyError: HTTPSConnectionPool(host='minicourse.test.venhalo.com', port=443): Max retries exceeded with url: /api/v1/minicourse/invalid_id (Caused by ProxyError('Unable to connect to proxy', SSLError(SSLEOFError(8, 'EOF occurred in violation of protocol (_ssl.c:1129)'))))","children":[{"name":"test_register[case23]","uid":"29ac734c8bce6c0f","parentUid":"d07d3d555f6cbc4365e96b76b157e584","status":"broken","time":{"start":1758533417859,"stop":1758533417868,"duration":9},"flaky":false,"newFailed":false,"newPassed":false,"newBroken":false,"retriesCount":0,"retriesStatusChange":false,"parameters":["{'用例编号': 24, '用例标题': '获取课包详情_无效ID', '请求方法': 'GET', '请求地址': 'https://minicourse.test.venhalo.com/api/v1/minicourse/invalid_id', '请求头': '{\"Content-Type\": \"application/json\", \"Authorization\": \"Bearer ${token}\"}', '请求参数': None, '期望结果': '{\"code\": 404, \"msg\": \"课包不存在\"}', '数据库断言': None, '提取响应字段': None}"],"tags":[]}],"uid":"d07d3d555f6cbc4365e96b76b157e584"},{"name":"requests.exceptions.ProxyError: HTTPSConnectionPool(host='minicourse.test.venhalo.com', port=443): Max retries exceeded with url: /api/v1/situation/student (Caused by ProxyError('Unable to connect to proxy', SSLError(SSLEOFError(8, 'EOF occurred in violation of protocol (_ssl.c:1129)'))))","children":[{"name":"test_register[case24]","uid":"2c3749fa33f487cb","parentUid":"80db54188fd8ab047848620d0b18c1d7","status":"broken","time":{"start":1758533417891,"stop":1758533417900,"duration":9},"flaky":false,"newFailed":false,"newPassed":false,"newBroken":false,"retriesCount":0,"retriesStatusChange":false,"parameters":["{'用例编号': 25, '用例标题': '获取学情信息_正常流程', '请求方法': 'POST', '请求地址': 'https://minicourse.test.venhalo.com/api/v1/situation/student', '请求头': '{\"Content-Type\": \"application/json\", \"Authorization\": \"Bearer ${token}\"}', '请求参数': '{\"studentId\": \"student123\"}', '期望结果': '{\"studentId\": \"student123\", \"learningStatus\": \"learning\"}', '数据库断言': None, '提取响应字段': None}"],"tags":[]},{"name":"test_register[case25]","uid":"ca4f46a52996393a","parentUid":"80db54188fd8ab047848620d0b18c1d7","status":"broken","time":{"start":1758533417923,"stop":1758533417932,"duration":9},"flaky":false,"newFailed":false,"newPassed":false,"newBroken":false,"retriesCount":0,"retriesStatusChange":false,"parameters":["{'用例编号': 26, '用例标题': '获取学情信息_缺少学生ID', '请求方法': 'POST', '请求地址': 'https://minicourse.test.venhalo.com/api/v1/situation/student', '请求头': '{\"Content-Type\": \"application/json\", \"Authorization\": \"Bearer ${token}\"}', '请求参数': '{}', '期望结果': '{\"code\": 400, \"msg\": \"缺少学生ID\"}', '数据库断言': None, '提取响应字段': None}"],"tags":[]}],"uid":"80db54188fd8ab047848620d0b18c1d7"},{"name":"AttributeError: 'NoneType' object has no attribute 'status_code'","children":[{"name":"test_register[case26]","uid":"7f9613de1efe77e4","parentUid":"7a38ce2d24faa1d3962a0a7ed03971a4","status":"broken","time":{"start":1758533417977,"stop":1758533417978,"duration":1},"flaky":false,"newFailed":false,"newPassed":false,"newBroken":false,"retriesCount":0,"retriesStatusChange":false,"parameters":["{'用例编号': 27, '用例标题': '更新学生学习状态【正在学习】_正常流程', '请求方法': 'PATCH', '请求地址': 'https://minicourse.test.venhalo.com/api/v1/situation/start', '请求头': '{\"Content-Type\": \"application/json\", \"Authorization\": \"Bearer ${token}\"}', '请求参数': '{\"minicourseId\": \"course123\"}', '期望结果': '{\"code\": 200, \"msg\": \"操作成功\"}', '数据库断言': None, '提取响应字段': None}"],"tags":[]},{"name":"test_register[case27]","uid":"6ad253c008463ec5","parentUid":"7a38ce2d24faa1d3962a0a7ed03971a4","status":"broken","time":{"start":1758533417984,"stop":1758533417985,"duration":1},"flaky":false,"newFailed":false,"newPassed":false,"newBroken":false,"retriesCount":0,"retriesStatusChange":false,"parameters":["{'用例编号': 28, '用例标题': '更新学生学习状态【正在学习】_无效课程ID', '请求方法': 'PATCH', '请求地址': 'https://minicourse.test.venhalo.com/api/v1/situation/start', '请求头': '{\"Content-Type\": \"application/json\", \"Authorization\": \"Bearer ${token}\"}', '请求参数': '{\"minicourseId\": \"invalid_id\"}', '期望结果': '{\"code\": 404, \"msg\": \"课程不存在\"}', '数据库断言': None, '提取响应字段': None}"],"tags":[]},{"name":"test_register[case39]","uid":"bcd1f2a6caad709d","parentUid":"7a38ce2d24faa1d3962a0a7ed03971a4","status":"broken","time":{"start":1758533418393,"stop":1758533418395,"duration":2},"flaky":false,"newFailed":false,"newPassed":false,"newBroken":false,"retriesCount":0,"retriesStatusChange":false,"parameters":["{'用例编号': 43, '用例标题': '微信支付回调_正常流程', '请求方法': 'POST', '请求地址': 'https://minicourse.test.venhalo.com/api/v1/payment/wx/pay/callback', '请求头': '{\"Content-Type\": \"application/xml\"}', '请求参数': 'xml_data', '期望结果': '<xml><return_code><![CDATA[SUCCESS]]></return_code><return_msg><![CDATA[OK]]></return_msg></xml>', '数据库断言': None, '提取响应字段': None}"],"tags":[]},{"name":"test_register[case45]","uid":"81fe9f1d7ca71680","parentUid":"7a38ce2d24faa1d3962a0a7ed03971a4","status":"broken","time":{"start":1758533418586,"stop":1758533418588,"duration":2},"flaky":false,"newFailed":false,"newPassed":false,"newBroken":false,"retriesCount":0,"retriesStatusChange":false,"parameters":["{'用例编号': 49, '用例标题': '微信退款回调_正常流程', '请求方法': 'POST', '请求地址': 'https://minicourse.test.venhalo.com/api/v1/payment/wx/refund/callback', '请求头': '{\"Content-Type\": \"application/xml\"}', '请求参数': 'xml_data', '期望结果': '<xml><return_code><![CDATA[SUCCESS]]></return_code><return_msg><![CDATA[OK]]></return_msg></xml>', '数据库断言': None, '提取响应字段': None}"],"tags":[]}],"uid":"7a38ce2d24faa1d3962a0a7ed03971a4"},{"name":"requests.exceptions.ProxyError: HTTPSConnectionPool(host='minicourse.test.venhalo.com', port=443): Max retries exceeded with url: /api/v1/situation/end (Caused by ProxyError('Unable to connect to proxy', SSLError(SSLEOFError(8, 'EOF occurred in violation of protocol (_ssl.c:1129)'))))","children":[{"name":"test_register[case28]","uid":"e1fb930a57a46dc6","parentUid":"08304317ba32afa62d674c42ac200e51","status":"broken","time":{"start":1758533417991,"stop":1758533418000,"duration":9},"flaky":false,"newFailed":false,"newPassed":false,"newBroken":false,"retriesCount":0,"retriesStatusChange":false,"parameters":["{'用例编号': 29, '用例标题': '标记当天课程结束_正常流程', '请求方法': 'POST', '请求地址': 'https://minicourse.test.venhalo.com/api/v1/situation/end', '请求头': '{\"Content-Type\": \"application/json\", \"Authorization\": \"Bearer ${token}\"}', '请求参数': '{\"minicourseId\": \"course123\"}', '期望结果': '{\"code\": 200, \"msg\": \"操作成功\"}', '数据库断言': None, '提取响应字段': None}"],"tags":[]},{"name":"test_register[case29]","uid":"44bbcf3b6ccf2d87","parentUid":"08304317ba32afa62d674c42ac200e51","status":"broken","time":{"start":1758533418025,"stop":1758533418034,"duration":9},"flaky":false,"newFailed":false,"newPassed":false,"newBroken":false,"retriesCount":0,"retriesStatusChange":false,"parameters":["{'用例编号': 30, '用例标题': '标记当天课程结束_未学习', '请求方法': 'POST', '请求地址': 'https://minicourse.test.venhalo.com/api/v1/situation/end', '请求头': '{\"Content-Type\": \"application/json\", \"Authorization\": \"Bearer ${token}\"}', '请求参数': '{\"minicourseId\": \"course456\"}', '期望结果': '{\"code\": 400, \"msg\": \"课程未开始学习\"}', '数据库断言': None, '提取响应字段': None}"],"tags":[]}],"uid":"08304317ba32afa62d674c42ac200e51"},{"name":"requests.exceptions.ProxyError: HTTPSConnectionPool(host='minicourse.test.venhalo.com', port=443): Max retries exceeded with url: /api/v1/interaction/message (Caused by ProxyError('Unable to connect to proxy', SSLError(SSLEOFError(8, 'EOF occurred in violation of protocol (_ssl.c:1129)'))))","children":[{"name":"test_register[case30]","uid":"2318c5cb527215e7","parentUid":"a5d9ef0522fd887aea545fc743569c23","status":"broken","time":{"start":1758533418059,"stop":1758533418068,"duration":9},"flaky":false,"newFailed":false,"newPassed":false,"newBroken":false,"retriesCount":0,"retriesStatusChange":false,"parameters":["{'用例编号': 33, '用例标题': '学生推送操作信息_正常流程', '请求方法': 'POST', '请求地址': 'https://minicourse.test.venhalo.com/api/v1/interaction/message', '请求头': '{\"Content-Type\": \"application/json\", \"Authorization\": \"Bearer ${token}\"}', '请求参数': '{\"content\": \"学习了一节课\", \"type\": \"learning\"}', '期望结果': '{\"code\": 200, \"msg\": \"操作成功\"}', '数据库断言': None, '提取响应字段': None}"],"tags":[]},{"name":"test_register[case31]","uid":"62586c87c21cbd22","parentUid":"a5d9ef0522fd887aea545fc743569c23","status":"broken","time":{"start":1758533418092,"stop":1758533418101,"duration":9},"flaky":false,"newFailed":false,"newPassed":false,"newBroken":false,"retriesCount":0,"retriesStatusChange":false,"parameters":["{'用例编号': 34, '用例标题': '学生推送操作信息_无效类型', '请求方法': 'POST', '请求地址': 'https://minicourse.test.venhalo.com/api/v1/interaction/message', '请求头': '{\"Content-Type\": \"application/json\", \"Authorization\": \"Bearer ${token}\"}', '请求参数': '{\"content\": \"学习了一节课\", \"type\": \"invalid_type\"}', '期望结果': '{\"code\": 400, \"msg\": \"无效的消息类型\"}', '数据库断言': None, '提取响应字段': None}"],"tags":[]}],"uid":"a5d9ef0522fd887aea545fc743569c23"},{"name":"requests.exceptions.ProxyError: HTTPSConnectionPool(host='minicourse.test.venhalo.com', port=443): Max retries exceeded with url: /api/v1/interaction/encouragement/student123 (Caused by ProxyError('Unable to connect to proxy', SSLError(SSLEOFError(8, 'EOF occurred in violation of protocol (_ssl.c:1129)'))))","children":[{"name":"test_register[case32]","uid":"2305a71fd228de8f","parentUid":"2a9111c0d22c437faa2d65c0185121ff","status":"broken","time":{"start":1758533418124,"stop":1758533418134,"duration":10},"flaky":false,"newFailed":false,"newPassed":false,"newBroken":false,"retriesCount":0,"retriesStatusChange":false,"parameters":["{'用例编号': 36, '用例标题': '家长学生互动鼓励信息_POST_正常流程', '请求方法': 'POST', '请求地址': 'https://minicourse.test.venhalo.com/api/v1/interaction/encouragement/student123', '请求头': '{\"Content-Type\": \"application/json\", \"Authorization\": \"Bearer ${token}\"}', '请求参数': '{\"content\": \"继续加油！\"}', '期望结果': '{\"code\": 200, \"msg\": \"操作成功\"}', '数据库断言': None, '提取响应字段': None}"],"tags":[]}],"uid":"2a9111c0d22c437faa2d65c0185121ff"},{"name":"requests.exceptions.ProxyError: HTTPSConnectionPool(host='minicourse.test.venhalo.com', port=443): Max retries exceeded with url: /api/v1/order/list (Caused by ProxyError('Unable to connect to proxy', SSLError(SSLEOFError(8, 'EOF occurred in violation of protocol (_ssl.c:1129)'))))","children":[{"name":"test_register[case33]","uid":"d0b01117e55b9367","parentUid":"bd966afb388489643953c2d029336007","status":"broken","time":{"start":1758533418174,"stop":1758533418183,"duration":9},"flaky":false,"newFailed":false,"newPassed":false,"newBroken":false,"retriesCount":0,"retriesStatusChange":false,"parameters":["{'用例编号': 37, '用例标题': '获取订单列表（分页）_正常流程', '请求方法': 'POST', '请求地址': 'https://minicourse.test.venhalo.com/api/v1/order/list', '请求头': '{\"Content-Type\": \"application/json\", \"Authorization\": \"Bearer ${token}\"}', '请求参数': '{\"page\": 1, \"pageSize\": 10}', '期望结果': '{\"orders\": [], \"total\": 0, \"page\": 1, \"pageSize\": 10}', '数据库断言': None, '提取响应字段': None}"],"tags":[]},{"name":"test_register[case34]","uid":"e95bc5ee77065e23","parentUid":"bd966afb388489643953c2d029336007","status":"broken","time":{"start":1758533418208,"stop":1758533418217,"duration":9},"flaky":false,"newFailed":false,"newPassed":false,"newBroken":false,"retriesCount":0,"retriesStatusChange":false,"parameters":["{'用例编号': 38, '用例标题': '获取订单列表（分页）_分页参数错误', '请求方法': 'POST', '请求地址': 'https://minicourse.test.venhalo.com/api/v1/order/list', '请求头': '{\"Content-Type\": \"application/json\", \"Authorization\": \"Bearer ${token}\"}', '请求参数': '{\"page\": -1, \"pageSize\": 10}', '期望结果': '{\"code\": 400, \"msg\": \"分页参数错误\"}', '数据库断言': None, '提取响应字段': None}"],"tags":[]}],"uid":"bd966afb388489643953c2d029336007"},{"name":"requests.exceptions.ProxyError: HTTPSConnectionPool(host='minicourse.test.venhalo.com', port=443): Max retries exceeded with url: /api/v1/order/order123 (Caused by ProxyError('Unable to connect to proxy', SSLError(SSLEOFError(8, 'EOF occurred in violation of protocol (_ssl.c:1129)'))))","children":[{"name":"test_register[case35]","uid":"87e1dac849d01fa3","parentUid":"d2563abf5bebce918ec4847e531265c3","status":"broken","time":{"start":1758533418243,"stop":1758533418252,"duration":9},"flaky":false,"newFailed":false,"newPassed":false,"newBroken":false,"retriesCount":0,"retriesStatusChange":false,"parameters":["{'用例编号': 39, '用例标题': '获取订单详情_正常流程', '请求方法': 'GET', '请求地址': 'https://minicourse.test.venhalo.com/api/v1/order/order123', '请求头': '{\"Content-Type\": \"application/json\", \"Authorization\": \"Bearer ${token}\"}', '请求参数': None, '期望结果': '{\"orderId\": \"order123\", \"amount\": 99.99, \"status\": \"paid\"}', '数据库断言': None, '提取响应字段': None}"],"tags":[]}],"uid":"d2563abf5bebce918ec4847e531265c3"},{"name":"requests.exceptions.ProxyError: HTTPSConnectionPool(host='minicourse.test.venhalo.com', port=443): Max retries exceeded with url: /api/v1/order/invalid_id (Caused by ProxyError('Unable to connect to proxy', SSLError(SSLEOFError(8, 'EOF occurred in violation of protocol (_ssl.c:1129)'))))","children":[{"name":"test_register[case36]","uid":"ab31c43404c4dc60","parentUid":"5fa84bd5b629ca8536f8654b696040ee","status":"broken","time":{"start":1758533418277,"stop":1758533418286,"duration":9},"flaky":false,"newFailed":false,"newPassed":false,"newBroken":false,"retriesCount":0,"retriesStatusChange":false,"parameters":["{'用例编号': 40, '用例标题': '获取订单详情_无效ID', '请求方法': 'GET', '请求地址': 'https://minicourse.test.venhalo.com/api/v1/order/invalid_id', '请求头': '{\"Content-Type\": \"application/json\", \"Authorization\": \"Bearer ${token}\"}', '请求参数': None, '期望结果': '{\"code\": 404, \"msg\": \"订单不存在\"}', '数据库断言': None, '提取响应字段': None}"],"tags":[]}],"uid":"5fa84bd5b629ca8536f8654b696040ee"},{"name":"requests.exceptions.ProxyError: HTTPSConnectionPool(host='minicourse.test.venhalo.com', port=443): Max retries exceeded with url: /api/v1/payment/wx/creation (Caused by ProxyError('Unable to connect to proxy', SSLError(SSLEOFError(8, 'EOF occurred in violation of protocol (_ssl.c:1129)'))))","children":[{"name":"test_register[case37]","uid":"84495a4398ac437a","parentUid":"eb105abdf100ad9a0a4581da6807a2a6","status":"broken","time":{"start":1758533418312,"stop":1758533418321,"duration":9},"flaky":false,"newFailed":false,"newPassed":false,"newBroken":false,"retriesCount":0,"retriesStatusChange":false,"parameters":["{'用例编号': 41, '用例标题': '微信支付创建订单（预支付）_正常流程', '请求方法': 'POST', '请求地址': 'https://minicourse.test.venhalo.com/api/v1/payment/wx/creation', '请求头': '{\"Content-Type\": \"application/json\", \"Authorization\": \"Bearer ${token}\"}', '请求参数': '{\"minicourseId\": \"course123\", \"amount\": 99.99, \"subject\": \"课程购买\"}', '期望结果': '{\"orderId\": \"order123\", \"prepayId\": \"prepay123\"}', '数据库断言': None, '提取响应字段': None}"],"tags":[]},{"name":"test_register[case38]","uid":"a1b3f42bc367f327","parentUid":"eb105abdf100ad9a0a4581da6807a2a6","status":"broken","time":{"start":1758533418360,"stop":1758533418369,"duration":9},"flaky":false,"newFailed":false,"newPassed":false,"newBroken":false,"retriesCount":0,"retriesStatusChange":false,"parameters":["{'用例编号': 42, '用例标题': '微信支付创建订单（预支付）_金额为0', '请求方法': 'POST', '请求地址': 'https://minicourse.test.venhalo.com/api/v1/payment/wx/creation', '请求头': '{\"Content-Type\": \"application/json\", \"Authorization\": \"Bearer ${token}\"}', '请求参数': '{\"minicourseId\": \"course123\", \"amount\": 0, \"subject\": \"课程购买\"}', '期望结果': '{\"code\": 400, \"msg\": \"支付金额不能为0\"}', '数据库断言': None, '提取响应字段': None}"],"tags":[]}],"uid":"eb105abdf100ad9a0a4581da6807a2a6"},{"name":"requests.exceptions.ProxyError: HTTPSConnectionPool(host='minicourse.test.venhalo.com', port=443): Max retries exceeded with url: /api/v1/payment/wx/paysign/order123 (Caused by ProxyError('Unable to connect to proxy', SSLError(SSLEOFError(8, 'EOF occurred in violation of protocol (_ssl.c:1129)'))))","children":[{"name":"test_register[case40]","uid":"417ba916e613a244","parentUid":"348c2cab993c6722c3f14e7b4f0fae48","status":"broken","time":{"start":1758533418399,"stop":1758533418408,"duration":9},"flaky":false,"newFailed":false,"newPassed":false,"newBroken":false,"retriesCount":0,"retriesStatusChange":false,"parameters":["{'用例编号': 44, '用例标题': '获取微信JSAPI支付所需签名参数_正常流程', '请求方法': 'GET', '请求地址': 'https://minicourse.test.venhalo.com/api/v1/payment/wx/paysign/order123', '请求头': '{\"Content-Type\": \"application/json\", \"Authorization\": \"Bearer ${token}\"}', '请求参数': None, '期望结果': '{\"appId\": \"wx_appid\", \"timeStamp\": \"timestamp\", \"nonceStr\": \"noncestr\", \"package\": \"prepay_id=prepay123\", \"signType\": \"MD5\", \"paySign\": \"signature\"}', '数据库断言': None, '提取响应字段': None}"],"tags":[]}],"uid":"348c2cab993c6722c3f14e7b4f0fae48"},{"name":"requests.exceptions.ProxyError: HTTPSConnectionPool(host='minicourse.test.venhalo.com', port=443): Max retries exceeded with url: /api/v1/payment/wx/trade123 (Caused by ProxyError('Unable to connect to proxy', SSLError(SSLEOFError(8, 'EOF occurred in violation of protocol (_ssl.c:1129)'))))","children":[{"name":"test_register[case41]","uid":"7f98fba01c594feb","parentUid":"12821599ad0985dd39d29cb15a67c8f5","status":"broken","time":{"start":1758533418433,"stop":1758533418442,"duration":9},"flaky":false,"newFailed":false,"newPassed":false,"newBroken":false,"retriesCount":0,"retriesStatusChange":false,"parameters":["{'用例编号': 45, '用例标题': '微信查询订单信息_正常流程', '请求方法': 'GET', '请求地址': 'https://minicourse.test.venhalo.com/api/v1/payment/wx/trade123', '请求头': '{\"Content-Type\": \"application/json\", \"Authorization\": \"Bearer ${token}\"}', '请求参数': None, '期望结果': '{\"tradeNo\": \"trade123\", \"status\": \"paid\", \"amount\": 99.99}', '数据库断言': None, '提取响应字段': None}"],"tags":[]}],"uid":"12821599ad0985dd39d29cb15a67c8f5"},{"name":"requests.exceptions.ProxyError: HTTPSConnectionPool(host='minicourse.test.venhalo.com', port=443): Max retries exceeded with url: /api/v1/payment/wx/order123 (Caused by ProxyError('Unable to connect to proxy', SSLError(SSLEOFError(8, 'EOF occurred in violation of protocol (_ssl.c:1129)'))))","children":[{"name":"test_register[case42]","uid":"cce6c6f4adddc722","parentUid":"2efd4cf709a82ad89fa0b566af92293c","status":"broken","time":{"start":1758533418468,"stop":1758533418476,"duration":8},"flaky":false,"newFailed":false,"newPassed":false,"newBroken":false,"retriesCount":0,"retriesStatusChange":false,"parameters":["{'用例编号': 46, '用例标题': '关闭微信支付订单_正常流程', '请求方法': 'DELETE', '请求地址': 'https://minicourse.test.venhalo.com/api/v1/payment/wx/order123', '请求头': '{\"Content-Type\": \"application/json\", \"Authorization\": \"Bearer ${token}\"}', '请求参数': None, '期望结果': '{\"code\": 200, \"msg\": \"操作成功\"}', '数据库断言': None, '提取响应字段': None}"],"tags":[]}],"uid":"2efd4cf709a82ad89fa0b566af92293c"},{"name":"requests.exceptions.ProxyError: HTTPSConnectionPool(host='minicourse.test.venhalo.com', port=443): Max retries exceeded with url: /api/v1/payment/wx/refund (Caused by ProxyError('Unable to connect to proxy', SSLError(SSLEOFError(8, 'EOF occurred in violation of protocol (_ssl.c:1129)'))))","children":[{"name":"test_register[case43]","uid":"d7fdb33c8e7bca3a","parentUid":"8807a529ee20ccaf80d87f23654bca3a","status":"broken","time":{"start":1758533418520,"stop":1758533418529,"duration":9},"flaky":false,"newFailed":false,"newPassed":false,"newBroken":false,"retriesCount":0,"retriesStatusChange":false,"parameters":["{'用例编号': 47, '用例标题': '申请微信退款_正常流程', '请求方法': 'POST', '请求地址': 'https://minicourse.test.venhalo.com/api/v1/payment/wx/refund', '请求头': '{\"Content-Type\": \"application/json\", \"Authorization\": \"Bearer ${token}\"}', '请求参数': '{\"orderId\": \"order123\", \"refundAmount\": 99.99, \"refundReason\": \"课程退款\"}', '期望结果': '{\"refundId\": \"refund123\", \"refundStatus\": \"PROCESSING\"}', '数据库断言': None, '提取响应字段': None}"],"tags":[]},{"name":"test_register[case44]","uid":"6646c17a5550cad3","parentUid":"8807a529ee20ccaf80d87f23654bca3a","status":"broken","time":{"start":1758533418553,"stop":1758533418562,"duration":9},"flaky":false,"newFailed":false,"newPassed":false,"newBroken":false,"retriesCount":0,"retriesStatusChange":false,"parameters":["{'用例编号': 48, '用例标题': '申请微信退款_退款金额大于支付金额', '请求方法': 'POST', '请求地址': 'https://minicourse.test.venhalo.com/api/v1/payment/wx/refund', '请求头': '{\"Content-Type\": \"application/json\", \"Authorization\": \"Bearer ${token}\"}', '请求参数': '{\"orderId\": \"order123\", \"refundAmount\": 200, \"refundReason\": \"课程退款\"}', '期望结果': '{\"code\": 400, \"msg\": \"退款金额不能大于支付金额\"}', '数据库断言': None, '提取响应字段': None}"],"tags":[]}],"uid":"8807a529ee20ccaf80d87f23654bca3a"},{"name":"requests.exceptions.ProxyError: HTTPSConnectionPool(host='minicourse.test.venhalo.com', port=443): Max retries exceeded with url: /api/v1/family/bind/par (Caused by ProxyError('Unable to connect to proxy', SSLError(SSLEOFError(8, 'EOF occurred in violation of protocol (_ssl.c:1129)'))))","children":[{"name":"test_register[case50]","uid":"d4421654185f0bc","parentUid":"0ac4f0df674c656671524e16055d55cc","status":"broken","time":{"start":1758533418742,"stop":1758533418751,"duration":9},"flaky":false,"newFailed":false,"newPassed":false,"newBroken":false,"retriesCount":0,"retriesStatusChange":false,"parameters":["{'用例编号': 54, '用例标题': '添加家庭成员（家长）_正常流程', '请求方法': 'POST', '请求地址': 'https://minicourse.test.venhalo.com/api/v1/family/bind/par', '请求头': '{\"Content-Type\": \"application/json\", \"Authorization\": \"Bearer ${token}\"}', '请求参数': '{\"phone\": \"13900139000\", \"relation\": \"father\"}', '期望结果': '{\"code\": 200, \"msg\": \"操作成功\"}', '数据库断言': None, '提取响应字段': None}"],"tags":[]},{"name":"test_register[case51]","uid":"41fd6bc30f187eee","parentUid":"0ac4f0df674c656671524e16055d55cc","status":"broken","time":{"start":1758533418774,"stop":1758533418783,"duration":9},"flaky":false,"newFailed":false,"newPassed":false,"newBroken":false,"retriesCount":0,"retriesStatusChange":false,"parameters":["{'用例编号': 55, '用例标题': '添加家庭成员（家长）_无效手机号', '请求方法': 'POST', '请求地址': 'https://minicourse.test.venhalo.com/api/v1/family/bind/par', '请求头': '{\"Content-Type\": \"application/json\", \"Authorization\": \"Bearer ${token}\"}', '请求参数': '{\"phone\": \"1234567890\", \"relation\": \"father\"}', '期望结果': '{\"code\": 400, \"msg\": \"手机号格式不正确\"}', '数据库断言': None, '提取响应字段': None}"],"tags":[]}],"uid":"0ac4f0df674c656671524e16055d55cc"},{"name":"requests.exceptions.ProxyError: HTTPSConnectionPool(host='minicourse.test.venhalo.com', port=443): Max retries exceeded with url: /api/v1/family/par/parent123 (Caused by ProxyError('Unable to connect to proxy', SSLError(SSLEOFError(8, 'EOF occurred in violation of protocol (_ssl.c:1129)'))))","children":[{"name":"test_register[case54]","uid":"4fc523079a623e1","parentUid":"6ed931b92d013f6ceab69e6f6cf57143","status":"broken","time":{"start":1758533418887,"stop":1758533418897,"duration":10},"flaky":false,"newFailed":false,"newPassed":false,"newBroken":false,"retriesCount":0,"retriesStatusChange":false,"parameters":["{'用例编号': 58, '用例标题': '解绑家庭成员_正常流程', '请求方法': 'DELETE', '请求地址': 'https://minicourse.test.venhalo.com/api/v1/family/par/parent123', '请求头': '{\"Content-Type\": \"application/json\", \"Authorization\": \"Bearer ${token}\"}', '请求参数': None, '期望结果': '{\"code\": 200, \"msg\": \"操作成功\"}', '数据库断言': None, '提取响应字段': None}"],"tags":[]}],"uid":"6ed931b92d013f6ceab69e6f6cf57143"},{"name":"requests.exceptions.ProxyError: HTTPSConnectionPool(host='minicourse.test.venhalo.com', port=443): Max retries exceeded with url: /api/v1/family/par/current_user_id (Caused by ProxyError('Unable to connect to proxy', SSLError(SSLEOFError(8, 'EOF occurred in violation of protocol (_ssl.c:1129)'))))","children":[{"name":"test_register[case55]","uid":"26bf01717acff7d4","parentUid":"29ed40d26535d67d33fa3722371cd329","status":"broken","time":{"start":1758533418922,"stop":1758533418931,"duration":9},"flaky":false,"newFailed":false,"newPassed":false,"newBroken":false,"retriesCount":0,"retriesStatusChange":false,"parameters":["{'用例编号': 59, '用例标题': '解绑家庭成员_自己', '请求方法': 'DELETE', '请求地址': 'https://minicourse.test.venhalo.com/api/v1/family/par/current_user_id', '请求头': '{\"Content-Type\": \"application/json\", \"Authorization\": \"Bearer ${token}\"}', '请求参数': None, '期望结果': '{\"code\": 400, \"msg\": \"不能解绑自己\"}', '数据库断言': None, '提取响应字段': None}"],"tags":[]}],"uid":"29ed40d26535d67d33fa3722371cd329"},{"name":"requests.exceptions.ProxyError: HTTPSConnectionPool(host='minicourse.test.venhalo.com', port=443): Max retries exceeded with url: /api/v1/family/stu/student123 (Caused by ProxyError('Unable to connect to proxy', SSLError(SSLEOFError(8, 'EOF occurred in violation of protocol (_ssl.c:1129)'))))","children":[{"name":"test_register[case56]","uid":"db36f8fd308c9841","parentUid":"19d181445977dca66adb6ace6ab478e2","status":"broken","time":{"start":1758533418955,"stop":1758533418965,"duration":10},"flaky":false,"newFailed":false,"newPassed":false,"newBroken":false,"retriesCount":0,"retriesStatusChange":false,"parameters":["{'用例编号': 60, '用例标题': '解绑学生_正常流程', '请求方法': 'DELETE', '请求地址': 'https://minicourse.test.venhalo.com/api/v1/family/stu/student123', '请求头': '{\"Content-Type\": \"application/json\", \"Authorization\": \"Bearer ${token}\"}', '请求参数': None, '期望结果': '{\"code\": 200, \"msg\": \"操作成功\"}', '数据库断言': None, '提取响应字段': None}"],"tags":[]}],"uid":"19d181445977dca66adb6ace6ab478e2"},{"name":"requests.exceptions.ProxyError: HTTPSConnectionPool(host='minicourse.test.venhalo.com', port=443): Max retries exceeded with url: /api/v1/family/stu/invalid_id (Caused by ProxyError('Unable to connect to proxy', SSLError(SSLEOFError(8, 'EOF occurred in violation of protocol (_ssl.c:1129)'))))","children":[{"name":"test_register[case57]","uid":"c855d14955727e71","parentUid":"2f8538d75213d1340eef8b344339015e","status":"broken","time":{"start":1758533418990,"stop":1758533418998,"duration":8},"flaky":false,"newFailed":false,"newPassed":false,"newBroken":false,"retriesCount":0,"retriesStatusChange":false,"parameters":["{'用例编号': 61, '用例标题': '解绑学生_不存在', '请求方法': 'DELETE', '请求地址': 'https://minicourse.test.venhalo.com/api/v1/family/stu/invalid_id', '请求头': '{\"Content-Type\": \"application/json\", \"Authorization\": \"Bearer ${token}\"}', '请求参数': None, '期望结果': '{\"code\": 404, \"msg\": \"学生不存在\"}', '数据库断言': None, '提取响应字段': None}"],"tags":[]}],"uid":"2f8538d75213d1340eef8b344339015e"},{"name":"json.decoder.JSONDecodeError: Expecting value: line 1 column 15 (char 14)","children":[{"name":"test_recharge[case1]","uid":"3150b929db98b41c","parentUid":"716aee40216bf0be701f2e1df314a408","status":"broken","time":{"start":1758533436179,"stop":1758533436182,"duration":3},"flaky":false,"newFailed":false,"newPassed":false,"newBroken":false,"retriesCount":0,"retriesStatusChange":false,"parameters":["{'用例编号': 2, '用例标题': '充值', '请求地址': 'http://api.lemonban.com:8788/futureloan/member/recharge', '请求方法': 'POST', '请求头': '{\"X-Lemonban-Media-Type\": \"lemonban.v3\", \"Content-Type\": \"application/json\",\"Authorization\": \"Bearer ${token}\"}', '请求参数': '{\"member_id\": ${id}, \"amount\": 10000.0, \"timestamp\": ${timestamp}, \"sign\": \"${sign}\"}', '期望结果': '{\"status_code\":200}', '数据库断言': None, '提取响应字段': None}"],"tags":[]}],"uid":"716aee40216bf0be701f2e1df314a408"},{"name":"TypeError: 'bool' object is not subscriptable","children":[{"name":"test_order[case4]","uid":"e5b721070e92a91e","parentUid":"c592040e2306d463e6685639a7b719af","status":"broken","time":{"start":1758533442455,"stop":1758533443876,"duration":1421},"flaky":false,"newFailed":false,"newPassed":false,"newBroken":false,"retriesCount":0,"retriesStatusChange":false,"parameters":["{'用例编号': 5, '用例标题': '查询购物车', '请求地址': 'http://shop.lemonban.com:8107/p/shopCart/info', '请求方法': 'POST', '请求头': '{\"Authorization\":\"bearer${token}\",\"Content-Type\":\"application/json;charset=utf-8\"}', '请求参数': '[]', '期望结果': '{\"status_code\":200}', '提取响应字段': '{\"basket_id\":\"$..basketId\"}', '数据库断言': None}"],"tags":[]}],"uid":"c592040e2306d463e6685639a7b719af"},{"name":"json.decoder.JSONDecodeError: Expecting value: line 1 column 26 (char 25)","children":[{"name":"test_order[case5]","uid":"7618d7013b2d95f9","parentUid":"27da1b5e51bce27b5d3924fea3ee2861","status":"broken","time":{"start":1758533443885,"stop":1758533443888,"duration":3},"flaky":false,"newFailed":false,"newPassed":false,"newBroken":false,"retriesCount":0,"retriesStatusChange":false,"parameters":["{'用例编号': 6, '用例标题': '确认订单', '请求地址': 'http://shop.lemonban.com:8107/p/order/confirm', '请求方法': 'POST', '请求头': '{\"Authorization\":\"bearer${token}\",\"Content-Type\":\"application/json;charset=utf-8\"}', '请求参数': '{\"addrId\":0,\"basketIds\":[${basket_id}],\"couponIds\":[],\"isScorePay\":0,\"userChangeCoupon\":0,\"userUseScore\":0,\"uuid\":\"87140837-672c-410a-89d1-be4d690a401e\"}', '期望结果': '{\"status_code\":200}', '提取响应字段': None, '数据库断言': None}"],"tags":[]}],"uid":"27da1b5e51bce27b5d3924fea3ee2861"}],"uid":"bdbf199525818fae7a8651db9eafe741"},{"name":"Product defects","children":[{"name":"AssertionError","children":[{"name":"test_recharge[case0]","uid":"ef969539072b38d7","parentUid":"a0017ad855102fea08b8682d27fec4ca","status":"failed","time":{"start":1758533431381,"stop":1758533436169,"duration":4788},"flaky":false,"newFailed":false,"newPassed":false,"newBroken":false,"retriesCount":0,"retriesStatusChange":false,"parameters":["{'用例编号': 1, '用例标题': '登录', '请求地址': 'http://api.lemonban.com:8788/futureloan/member/login', '请求方法': 'POST', '请求头': '{\"X-Lemonban-Media-Type\": \"lemonban.v3\", \"Content-Type\": \"application/json\"}', '请求参数': '{\"mobile_phone\": \"13323231111\", \"pwd\": \"12345678\"}', '期望结果': '{\"status_code\":200}', '数据库断言': None, '提取响应字段': '{\"id\":\"$..id\",\"token\":\"$...token\"}'}"],"tags":[]},{"name":"test_order[case3]","uid":"6e1bfd49fe50f672","parentUid":"a0017ad855102fea08b8682d27fec4ca","status":"failed","time":{"start":1758533441449,"stop":1758533442446,"duration":997},"flaky":false,"newFailed":false,"newPassed":false,"newBroken":false,"retriesCount":0,"retriesStatusChange":false,"parameters":["{'用例编号': 4, '用例标题': '添加到放购物车', '请求地址': 'http://shop.lemonban.com:8107/p/shopCart/changeItem', '请求方法': 'POST', '请求头': '{\"Authorization\":\"bearer${token}\",\"Content-Type\":\"application/json;charset=utf-8\"}', '请求参数': '{\"basketId\": 0, \"count\": 1, \"prodId\": ${prod_id}, \"shopId\": 1, \"skuId\": ${sku_id}}', '期望结果': '{\"status_code\":200}', '提取响应字段': None, '数据库断言': None}"],"tags":[]},{"name":"test_order[case6]","uid":"ef68cf816df75895","parentUid":"a0017ad855102fea08b8682d27fec4ca","status":"failed","time":{"start":1758533443904,"stop":1758533446746,"duration":2842},"flaky":false,"newFailed":false,"newPassed":false,"newBroken":false,"retriesCount":0,"retriesStatusChange":false,"parameters":["{'用例编号': 7, '用例标题': '提交订单', '请求地址': 'http://shop.lemonban.com:8107/p/order/submit', '请求方法': 'POST', '请求头': '{\"Authorization\":\"bearer${token}\",\"Content-Type\":\"application/json;charset=utf-8\"}', '请求参数': '{\"orderShopParam\":[{\"remarks\":\"\",\"shopId\":1}],\"uuid\":\"87140837-672c-410a-89d1-be4d690a401e\"}', '期望结果': '{\"status_code\":200}', '提取响应字段': '{\"order_number\":\"$.orderNumbers\"}', '数据库断言': '{\"select count(*) from tz_order where order_number =\\'${order_number}\\';\":1}'}"],"tags":[]},{"name":"test_order[case7]","uid":"50466d04f15dd9f1","parentUid":"a0017ad855102fea08b8682d27fec4ca","status":"failed","time":{"start":1758533446767,"stop":1758533449340,"duration":2573},"flaky":false,"newFailed":false,"newPassed":false,"newBroken":false,"retriesCount":0,"retriesStatusChange":false,"parameters":["{'用例编号': 8, '用例标题': '选择支付方式', '请求地址': 'http://shop.lemonban.com:8107/p/order/pay', '请求方法': 'POST', '请求头': '{\"Authorization\":\"bearer${token}\",\"Content-Type\":\"application/json;charset=utf-8\"}', '请求参数': '{\"payType\":3,\"orderNumbers\":\"${order_number}\"}', '期望结果': '{\"status_code\":200}', '提取响应字段': None, '数据库断言': None}"],"tags":[]},{"name":"test_order[case8]","uid":"45b1e6518ed401fa","parentUid":"a0017ad855102fea08b8682d27fec4ca","status":"failed","time":{"start":1758533449349,"stop":1758533452549,"duration":3200},"flaky":false,"newFailed":false,"newPassed":false,"newBroken":false,"retriesCount":0,"retriesStatusChange":false,"parameters":["{'用例编号': 9, '用例标题': '模拟回调支付', '请求地址': 'http://mall.lemonban.com:8107/notice/pay/3', '请求方法': 'POST', '请求头': '{\"Authorization\":\"bearer${token}\",\"Content-Type\":\"application/json;charset=utf-8\"}', '请求参数': '{\"payNo\":\"${order_number}\",\"bizPayNo\":\"xxxxx\",\"isPaySuccess\":\"true\"}', '期望结果': '{\"status_code\":200}', '提取响应字段': None, '数据库断言': None}"],"tags":[]},{"name":"test_order[case9]","uid":"90e5425c02a64c29","parentUid":"a0017ad855102fea08b8682d27fec4ca","status":"failed","time":{"start":1758533452558,"stop":1758533453512,"duration":954},"flaky":false,"newFailed":false,"newPassed":false,"newBroken":false,"retriesCount":0,"retriesStatusChange":false,"parameters":["{'用例编号': 10, '用例标题': '查询订单支付状态', '请求地址': 'http://shop.lemonban.com:8107/p/order/isPay/${order_number}', '请求方法': 'GET', '请求头': '{\"Authorization\":\"bearer${token}\"}', '请求参数': None, '期望结果': '{\"status_code\":200,\"text\":\"true\"}', '提取响应字段': None, '数据库断言': '{\"select status from tz_order where order_number =\\'${order_number}\\';\":2}'}"],"tags":[]}],"uid":"a0017ad855102fea08b8682d27fec4ca"}],"uid":"8fb3a91ba5aaf9de24cc8a92edc82b5d"}]}