{"uid":"98d3104e051c652961429bf95fa0b5d6","name":"suites","children":[{"name":"testcases.parent","children":[{"name":"test_1_login_parent","children":[{"name":"test_register[case0]","uid":"477ed0280675497","parentUid":"9a699b1b111f261ac7eb2ce3f3bf8f0f","status":"passed","time":{"start":1758508007147,"stop":1758508007531,"duration":384},"flaky":false,"newFailed":false,"newPassed":false,"newBroken":false,"retriesCount":0,"retriesStatusChange":false,"parameters":["{'用例编号': 1, '用例标题': '获取注册短信验证码', '请求地址': 'https://minicourse.test.venhalo.com/api/v1/auth/verification/code', '请求方法': 'POST', '请求头': '{\"Content-Type\":\"application/json;charset=utf-8\"}', '请求参数': '{\"phone\":\"${mobile_phone}\",\"role\": \"parent\"}', '期望结果': None, '数据库断言': None, '提取响应字段': '{\"code\" :\"$.data.code\"}'}"],"tags":[]},{"name":"test_register[case1]","uid":"2763e1c9543852bb","parentUid":"9a699b1b111f261ac7eb2ce3f3bf8f0f","status":"passed","time":{"start":1758508007531,"stop":1758508007756,"duration":225},"flaky":false,"newFailed":false,"newPassed":false,"newBroken":false,"retriesCount":0,"retriesStatusChange":false,"parameters":["{'用例编号': 2, '用例标题': '校验注册短信验证码并登录', '请求地址': 'https://minicourse.test.venhalo.com//api/v1/auth/verification/verify', '请求方法': 'POST', '请求头': '{\"Content-Type\":\"application/json;charset=utf-8\"}', '请求参数': '{\"phone\":\"${mobile_phone}\",\"role\":\"parent\",\"code\": \"${code}\"}', '期望结果': '{\"$.message\":\"成功\"}', '数据库断言': '{\"select phone from user where phone = \\'${mobile_phone}\\';\":\"${mobile_phone}\"}', '提取响应字段': '{\"token\" :\"$.data.token\"}'}"],"tags":[]},{"name":"test_register[case2]","uid":"e643555f0cb99251","parentUid":"9a699b1b111f261ac7eb2ce3f3bf8f0f","status":"passed","time":{"start":1758508007756,"stop":1758508007859,"duration":103},"flaky":false,"newFailed":false,"newPassed":false,"newBroken":false,"retriesCount":0,"retriesStatusChange":false,"parameters":["{'用例编号': 3, '用例标题': '绑定学生', '请求地址': 'https://minicourse.test.venhalo.com/api/v1/family/bind/stu', '请求方法': 'POST', '请求头': '{\"Authorization\":\"Bearer ${token}\",\"Content-Type\":\"application/json;charset=utf-8\"}', '请求参数': '{\\n    \"phoneNumber\": \"19208031004\",\\n    \"name\": \"测试绑定\",\\n    \"grade\": \"2\",\\n    \"gender\": \"男\"\\n}', '期望结果': '{\"$.message\":\"绑定成功\"}', '数据库断言': None, '提取响应字段': None}"],"tags":[]},{"name":"test_register[case3]","uid":"44a9491dfa78d97","parentUid":"9a699b1b111f261ac7eb2ce3f3bf8f0f","status":"passed","time":{"start":1758508007864,"stop":1758508007947,"duration":83},"flaky":false,"newFailed":false,"newPassed":false,"newBroken":false,"retriesCount":0,"retriesStatusChange":false,"parameters":["{'用例编号': 4, '用例标题': '获取当前用户信息（家长）', '请求地址': 'https://minicourse.test.venhalo.com/api/v1/user/par', '请求方法': 'GET', '请求头': '{\"Authorization\":\"Bearer ${token}\",\"Content-Type\":\"application/json;charset=utf-8\"}', '请求参数': None, '期望结果': '{\"$.data.children[0].name\":\"测试绑定\"}', '数据库断言': None, '提取响应字段': '{\"studentId\":\"$.data.children[0].studentId\"}'}"],"tags":[]},{"name":"test_register[case4]","uid":"b9253e0fa1f3f921","parentUid":"9a699b1b111f261ac7eb2ce3f3bf8f0f","status":"passed","time":{"start":1758508007947,"stop":1758508008049,"duration":102},"flaky":false,"newFailed":false,"newPassed":false,"newBroken":false,"retriesCount":0,"retriesStatusChange":false,"parameters":["{'用例编号': 5, '用例标题': '更新学生信息', '请求地址': 'https://minicourse.test.venhalo.com/api/v1/user/stu', '请求方法': 'PUT', '请求头': '{\"Authorization\":\"Bearer ${token}\",\"Content-Type\":\"application/json;charset=utf-8\"}', '请求参数': '{\\n    \"userId\": \"${studentId}\",\\n    \"name\": \"更新test学生\",\\n    \"grade\": \"2\",\\n    \"gender\": \"0\"\\n}', '期望结果': '{\"$.message\":\"更新成功\"}', '数据库断言': '{\"select name from student_info where student_user_id = \\'${studentId}\\';\":\"更新test学生\"}', '提取响应字段': None}"],"tags":[]},{"name":"test_register[case5]","uid":"15c870731ebde9b1","parentUid":"9a699b1b111f261ac7eb2ce3f3bf8f0f","status":"passed","time":{"start":1758508008049,"stop":1758508008136,"duration":87},"flaky":false,"newFailed":false,"newPassed":false,"newBroken":false,"retriesCount":0,"retriesStatusChange":false,"parameters":["{'用例编号': 6, '用例标题': '获取当前用户信息（家长）', '请求地址': 'https://minicourse.test.venhalo.com/api/v1/user/par', '请求方法': 'GET', '请求头': '{\"Authorization\":\"Bearer ${token}\",\"Content-Type\":\"application/json;charset=utf-8\"}', '请求参数': None, '期望结果': '{\"$.data.children[0].name\":\"更新test学生\"}', '数据库断言': None, '提取响应字段': None}"],"tags":[]},{"name":"test_register[case6]","uid":"5ccd073413627259","parentUid":"9a699b1b111f261ac7eb2ce3f3bf8f0f","status":"passed","time":{"start":1758508008136,"stop":1758508008212,"duration":76},"flaky":false,"newFailed":false,"newPassed":false,"newBroken":false,"retriesCount":0,"retriesStatusChange":false,"parameters":["{'用例编号': 7, '用例标题': '解绑学生（成功）', '请求地址': 'https://minicourse.test.venhalo.com/api/v1/family/stu/${studentId}', '请求方法': 'DELETE', '请求头': '{\"Authorization\":\"Bearer ${token}\",\"Content-Type\":\"application/json;charset=utf-8\"}', '请求参数': None, '期望结果': '{\"$.message\":\"解绑成功\"}', '数据库断言': None, '提取响应字段': None}"],"tags":[]},{"name":"test_register[case7]","uid":"52d05ea369516012","parentUid":"9a699b1b111f261ac7eb2ce3f3bf8f0f","status":"passed","time":{"start":1758508008217,"stop":1758508008280,"duration":63},"flaky":false,"newFailed":false,"newPassed":false,"newBroken":false,"retriesCount":0,"retriesStatusChange":false,"parameters":["{'用例编号': 8, '用例标题': '获取当前用户信息（家长）', '请求地址': 'https://minicourse.test.venhalo.com/api/v1/user/par', '请求方法': 'GET', '请求头': '{\"Authorization\":\"Bearer ${token}\",\"Content-Type\":\"application/json;charset=utf-8\"}', '请求参数': None, '期望结果': '{\"$.data.children[0].name\":{\"$ne\":\"更新test学生\"}}', '数据库断言': None, '提取响应字段': None}"],"tags":[]}],"uid":"9a699b1b111f261ac7eb2ce3f3bf8f0f"},{"name":"test_2_all_parent","children":[{"name":"test_register[case0]","uid":"513506aae0262222","parentUid":"d482d9a80e70d305a9942c900ddb234d","status":"passed","time":{"start":1758508008285,"stop":1758508008608,"duration":323},"flaky":false,"newFailed":false,"newPassed":false,"newBroken":false,"retriesCount":0,"retriesStatusChange":false,"parameters":["{'用例编号': 1, '用例标题': '微信登录_正常流程', '请求方法': 'POST', '请求地址': 'https://minicourse.test.venhalo.com/api/v1/auth/wx/login', '请求头': '{\"Content-Type\": \"application/json\"}', '请求参数': '{\"code\": \"valid_code\"}', '期望结果': '{\"isBindPhone\": true, \"token\": \"token_string\", \"sessionId\": \"session_id\"}', '数据库断言': None, '提取响应字段': None}"],"tags":[]},{"name":"test_register[case1]","uid":"a158df06c439362","parentUid":"d482d9a80e70d305a9942c900ddb234d","status":"passed","time":{"start":1758508008613,"stop":1758508008796,"duration":183},"flaky":false,"newFailed":false,"newPassed":false,"newBroken":false,"retriesCount":0,"retriesStatusChange":false,"parameters":["{'用例编号': 2, '用例标题': '微信登录_无效code', '请求方法': 'POST', '请求地址': 'https://minicourse.test.venhalo.com/api/v1/auth/wx/login', '请求头': '{\"Content-Type\": \"application/json\"}', '请求参数': '{\"code\": \"invalid_code\"}', '期望结果': '{\"code\": 400, \"msg\": \"无效的code\"}', '数据库断言': None, '提取响应字段': None}"],"tags":[]},{"name":"test_register[case2]","uid":"7a18d933fd199193","parentUid":"d482d9a80e70d305a9942c900ddb234d","status":"passed","time":{"start":1758508008796,"stop":1758508008843,"duration":47},"flaky":false,"newFailed":false,"newPassed":false,"newBroken":false,"retriesCount":0,"retriesStatusChange":false,"parameters":["{'用例编号': 3, '用例标题': '微信登录_空code', '请求方法': 'POST', '请求地址': 'https://minicourse.test.venhalo.com/api/v1/auth/wx/login', '请求头': '{\"Content-Type\": \"application/json\"}', '请求参数': '{\"code\": \"\"}', '期望结果': '{\"code\": 400, \"msg\": \"code不能为空\"}', '数据库断言': None, '提取响应字段': None}"],"tags":[]},{"name":"test_register[case3]","uid":"3dad4fc6ea43f518","parentUid":"d482d9a80e70d305a9942c900ddb234d","status":"passed","time":{"start":1758508008843,"stop":1758508008893,"duration":50},"flaky":false,"newFailed":false,"newPassed":false,"newBroken":false,"retriesCount":0,"retriesStatusChange":false,"parameters":["{'用例编号': 4, '用例标题': '微信手机号授权_正常流程', '请求方法': 'POST', '请求地址': 'https://minicourse.test.venhalo.com/api/v1/auth/wx/phone', '请求头': '{\"Content-Type\": \"application/json\"}', '请求参数': '{\"encryptedData\": \"encrypted_data\", \"iv\": \"initial_vector\", \"sessionId\": \"valid_session_id\"}', '期望结果': '{\"token\": \"token_string\"}', '数据库断言': None, '提取响应字段': None}"],"tags":[]},{"name":"test_register[case4]","uid":"e86c535e5d23d7a4","parentUid":"d482d9a80e70d305a9942c900ddb234d","status":"passed","time":{"start":1758508008898,"stop":1758508008928,"duration":30},"flaky":false,"newFailed":false,"newPassed":false,"newBroken":false,"retriesCount":0,"retriesStatusChange":false,"parameters":["{'用例编号': 5, '用例标题': '微信手机号授权_无效sessionId', '请求方法': 'POST', '请求地址': 'https://minicourse.test.venhalo.com/api/v1/auth/wx/phone', '请求头': '{\"Content-Type\": \"application/json\"}', '请求参数': '{\"encryptedData\": \"encrypted_data\", \"iv\": \"initial_vector\", \"sessionId\": \"invalid_session_id\"}', '期望结果': '{\"code\": 401, \"msg\": \"会话已过期\"}', '数据库断言': None, '提取响应字段': None}"],"tags":[]},{"name":"test_register[case5]","uid":"3ed194d9f037215","parentUid":"d482d9a80e70d305a9942c900ddb234d","status":"passed","time":{"start":1758508008928,"stop":1758508008952,"duration":24},"flaky":false,"newFailed":false,"newPassed":false,"newBroken":false,"retriesCount":0,"retriesStatusChange":false,"parameters":["{'用例编号': 6, '用例标题': '微信手机号授权_缺少参数', '请求方法': 'POST', '请求地址': 'https://minicourse.test.venhalo.com/api/v1/auth/wx/phone', '请求头': '{\"Content-Type\": \"application/json\"}', '请求参数': '{\"encryptedData\": \"encrypted_data\"}', '期望结果': '{\"code\": 400, \"msg\": \"缺少必要参数\"}', '数据库断言': None, '提取响应字段': None}"],"tags":[]},{"name":"test_register[case6]","uid":"3bfa8ca9debfbd81","parentUid":"d482d9a80e70d305a9942c900ddb234d","status":"passed","time":{"start":1758508008952,"stop":1758508009148,"duration":196},"flaky":false,"newFailed":false,"newPassed":false,"newBroken":false,"retriesCount":0,"retriesStatusChange":false,"parameters":["{'用例编号': 7, '用例标题': '抖音登录_正常流程', '请求方法': 'POST', '请求地址': 'https://minicourse.test.venhalo.com/api/v1/auth/dy/login', '请求头': '{\"Content-Type\": \"application/json\"}', '请求参数': '{\"code\": \"valid_code\"}', '期望结果': '{\"isBindPhone\": true, \"token\": \"token_string\", \"sessionId\": \"session_id\"}', '数据库断言': None, '提取响应字段': None}"],"tags":[]},{"name":"test_register[case7]","uid":"2a7a3dc4097ecaa1","parentUid":"d482d9a80e70d305a9942c900ddb234d","status":"passed","time":{"start":1758508009153,"stop":1758508009358,"duration":205},"flaky":false,"newFailed":false,"newPassed":false,"newBroken":false,"retriesCount":0,"retriesStatusChange":false,"parameters":["{'用例编号': 8, '用例标题': '抖音登录_无效code', '请求方法': 'POST', '请求地址': 'https://minicourse.test.venhalo.com/api/v1/auth/dy/login', '请求头': '{\"Content-Type\": \"application/json\"}', '请求参数': '{\"code\": \"invalid_code\"}', '期望结果': '{\"code\": 400, \"msg\": \"无效的code\"}', '数据库断言': None, '提取响应字段': None}"],"tags":[]},{"name":"test_register[case8]","uid":"82eb9b961fd163f6","parentUid":"d482d9a80e70d305a9942c900ddb234d","status":"passed","time":{"start":1758508009363,"stop":1758508009398,"duration":35},"flaky":false,"newFailed":false,"newPassed":false,"newBroken":false,"retriesCount":0,"retriesStatusChange":false,"parameters":["{'用例编号': 9, '用例标题': '抖音登录_空code', '请求方法': 'POST', '请求地址': 'https://minicourse.test.venhalo.com/api/v1/auth/dy/login', '请求头': '{\"Content-Type\": \"application/json\"}', '请求参数': '{\"code\": \"\"}', '期望结果': '{\"code\": 400, \"msg\": \"code不能为空\"}', '数据库断言': None, '提取响应字段': None}"],"tags":[]},{"name":"test_register[case9]","uid":"7eb34105665a1033","parentUid":"d482d9a80e70d305a9942c900ddb234d","status":"passed","time":{"start":1758508009403,"stop":1758508009755,"duration":352},"flaky":false,"newFailed":false,"newPassed":false,"newBroken":false,"retriesCount":0,"retriesStatusChange":false,"parameters":["{'用例编号': 10, '用例标题': '抖音手机号授权_正常流程', '请求方法': 'POST', '请求地址': 'https://minicourse.test.venhalo.com/api/v1/auth/dy/phone', '请求头': '{\"Content-Type\": \"application/json\"}', '请求参数': '{\"encryptedData\": \"encrypted_data\", \"iv\": \"initial_vector\", \"sessionId\": \"valid_session_id\"}', '期望结果': '{\"token\": \"token_string\"}', '数据库断言': None, '提取响应字段': None}"],"tags":[]},{"name":"test_register[case10]","uid":"30cfa210c168d325","parentUid":"d482d9a80e70d305a9942c900ddb234d","status":"passed","time":{"start":1758508009761,"stop":1758508010819,"duration":1058},"flaky":false,"newFailed":false,"newPassed":false,"newBroken":false,"retriesCount":0,"retriesStatusChange":false,"parameters":["{'用例编号': 11, '用例标题': '抖音手机号授权_无效sessionId', '请求方法': 'POST', '请求地址': 'https://minicourse.test.venhalo.com/api/v1/auth/dy/phone', '请求头': '{\"Content-Type\": \"application/json\"}', '请求参数': '{\"encryptedData\": \"encrypted_data\", \"iv\": \"initial_vector\", \"sessionId\": \"invalid_session_id\"}', '期望结果': '{\"code\": 401, \"msg\": \"会话已过期\"}', '数据库断言': None, '提取响应字段': None}"],"tags":[]},{"name":"test_register[case11]","uid":"d64b66cd66dc22aa","parentUid":"d482d9a80e70d305a9942c900ddb234d","status":"passed","time":{"start":1758508010819,"stop":1758508010852,"duration":33},"flaky":false,"newFailed":false,"newPassed":false,"newBroken":false,"retriesCount":0,"retriesStatusChange":false,"parameters":["{'用例编号': 12, '用例标题': '获取注册短信验证码', '请求方法': 'POST', '请求地址': 'https://minicourse.test.venhalo.com/api/v1/auth/verification/code', '请求头': '{\"Content-Type\":\"application/json;charset=utf-8\"}', '请求参数': '{\"phone\":\"${mobile_phone}\",\"role\": \"parent\"}', '期望结果': None, '数据库断言': None, '提取响应字段': '{\"code\" :\"$.data.code\"}'}"],"tags":[]},{"name":"test_register[case12]","uid":"696a25d430685a13","parentUid":"d482d9a80e70d305a9942c900ddb234d","status":"passed","time":{"start":1758508010860,"stop":1758508011161,"duration":301},"flaky":false,"newFailed":false,"newPassed":false,"newBroken":false,"retriesCount":0,"retriesStatusChange":false,"parameters":["{'用例编号': 13, '用例标题': '校验注册短信验证码并登录', '请求方法': 'POST', '请求地址': 'https://minicourse.test.venhalo.com//api/v1/auth/verification/verify', '请求头': '{\"Content-Type\":\"application/json;charset=utf-8\"}', '请求参数': '{\"phone\":\"${mobile_phone}\",\"role\":\"parent\",\"code\": \"${code}\"}', '期望结果': '{\"$.message\":\"成功\"}', '数据库断言': '{\"select phone from user where phone = \\'${mobile_phone}\\';\":\"${mobile_phone}\"}', '提取响应字段': '{\"token\" :\"$.data.token\"}'}"],"tags":[]},{"name":"test_register[case13]","uid":"d6dc4cfe9ed3e155","parentUid":"d482d9a80e70d305a9942c900ddb234d","status":"passed","time":{"start":1758508011166,"stop":1758508011208,"duration":42},"flaky":false,"newFailed":false,"newPassed":false,"newBroken":false,"retriesCount":0,"retriesStatusChange":false,"parameters":["{'用例编号': 14, '用例标题': '获取学情课包列表_正常流程', '请求方法': 'GET', '请求地址': 'https://minicourse.test.venhalo.com/api/v1/minicourse/list', '请求头': '{\"Content-Type\": \"application/json\", \"Authorization\": \"Bearer ${token}\"}', '请求参数': None, '期望结果': '{\"minicourseList\": []}', '数据库断言': None, '提取响应字段': None}"],"tags":[]},{"name":"test_register[case14]","uid":"47568c90a9be4ed5","parentUid":"d482d9a80e70d305a9942c900ddb234d","status":"passed","time":{"start":1758508011213,"stop":1758508011241,"duration":28},"flaky":false,"newFailed":false,"newPassed":false,"newBroken":false,"retriesCount":0,"retriesStatusChange":false,"parameters":["{'用例编号': 15, '用例标题': '获取学情课包列表_无权限', '请求方法': 'GET', '请求地址': 'https://minicourse.test.venhalo.com/api/v1/minicourse/list', '请求头': '{\"Content-Type\": \"application/json\"}', '请求参数': None, '期望结果': '{\"code\": 401, \"msg\": \"未授权\"}', '数据库断言': None, '提取响应字段': None}"],"tags":[]},{"name":"test_register[case15]","uid":"9e440e33a62cb290","parentUid":"d482d9a80e70d305a9942c900ddb234d","status":"passed","time":{"start":1758508011246,"stop":1758508011505,"duration":259},"flaky":false,"newFailed":false,"newPassed":false,"newBroken":false,"retriesCount":0,"retriesStatusChange":false,"parameters":["{'用例编号': 16, '用例标题': '分页获取我的小课包列表【家长端】_正常流程', '请求方法': 'POST', '请求地址': 'https://minicourse.test.venhalo.com/api/v1/minicourse/par/list', '请求头': '{\"Content-Type\": \"application/json\", \"Authorization\": \"Bearer ${token}\"}', '请求参数': '{\"status\": \"0\", \"page\": 1, \"pageSize\": 10}', '期望结果': '{\"minicourseList\": [], \"total\": 0, \"page\": 1, \"pageSize\": 10}', '数据库断言': None, '提取响应字段': None}"],"tags":[]},{"name":"test_register[case16]","uid":"4919bd976a31be60","parentUid":"d482d9a80e70d305a9942c900ddb234d","status":"passed","time":{"start":1758508011505,"stop":1758508011553,"duration":48},"flaky":false,"newFailed":false,"newPassed":false,"newBroken":false,"retriesCount":0,"retriesStatusChange":false,"parameters":["{'用例编号': 17, '用例标题': '分页获取我的小课包列表【家长端】_无效状态', '请求方法': 'POST', '请求地址': 'https://minicourse.test.venhalo.com/api/v1/minicourse/par/list', '请求头': '{\"Content-Type\": \"application/json\", \"Authorization\": \"Bearer ${token}\"}', '请求参数': '{\"status\": \"999\", \"page\": 1, \"pageSize\": 10}', '期望结果': '{\"code\": 400, \"msg\": \"无效的状态值\"}', '数据库断言': None, '提取响应字段': None}"],"tags":[]},{"name":"test_register[case17]","uid":"dc21663c7bc84a71","parentUid":"d482d9a80e70d305a9942c900ddb234d","status":"passed","time":{"start":1758508011558,"stop":1758508011592,"duration":34},"flaky":false,"newFailed":false,"newPassed":false,"newBroken":false,"retriesCount":0,"retriesStatusChange":false,"parameters":["{'用例编号': 18, '用例标题': '分页获取我的小课包列表【家长端】_分页参数错误', '请求方法': 'POST', '请求地址': 'https://minicourse.test.venhalo.com/api/v1/minicourse/par/list', '请求头': '{\"Content-Type\": \"application/json\", \"Authorization\": \"Bearer ${token}\"}', '请求参数': '{\"status\": \"0\", \"page\": 0, \"pageSize\": 10}', '期望结果': '{\"code\": 400, \"msg\": \"分页参数错误\"}', '数据库断言': None, '提取响应字段': None}"],"tags":[]},{"name":"test_register[case18]","uid":"a7d7afa83a23445f","parentUid":"d482d9a80e70d305a9942c900ddb234d","status":"passed","time":{"start":1758508011597,"stop":1758508011627,"duration":30},"flaky":false,"newFailed":false,"newPassed":false,"newBroken":false,"retriesCount":0,"retriesStatusChange":false,"parameters":["{'用例编号': 19, '用例标题': '分页获取我的小课包列表【学生端】_正常流程', '请求方法': 'POST', '请求地址': 'https://minicourse.test.venhalo.com/api/v1/minicourse/stu/list', '请求头': '{\"Content-Type\": \"application/json\", \"Authorization\": \"Bearer ${token}\"}', '请求参数': '{\"page\": 1, \"pageSize\": 10}', '期望结果': '{\"minicourseList\": [], \"total\": 0, \"page\": 1, \"pageSize\": 10}', '数据库断言': None, '提取响应字段': None}"],"tags":[]},{"name":"test_register[case19]","uid":"e32c47cdfd5ae584","parentUid":"d482d9a80e70d305a9942c900ddb234d","status":"broken","time":{"start":1758508011632,"stop":1758508011632,"duration":0},"flaky":false,"newFailed":false,"newPassed":false,"newBroken":false,"retriesCount":0,"retriesStatusChange":false,"parameters":["{'用例编号': 20, '用例标题': '分页获取我的小课包列表【学生端】_无权限', '请求方法': 'POST', '请求地址': 'https://minicourse.test.venhalo.com/api/v1/minicourse/stu/list', '请求头': '{\"Content-Type\": \"application/json\"}', '请求参数': None, '期望结果': '{\"code\": 401, \"msg\": \"未授权\"}', '数据库断言': None, '提取响应字段': None}"],"tags":[]},{"name":"test_register[case20]","uid":"fc522f7a7c382add","parentUid":"d482d9a80e70d305a9942c900ddb234d","status":"passed","time":{"start":1758508011727,"stop":1758508011769,"duration":42},"flaky":false,"newFailed":false,"newPassed":false,"newBroken":false,"retriesCount":0,"retriesStatusChange":false,"parameters":["{'用例编号': 21, '用例标题': '获取推荐课包_正常流程', '请求方法': 'GET', '请求地址': 'https://minicourse.test.venhalo.com/api/v1/minicourse/recommendation', '请求头': '{\"Content-Type\": \"application/json\", \"Authorization\": \"Bearer ${token}\"}', '请求参数': None, '期望结果': '{\"recommendations\": []}', '数据库断言': None, '提取响应字段': None}"],"tags":[]},{"name":"test_register[case21]","uid":"12c05cca194527f8","parentUid":"d482d9a80e70d305a9942c900ddb234d","status":"passed","time":{"start":1758508011769,"stop":1758508011804,"duration":35},"flaky":false,"newFailed":false,"newPassed":false,"newBroken":false,"retriesCount":0,"retriesStatusChange":false,"parameters":["{'用例编号': 22, '用例标题': '获取商场课包（分页）_正常流程', '请求方法': 'POST', '请求地址': 'https://minicourse.test.venhalo.com/api/v1/minicourse/mall', '请求头': '{\"Content-Type\": \"application/json\", \"Authorization\": \"Bearer ${token}\"}', '请求参数': '{\"page\": 1, \"pageSize\": 10}', '期望结果': '{\"mallCourses\": [], \"total\": 0, \"page\": 1, \"pageSize\": 10}', '数据库断言': None, '提取响应字段': None}"],"tags":[]},{"name":"test_register[case22]","uid":"837119dd4542afe0","parentUid":"d482d9a80e70d305a9942c900ddb234d","status":"passed","time":{"start":1758508011809,"stop":1758508011844,"duration":35},"flaky":false,"newFailed":false,"newPassed":false,"newBroken":false,"retriesCount":0,"retriesStatusChange":false,"parameters":["{'用例编号': 23, '用例标题': '获取课包详情_正常流程', '请求方法': 'GET', '请求地址': 'https://minicourse.test.venhalo.com/api/v1/minicourse/course123', '请求头': '{\"Content-Type\": \"application/json\", \"Authorization\": \"Bearer ${token}\"}', '请求参数': None, '期望结果': '{\"minicourseId\": \"course123\", \"title\": \"课程标题\", \"description\": \"课程描述\"}', '数据库断言': None, '提取响应字段': None}"],"tags":[]},{"name":"test_register[case23]","uid":"dfa6acc2e01785f8","parentUid":"d482d9a80e70d305a9942c900ddb234d","status":"passed","time":{"start":1758508011844,"stop":1758508011874,"duration":30},"flaky":false,"newFailed":false,"newPassed":false,"newBroken":false,"retriesCount":0,"retriesStatusChange":false,"parameters":["{'用例编号': 24, '用例标题': '获取课包详情_无效ID', '请求方法': 'GET', '请求地址': 'https://minicourse.test.venhalo.com/api/v1/minicourse/invalid_id', '请求头': '{\"Content-Type\": \"application/json\", \"Authorization\": \"Bearer ${token}\"}', '请求参数': None, '期望结果': '{\"code\": 404, \"msg\": \"课包不存在\"}', '数据库断言': None, '提取响应字段': None}"],"tags":[]},{"name":"test_register[case24]","uid":"7f329b813eab442f","parentUid":"d482d9a80e70d305a9942c900ddb234d","status":"passed","time":{"start":1758508011879,"stop":1758508011909,"duration":30},"flaky":false,"newFailed":false,"newPassed":false,"newBroken":false,"retriesCount":0,"retriesStatusChange":false,"parameters":["{'用例编号': 25, '用例标题': '获取学情信息_正常流程', '请求方法': 'POST', '请求地址': 'https://minicourse.test.venhalo.com/api/v1/situation/student', '请求头': '{\"Content-Type\": \"application/json\", \"Authorization\": \"Bearer ${token}\"}', '请求参数': '{\"studentId\": \"student123\"}', '期望结果': '{\"studentId\": \"student123\", \"learningStatus\": \"learning\"}', '数据库断言': None, '提取响应字段': None}"],"tags":[]},{"name":"test_register[case25]","uid":"4b81bf76e36c1b21","parentUid":"d482d9a80e70d305a9942c900ddb234d","status":"passed","time":{"start":1758508011914,"stop":1758508011955,"duration":41},"flaky":false,"newFailed":false,"newPassed":false,"newBroken":false,"retriesCount":0,"retriesStatusChange":false,"parameters":["{'用例编号': 26, '用例标题': '获取学情信息_缺少学生ID', '请求方法': 'POST', '请求地址': 'https://minicourse.test.venhalo.com/api/v1/situation/student', '请求头': '{\"Content-Type\": \"application/json\", \"Authorization\": \"Bearer ${token}\"}', '请求参数': '{}', '期望结果': '{\"code\": 400, \"msg\": \"缺少学生ID\"}', '数据库断言': None, '提取响应字段': None}"],"tags":[]},{"name":"test_register[case26]","uid":"286457c1e1c45212","parentUid":"d482d9a80e70d305a9942c900ddb234d","status":"broken","time":{"start":1758508011960,"stop":1758508011965,"duration":5},"flaky":false,"newFailed":false,"newPassed":false,"newBroken":false,"retriesCount":0,"retriesStatusChange":false,"parameters":["{'用例编号': 27, '用例标题': '更新学生学习状态【正在学习】_正常流程', '请求方法': 'PATCH', '请求地址': 'https://minicourse.test.venhalo.com/api/v1/situation/start', '请求头': '{\"Content-Type\": \"application/json\", \"Authorization\": \"Bearer ${token}\"}', '请求参数': '{\"minicourseId\": \"course123\"}', '期望结果': '{\"code\": 200, \"msg\": \"操作成功\"}', '数据库断言': None, '提取响应字段': None}"],"tags":[]},{"name":"test_register[case27]","uid":"669fc7bd670e0ba6","parentUid":"d482d9a80e70d305a9942c900ddb234d","status":"broken","time":{"start":1758508011970,"stop":1758508011970,"duration":0},"flaky":false,"newFailed":false,"newPassed":false,"newBroken":false,"retriesCount":0,"retriesStatusChange":false,"parameters":["{'用例编号': 28, '用例标题': '更新学生学习状态【正在学习】_无效课程ID', '请求方法': 'PATCH', '请求地址': 'https://minicourse.test.venhalo.com/api/v1/situation/start', '请求头': '{\"Content-Type\": \"application/json\", \"Authorization\": \"Bearer ${token}\"}', '请求参数': '{\"minicourseId\": \"invalid_id\"}', '期望结果': '{\"code\": 404, \"msg\": \"课程不存在\"}', '数据库断言': None, '提取响应字段': None}"],"tags":[]},{"name":"test_register[case28]","uid":"21ccce1f4f2bb846","parentUid":"d482d9a80e70d305a9942c900ddb234d","status":"passed","time":{"start":1758508011975,"stop":1758508012237,"duration":262},"flaky":false,"newFailed":false,"newPassed":false,"newBroken":false,"retriesCount":0,"retriesStatusChange":false,"parameters":["{'用例编号': 29, '用例标题': '标记当天课程结束_正常流程', '请求方法': 'POST', '请求地址': 'https://minicourse.test.venhalo.com/api/v1/situation/end', '请求头': '{\"Content-Type\": \"application/json\", \"Authorization\": \"Bearer ${token}\"}', '请求参数': '{\"minicourseId\": \"course123\"}', '期望结果': '{\"code\": 200, \"msg\": \"操作成功\"}', '数据库断言': None, '提取响应字段': None}"],"tags":[]},{"name":"test_register[case29]","uid":"8b586bf5f2c4c880","parentUid":"d482d9a80e70d305a9942c900ddb234d","status":"passed","time":{"start":1758508012237,"stop":1758508012265,"duration":28},"flaky":false,"newFailed":false,"newPassed":false,"newBroken":false,"retriesCount":0,"retriesStatusChange":false,"parameters":["{'用例编号': 30, '用例标题': '标记当天课程结束_未学习', '请求方法': 'POST', '请求地址': 'https://minicourse.test.venhalo.com/api/v1/situation/end', '请求头': '{\"Content-Type\": \"application/json\", \"Authorization\": \"Bearer ${token}\"}', '请求参数': '{\"minicourseId\": \"course456\"}', '期望结果': '{\"code\": 400, \"msg\": \"课程未开始学习\"}', '数据库断言': None, '提取响应字段': None}"],"tags":[]},{"name":"test_register[case30]","uid":"1f889883b8be7265","parentUid":"d482d9a80e70d305a9942c900ddb234d","status":"passed","time":{"start":1758508012270,"stop":1758508012300,"duration":30},"flaky":false,"newFailed":false,"newPassed":false,"newBroken":false,"retriesCount":0,"retriesStatusChange":false,"parameters":["{'用例编号': 33, '用例标题': '学生推送操作信息_正常流程', '请求方法': 'POST', '请求地址': 'https://minicourse.test.venhalo.com/api/v1/interaction/message', '请求头': '{\"Content-Type\": \"application/json\", \"Authorization\": \"Bearer ${token}\"}', '请求参数': '{\"content\": \"学习了一节课\", \"type\": \"learning\"}', '期望结果': '{\"code\": 200, \"msg\": \"操作成功\"}', '数据库断言': None, '提取响应字段': None}"],"tags":[]},{"name":"test_register[case31]","uid":"e68730ab7f506b0c","parentUid":"d482d9a80e70d305a9942c900ddb234d","status":"passed","time":{"start":1758508012300,"stop":1758508012328,"duration":28},"flaky":false,"newFailed":false,"newPassed":false,"newBroken":false,"retriesCount":0,"retriesStatusChange":false,"parameters":["{'用例编号': 34, '用例标题': '学生推送操作信息_无效类型', '请求方法': 'POST', '请求地址': 'https://minicourse.test.venhalo.com/api/v1/interaction/message', '请求头': '{\"Content-Type\": \"application/json\", \"Authorization\": \"Bearer ${token}\"}', '请求参数': '{\"content\": \"学习了一节课\", \"type\": \"invalid_type\"}', '期望结果': '{\"code\": 400, \"msg\": \"无效的消息类型\"}', '数据库断言': None, '提取响应字段': None}"],"tags":[]},{"name":"test_register[case32]","uid":"4a13a67b598a1d3f","parentUid":"d482d9a80e70d305a9942c900ddb234d","status":"passed","time":{"start":1758508012333,"stop":1758508012355,"duration":22},"flaky":false,"newFailed":false,"newPassed":false,"newBroken":false,"retriesCount":0,"retriesStatusChange":false,"parameters":["{'用例编号': 36, '用例标题': '家长学生互动鼓励信息_POST_正常流程', '请求方法': 'POST', '请求地址': 'https://minicourse.test.venhalo.com/api/v1/interaction/encouragement/student123', '请求头': '{\"Content-Type\": \"application/json\", \"Authorization\": \"Bearer ${token}\"}', '请求参数': '{\"content\": \"继续加油！\"}', '期望结果': '{\"code\": 200, \"msg\": \"操作成功\"}', '数据库断言': None, '提取响应字段': None}"],"tags":[]},{"name":"test_register[case33]","uid":"39f3e292abb18a04","parentUid":"d482d9a80e70d305a9942c900ddb234d","status":"passed","time":{"start":1758508012360,"stop":1758508012386,"duration":26},"flaky":false,"newFailed":false,"newPassed":false,"newBroken":false,"retriesCount":0,"retriesStatusChange":false,"parameters":["{'用例编号': 37, '用例标题': '获取订单列表（分页）_正常流程', '请求方法': 'POST', '请求地址': 'https://minicourse.test.venhalo.com/api/v1/order/list', '请求头': '{\"Content-Type\": \"application/json\", \"Authorization\": \"Bearer ${token}\"}', '请求参数': '{\"page\": 1, \"pageSize\": 10}', '期望结果': '{\"orders\": [], \"total\": 0, \"page\": 1, \"pageSize\": 10}', '数据库断言': None, '提取响应字段': None}"],"tags":[]},{"name":"test_register[case34]","uid":"2cb224b126ac363b","parentUid":"d482d9a80e70d305a9942c900ddb234d","status":"passed","time":{"start":1758508012386,"stop":1758508012411,"duration":25},"flaky":false,"newFailed":false,"newPassed":false,"newBroken":false,"retriesCount":0,"retriesStatusChange":false,"parameters":["{'用例编号': 38, '用例标题': '获取订单列表（分页）_分页参数错误', '请求方法': 'POST', '请求地址': 'https://minicourse.test.venhalo.com/api/v1/order/list', '请求头': '{\"Content-Type\": \"application/json\", \"Authorization\": \"Bearer ${token}\"}', '请求参数': '{\"page\": -1, \"pageSize\": 10}', '期望结果': '{\"code\": 400, \"msg\": \"分页参数错误\"}', '数据库断言': None, '提取响应字段': None}"],"tags":[]},{"name":"test_register[case35]","uid":"c3e0caa81dc8158c","parentUid":"d482d9a80e70d305a9942c900ddb234d","status":"passed","time":{"start":1758508012411,"stop":1758508013466,"duration":1055},"flaky":false,"newFailed":false,"newPassed":false,"newBroken":false,"retriesCount":0,"retriesStatusChange":false,"parameters":["{'用例编号': 39, '用例标题': '获取订单详情_正常流程', '请求方法': 'GET', '请求地址': 'https://minicourse.test.venhalo.com/api/v1/order/order123', '请求头': '{\"Content-Type\": \"application/json\", \"Authorization\": \"Bearer ${token}\"}', '请求参数': None, '期望结果': '{\"orderId\": \"order123\", \"amount\": 99.99, \"status\": \"paid\"}', '数据库断言': None, '提取响应字段': None}"],"tags":[]},{"name":"test_register[case36]","uid":"bad7c49a61eee974","parentUid":"d482d9a80e70d305a9942c900ddb234d","status":"passed","time":{"start":1758508013471,"stop":1758508013511,"duration":40},"flaky":false,"newFailed":false,"newPassed":false,"newBroken":false,"retriesCount":0,"retriesStatusChange":false,"parameters":["{'用例编号': 40, '用例标题': '获取订单详情_无效ID', '请求方法': 'GET', '请求地址': 'https://minicourse.test.venhalo.com/api/v1/order/invalid_id', '请求头': '{\"Content-Type\": \"application/json\", \"Authorization\": \"Bearer ${token}\"}', '请求参数': None, '期望结果': '{\"code\": 404, \"msg\": \"订单不存在\"}', '数据库断言': None, '提取响应字段': None}"],"tags":[]},{"name":"test_register[case37]","uid":"192f831c899a3a5","parentUid":"d482d9a80e70d305a9942c900ddb234d","status":"passed","time":{"start":1758508013516,"stop":1758508014206,"duration":690},"flaky":false,"newFailed":false,"newPassed":false,"newBroken":false,"retriesCount":0,"retriesStatusChange":false,"parameters":["{'用例编号': 41, '用例标题': '微信支付创建订单（预支付）_正常流程', '请求方法': 'POST', '请求地址': 'https://minicourse.test.venhalo.com/api/v1/payment/wx/creation', '请求头': '{\"Content-Type\": \"application/json\", \"Authorization\": \"Bearer ${token}\"}', '请求参数': '{\"minicourseId\": \"course123\", \"amount\": 99.99, \"subject\": \"课程购买\"}', '期望结果': '{\"orderId\": \"order123\", \"prepayId\": \"prepay123\"}', '数据库断言': None, '提取响应字段': None}"],"tags":[]},{"name":"test_register[case38]","uid":"7355c6bca8aa0c71","parentUid":"d482d9a80e70d305a9942c900ddb234d","status":"passed","time":{"start":1758508014206,"stop":1758508014483,"duration":277},"flaky":false,"newFailed":false,"newPassed":false,"newBroken":false,"retriesCount":0,"retriesStatusChange":false,"parameters":["{'用例编号': 42, '用例标题': '微信支付创建订单（预支付）_金额为0', '请求方法': 'POST', '请求地址': 'https://minicourse.test.venhalo.com/api/v1/payment/wx/creation', '请求头': '{\"Content-Type\": \"application/json\", \"Authorization\": \"Bearer ${token}\"}', '请求参数': '{\"minicourseId\": \"course123\", \"amount\": 0, \"subject\": \"课程购买\"}', '期望结果': '{\"code\": 400, \"msg\": \"支付金额不能为0\"}', '数据库断言': None, '提取响应字段': None}"],"tags":[]},{"name":"test_register[case39]","uid":"7c7d3c0e95495bbf","parentUid":"d482d9a80e70d305a9942c900ddb234d","status":"broken","time":{"start":1758508014483,"stop":1758508014488,"duration":5},"flaky":false,"newFailed":false,"newPassed":false,"newBroken":false,"retriesCount":0,"retriesStatusChange":false,"parameters":["{'用例编号': 43, '用例标题': '微信支付回调_正常流程', '请求方法': 'POST', '请求地址': 'https://minicourse.test.venhalo.com/api/v1/payment/wx/pay/callback', '请求头': '{\"Content-Type\": \"application/xml\"}', '请求参数': 'xml_data', '期望结果': '<xml><return_code><![CDATA[SUCCESS]]></return_code><return_msg><![CDATA[OK]]></return_msg></xml>', '数据库断言': None, '提取响应字段': None}"],"tags":[]},{"name":"test_register[case40]","uid":"e819d4f2586c39e2","parentUid":"d482d9a80e70d305a9942c900ddb234d","status":"passed","time":{"start":1758508014498,"stop":1758508014538,"duration":40},"flaky":false,"newFailed":false,"newPassed":false,"newBroken":false,"retriesCount":0,"retriesStatusChange":false,"parameters":["{'用例编号': 44, '用例标题': '获取微信JSAPI支付所需签名参数_正常流程', '请求方法': 'GET', '请求地址': 'https://minicourse.test.venhalo.com/api/v1/payment/wx/paysign/order123', '请求头': '{\"Content-Type\": \"application/json\", \"Authorization\": \"Bearer ${token}\"}', '请求参数': None, '期望结果': '{\"appId\": \"wx_appid\", \"timeStamp\": \"timestamp\", \"nonceStr\": \"noncestr\", \"package\": \"prepay_id=prepay123\", \"signType\": \"MD5\", \"paySign\": \"signature\"}', '数据库断言': None, '提取响应字段': None}"],"tags":[]},{"name":"test_register[case41]","uid":"81f0198856556ea5","parentUid":"d482d9a80e70d305a9942c900ddb234d","status":"passed","time":{"start":1758508014543,"stop":1758508014643,"duration":100},"flaky":false,"newFailed":false,"newPassed":false,"newBroken":false,"retriesCount":0,"retriesStatusChange":false,"parameters":["{'用例编号': 45, '用例标题': '微信查询订单信息_正常流程', '请求方法': 'GET', '请求地址': 'https://minicourse.test.venhalo.com/api/v1/payment/wx/trade123', '请求头': '{\"Content-Type\": \"application/json\", \"Authorization\": \"Bearer ${token}\"}', '请求参数': None, '期望结果': '{\"tradeNo\": \"trade123\", \"status\": \"paid\", \"amount\": 99.99}', '数据库断言': None, '提取响应字段': None}"],"tags":[]},{"name":"test_register[case42]","uid":"d30d758a69ab0a18","parentUid":"d482d9a80e70d305a9942c900ddb234d","status":"passed","time":{"start":1758508014648,"stop":1758508015081,"duration":433},"flaky":false,"newFailed":false,"newPassed":false,"newBroken":false,"retriesCount":0,"retriesStatusChange":false,"parameters":["{'用例编号': 46, '用例标题': '关闭微信支付订单_正常流程', '请求方法': 'DELETE', '请求地址': 'https://minicourse.test.venhalo.com/api/v1/payment/wx/order123', '请求头': '{\"Content-Type\": \"application/json\", \"Authorization\": \"Bearer ${token}\"}', '请求参数': None, '期望结果': '{\"code\": 200, \"msg\": \"操作成功\"}', '数据库断言': None, '提取响应字段': None}"],"tags":[]},{"name":"test_register[case43]","uid":"7d573e8f96479231","parentUid":"d482d9a80e70d305a9942c900ddb234d","status":"passed","time":{"start":1758508015081,"stop":1758508015263,"duration":182},"flaky":false,"newFailed":false,"newPassed":false,"newBroken":false,"retriesCount":0,"retriesStatusChange":false,"parameters":["{'用例编号': 47, '用例标题': '申请微信退款_正常流程', '请求方法': 'POST', '请求地址': 'https://minicourse.test.venhalo.com/api/v1/payment/wx/refund', '请求头': '{\"Content-Type\": \"application/json\", \"Authorization\": \"Bearer ${token}\"}', '请求参数': '{\"orderId\": \"order123\", \"refundAmount\": 99.99, \"refundReason\": \"课程退款\"}', '期望结果': '{\"refundId\": \"refund123\", \"refundStatus\": \"PROCESSING\"}', '数据库断言': None, '提取响应字段': None}"],"tags":[]},{"name":"test_register[case44]","uid":"aba7fe6a0f01a441","parentUid":"d482d9a80e70d305a9942c900ddb234d","status":"passed","time":{"start":1758508015268,"stop":1758508015428,"duration":160},"flaky":false,"newFailed":false,"newPassed":false,"newBroken":false,"retriesCount":0,"retriesStatusChange":false,"parameters":["{'用例编号': 48, '用例标题': '申请微信退款_退款金额大于支付金额', '请求方法': 'POST', '请求地址': 'https://minicourse.test.venhalo.com/api/v1/payment/wx/refund', '请求头': '{\"Content-Type\": \"application/json\", \"Authorization\": \"Bearer ${token}\"}', '请求参数': '{\"orderId\": \"order123\", \"refundAmount\": 200, \"refundReason\": \"课程退款\"}', '期望结果': '{\"code\": 400, \"msg\": \"退款金额不能大于支付金额\"}', '数据库断言': None, '提取响应字段': None}"],"tags":[]},{"name":"test_register[case45]","uid":"f8942132b3cafd39","parentUid":"d482d9a80e70d305a9942c900ddb234d","status":"broken","time":{"start":1758508015433,"stop":1758508015433,"duration":0},"flaky":false,"newFailed":false,"newPassed":false,"newBroken":false,"retriesCount":0,"retriesStatusChange":false,"parameters":["{'用例编号': 49, '用例标题': '微信退款回调_正常流程', '请求方法': 'POST', '请求地址': 'https://minicourse.test.venhalo.com/api/v1/payment/wx/refund/callback', '请求头': '{\"Content-Type\": \"application/xml\"}', '请求参数': 'xml_data', '期望结果': '<xml><return_code><![CDATA[SUCCESS]]></return_code><return_msg><![CDATA[OK]]></return_msg></xml>', '数据库断言': None, '提取响应字段': None}"],"tags":[]},{"name":"test_register[case46]","uid":"d8e5182903f4d4eb","parentUid":"d482d9a80e70d305a9942c900ddb234d","status":"passed","time":{"start":1758508015438,"stop":1758508015498,"duration":60},"flaky":false,"newFailed":false,"newPassed":false,"newBroken":false,"retriesCount":0,"retriesStatusChange":false,"parameters":["{'用例编号': 50, '用例标题': '获取当前用户信息（家长）_正常流程', '请求方法': 'GET', '请求地址': 'https://minicourse.test.venhalo.com/api/v1/user/par', '请求头': '{\"Content-Type\": \"application/json\", \"Authorization\": \"Bearer ${token}\"}', '请求参数': None, '期望结果': '{\"userId\": \"user123\", \"phone\": \"13800138000\", \"nickName\": \"家长昵称\", \"avatarUrl\": \"avatar_url\"}', '数据库断言': None, '提取响应字段': None}"],"tags":[]},{"name":"test_register[case47]","uid":"104607e1bfad374c","parentUid":"d482d9a80e70d305a9942c900ddb234d","status":"passed","time":{"start":1758508015498,"stop":1758508015532,"duration":34},"flaky":false,"newFailed":false,"newPassed":false,"newBroken":false,"retriesCount":0,"retriesStatusChange":false,"parameters":["{'用例编号': 51, '用例标题': '获取当前用户信息（家长）_无权限', '请求方法': 'GET', '请求地址': 'https://minicourse.test.venhalo.com/api/v1/user/par', '请求头': '{\"Content-Type\": \"application/json\"}', '请求参数': None, '期望结果': '{\"code\": 401, \"msg\": \"未授权\"}', '数据库断言': None, '提取响应字段': None}"],"tags":[]},{"name":"test_register[case48]","uid":"c4e4403da62ebb07","parentUid":"d482d9a80e70d305a9942c900ddb234d","status":"passed","time":{"start":1758508015532,"stop":1758508015562,"duration":30},"flaky":false,"newFailed":false,"newPassed":false,"newBroken":false,"retriesCount":0,"retriesStatusChange":false,"parameters":["{'用例编号': 52, '用例标题': '学生信息管理_GET_正常流程', '请求方法': 'GET', '请求地址': 'https://minicourse.test.venhalo.com/api/v1/user/stu', '请求头': '{\"Content-Type\": \"application/json\", \"Authorization\": \"Bearer ${token}\"}', '请求参数': None, '期望结果': '{\"studentId\": \"student123\", \"name\": \"学生姓名\", \"age\": 8, \"gender\": \"male\"}', '数据库断言': None, '提取响应字段': None}"],"tags":[]},{"name":"test_register[case49]","uid":"4ab5a72f3dff1df4","parentUid":"d482d9a80e70d305a9942c900ddb234d","status":"passed","time":{"start":1758508015562,"stop":1758508015590,"duration":28},"flaky":false,"newFailed":false,"newPassed":false,"newBroken":false,"retriesCount":0,"retriesStatusChange":false,"parameters":["{'用例编号': 53, '用例标题': '学生信息管理_PUT_正常流程', '请求方法': 'PUT', '请求地址': 'https://minicourse.test.venhalo.com/api/v1/user/stu', '请求头': '{\"Content-Type\": \"application/json\", \"Authorization\": \"Bearer ${token}\"}', '请求参数': '{\"studentId\": \"student123\", \"name\": \"新学生姓名\", \"age\": 9, \"gender\": \"male\"}', '期望结果': '{\"code\": 200, \"msg\": \"操作成功\"}', '数据库断言': None, '提取响应字段': None}"],"tags":[]},{"name":"test_register[case50]","uid":"6be9edc02beaae10","parentUid":"d482d9a80e70d305a9942c900ddb234d","status":"passed","time":{"start":1758508015590,"stop":1758508015615,"duration":25},"flaky":false,"newFailed":false,"newPassed":false,"newBroken":false,"retriesCount":0,"retriesStatusChange":false,"parameters":["{'用例编号': 54, '用例标题': '添加家庭成员（家长）_正常流程', '请求方法': 'POST', '请求地址': 'https://minicourse.test.venhalo.com/api/v1/family/bind/par', '请求头': '{\"Content-Type\": \"application/json\", \"Authorization\": \"Bearer ${token}\"}', '请求参数': '{\"phone\": \"13900139000\", \"relation\": \"father\"}', '期望结果': '{\"code\": 200, \"msg\": \"操作成功\"}', '数据库断言': None, '提取响应字段': None}"],"tags":[]},{"name":"test_register[case51]","uid":"820eb8f7938d2425","parentUid":"d482d9a80e70d305a9942c900ddb234d","status":"passed","time":{"start":1758508015620,"stop":1758508015646,"duration":26},"flaky":false,"newFailed":false,"newPassed":false,"newBroken":false,"retriesCount":0,"retriesStatusChange":false,"parameters":["{'用例编号': 55, '用例标题': '添加家庭成员（家长）_无效手机号', '请求方法': 'POST', '请求地址': 'https://minicourse.test.venhalo.com/api/v1/family/bind/par', '请求头': '{\"Content-Type\": \"application/json\", \"Authorization\": \"Bearer ${token}\"}', '请求参数': '{\"phone\": \"1234567890\", \"relation\": \"father\"}', '期望结果': '{\"code\": 400, \"msg\": \"手机号格式不正确\"}', '数据库断言': None, '提取响应字段': None}"],"tags":[]},{"name":"test_register[case52]","uid":"f6a7836c00481f7f","parentUid":"d482d9a80e70d305a9942c900ddb234d","status":"passed","time":{"start":1758508015646,"stop":1758508015679,"duration":33},"flaky":false,"newFailed":false,"newPassed":false,"newBroken":false,"retriesCount":0,"retriesStatusChange":false,"parameters":["{'用例编号': 56, '用例标题': '绑定学生_正常流程', '请求方法': 'POST', '请求地址': 'https://minicourse.test.venhalo.com/api/v1/family/bind/stu', '请求头': '{\"Content-Type\": \"application/json\", \"Authorization\": \"Bearer ${token}\"}', '请求参数': '{\"studentName\": \"学生姓名\", \"age\": 8, \"gender\": \"male\"}', '期望结果': '{\"code\": 200, \"msg\": \"操作成功\", \"studentId\": \"student123\"}', '数据库断言': None, '提取响应字段': None}"],"tags":[]},{"name":"test_register[case53]","uid":"fb30438474754cc9","parentUid":"d482d9a80e70d305a9942c900ddb234d","status":"passed","time":{"start":1758508015679,"stop":1758508015705,"duration":26},"flaky":false,"newFailed":false,"newPassed":false,"newBroken":false,"retriesCount":0,"retriesStatusChange":false,"parameters":["{'用例编号': 57, '用例标题': '绑定学生_缺少必填信息', '请求方法': 'POST', '请求地址': 'https://minicourse.test.venhalo.com/api/v1/family/bind/stu', '请求头': '{\"Content-Type\": \"application/json\", \"Authorization\": \"Bearer ${token}\"}', '请求参数': '{\"studentName\": \"学生姓名\"}', '期望结果': '{\"code\": 400, \"msg\": \"缺少必要信息\"}', '数据库断言': None, '提取响应字段': None}"],"tags":[]},{"name":"test_register[case54]","uid":"ca7c67e8b8fa517f","parentUid":"d482d9a80e70d305a9942c900ddb234d","status":"passed","time":{"start":1758508015705,"stop":1758508015733,"duration":28},"flaky":false,"newFailed":false,"newPassed":false,"newBroken":false,"retriesCount":0,"retriesStatusChange":false,"parameters":["{'用例编号': 58, '用例标题': '解绑家庭成员_正常流程', '请求方法': 'DELETE', '请求地址': 'https://minicourse.test.venhalo.com/api/v1/family/par/parent123', '请求头': '{\"Content-Type\": \"application/json\", \"Authorization\": \"Bearer ${token}\"}', '请求参数': None, '期望结果': '{\"code\": 200, \"msg\": \"操作成功\"}', '数据库断言': None, '提取响应字段': None}"],"tags":[]},{"name":"test_register[case55]","uid":"2dceff139d4febbd","parentUid":"d482d9a80e70d305a9942c900ddb234d","status":"passed","time":{"start":1758508015733,"stop":1758508015762,"duration":29},"flaky":false,"newFailed":false,"newPassed":false,"newBroken":false,"retriesCount":0,"retriesStatusChange":false,"parameters":["{'用例编号': 59, '用例标题': '解绑家庭成员_自己', '请求方法': 'DELETE', '请求地址': 'https://minicourse.test.venhalo.com/api/v1/family/par/current_user_id', '请求头': '{\"Content-Type\": \"application/json\", \"Authorization\": \"Bearer ${token}\"}', '请求参数': None, '期望结果': '{\"code\": 400, \"msg\": \"不能解绑自己\"}', '数据库断言': None, '提取响应字段': None}"],"tags":[]},{"name":"test_register[case56]","uid":"1e1363be51ce3057","parentUid":"d482d9a80e70d305a9942c900ddb234d","status":"passed","time":{"start":1758508015762,"stop":1758508015800,"duration":38},"flaky":false,"newFailed":false,"newPassed":false,"newBroken":false,"retriesCount":0,"retriesStatusChange":false,"parameters":["{'用例编号': 60, '用例标题': '解绑学生_正常流程', '请求方法': 'DELETE', '请求地址': 'https://minicourse.test.venhalo.com/api/v1/family/stu/student123', '请求头': '{\"Content-Type\": \"application/json\", \"Authorization\": \"Bearer ${token}\"}', '请求参数': None, '期望结果': '{\"code\": 200, \"msg\": \"操作成功\"}', '数据库断言': None, '提取响应字段': None}"],"tags":[]},{"name":"test_register[case57]","uid":"93684f6b67665108","parentUid":"d482d9a80e70d305a9942c900ddb234d","status":"passed","time":{"start":1758508015800,"stop":1758508015840,"duration":40},"flaky":false,"newFailed":false,"newPassed":false,"newBroken":false,"retriesCount":0,"retriesStatusChange":false,"parameters":["{'用例编号': 61, '用例标题': '解绑学生_不存在', '请求方法': 'DELETE', '请求地址': 'https://minicourse.test.venhalo.com/api/v1/family/stu/invalid_id', '请求头': '{\"Content-Type\": \"application/json\", \"Authorization\": \"Bearer ${token}\"}', '请求参数': None, '期望结果': '{\"code\": 404, \"msg\": \"学生不存在\"}', '数据库断言': None, '提取响应字段': None}"],"tags":[]}],"uid":"d482d9a80e70d305a9942c900ddb234d"}],"uid":"852c3d9ff0391591b6c29731c47a0876"},{"name":"testcases.student","children":[{"name":"test_1_register","children":[{"name":"test_register[case0]","uid":"dd4e4c7c0c13946d","parentUid":"0f172fc220483687db8d2d26d7a70bad","status":"passed","time":{"start":1758508015840,"stop":1758508015870,"duration":30},"flaky":false,"newFailed":false,"newPassed":false,"newBroken":false,"retriesCount":0,"retriesStatusChange":false,"parameters":["{'用例编号': 1, '用例标题': '获取注册短信验证码', '请求地址': 'https://minicourse.test.venhalo.com/api/v1/auth/verification/code', '请求方法': 'POST', '请求头': '{\"Content-Type\":\"application/json;charset=utf-8\"}', '请求参数': '{\"phone\":\"${mobile_phone}\",\"role\": \"parent\"}', '期望结果': None, '数据库断言': None, '提取响应字段': '{\"code\" :\"$.data.code\"}'}"],"tags":[]},{"name":"test_register[case1]","uid":"162eaa7c35b56693","parentUid":"0f172fc220483687db8d2d26d7a70bad","status":"passed","time":{"start":1758508015870,"stop":1758508015955,"duration":85},"flaky":false,"newFailed":false,"newPassed":false,"newBroken":false,"retriesCount":0,"retriesStatusChange":false,"parameters":["{'用例编号': 2, '用例标题': '校验注册短信验证码并登录', '请求地址': 'https://minicourse.test.venhalo.com//api/v1/auth/verification/verify', '请求方法': 'POST', '请求头': '{\"Content-Type\":\"application/json;charset=utf-8\"}', '请求参数': '{\"phone\":\"${mobile_phone}\",\"role\":\"parent\",\"code\": \"${code}\"}', '期望结果': '{\"$.message\":\"成功\"}', '数据库断言': '{\"select phone from user where phone = \\'${mobile_phone}\\';\":\"${mobile_phone}\"}', '提取响应字段': '{\"token\" :\"$.data.token\"}'}"],"tags":[]},{"name":"test_register[case2]","uid":"27262ee5ce13d0c1","parentUid":"0f172fc220483687db8d2d26d7a70bad","status":"passed","time":{"start":1758508015960,"stop":1758508016263,"duration":303},"flaky":false,"newFailed":false,"newPassed":false,"newBroken":false,"retriesCount":0,"retriesStatusChange":false,"parameters":["{'用例编号': 3, '用例标题': '绑定学生', '请求地址': 'https://minicourse.test.venhalo.com/api/v1/family/bind/stu', '请求方法': 'POST', '请求头': '{\"Authorization\":\"Bearer ${token}\",\"Content-Type\":\"application/json;charset=utf-8\"}', '请求参数': '{\\n    \"phoneNumber\": \"19208031004\",\\n    \"name\": \"测试绑定\",\\n    \"grade\": \"2\",\\n    \"gender\": \"男\"\\n}', '期望结果': '{\"$.message\":\"绑定成功\"}', '数据库断言': None, '提取响应字段': None}"],"tags":[]},{"name":"test_register[case3]","uid":"34d08568c5f61167","parentUid":"0f172fc220483687db8d2d26d7a70bad","status":"passed","time":{"start":1758508016263,"stop":1758508016361,"duration":98},"flaky":false,"newFailed":false,"newPassed":false,"newBroken":false,"retriesCount":0,"retriesStatusChange":false,"parameters":["{'用例编号': 4, '用例标题': '获取当前用户信息（家长）', '请求地址': 'https://minicourse.test.venhalo.com/api/v1/user/par', '请求方法': 'GET', '请求头': '{\"Authorization\":\"Bearer ${token}\",\"Content-Type\":\"application/json;charset=utf-8\"}', '请求参数': None, '期望结果': '{\"$.data.children[0].name\":\"测试绑定\"}', '数据库断言': None, '提取响应字段': '{\"studentId\":\"$.data.children[0].studentId\"}'}"],"tags":[]},{"name":"test_register[case4]","uid":"7d3211004b2a31fb","parentUid":"0f172fc220483687db8d2d26d7a70bad","status":"passed","time":{"start":1758508016361,"stop":1758508016446,"duration":85},"flaky":false,"newFailed":false,"newPassed":false,"newBroken":false,"retriesCount":0,"retriesStatusChange":false,"parameters":["{'用例编号': 5, '用例标题': '更新学生信息', '请求地址': 'https://minicourse.test.venhalo.com/api/v1/user/stu', '请求方法': 'PUT', '请求头': '{\"Authorization\":\"Bearer ${token}\",\"Content-Type\":\"application/json;charset=utf-8\"}', '请求参数': '{\\n    \"userId\": \"${studentId}\",\\n    \"name\": \"更新test学生\",\\n    \"grade\": \"2\",\\n    \"gender\": \"0\"\\n}', '期望结果': '{\"$.message\":\"更新成功\"}', '数据库断言': '{\"select name from student_info where student_user_id = \\'${studentId}\\';\":\"更新test学生\"}', '提取响应字段': None}"],"tags":[]},{"name":"test_register[case5]","uid":"b4ad2d66f7bd1563","parentUid":"0f172fc220483687db8d2d26d7a70bad","status":"passed","time":{"start":1758508016451,"stop":1758508016527,"duration":76},"flaky":false,"newFailed":false,"newPassed":false,"newBroken":false,"retriesCount":0,"retriesStatusChange":false,"parameters":["{'用例编号': 6, '用例标题': '获取当前用户信息（家长）', '请求地址': 'https://minicourse.test.venhalo.com/api/v1/user/par', '请求方法': 'GET', '请求头': '{\"Authorization\":\"Bearer ${token}\",\"Content-Type\":\"application/json;charset=utf-8\"}', '请求参数': None, '期望结果': '{\"$.data.children[0].name\":\"更新test学生\"}', '数据库断言': None, '提取响应字段': None}"],"tags":[]},{"name":"test_register[case6]","uid":"3421a5a09a20ed75","parentUid":"0f172fc220483687db8d2d26d7a70bad","status":"passed","time":{"start":1758508016527,"stop":1758508016593,"duration":66},"flaky":false,"newFailed":false,"newPassed":false,"newBroken":false,"retriesCount":0,"retriesStatusChange":false,"parameters":["{'用例编号': 7, '用例标题': '解绑学生（成功）', '请求地址': 'https://minicourse.test.venhalo.com/api/v1/family/stu/${studentId}', '请求方法': 'DELETE', '请求头': '{\"Authorization\":\"Bearer ${token}\",\"Content-Type\":\"application/json;charset=utf-8\"}', '请求参数': None, '期望结果': '{\"$.message\":\"解绑成功\"}', '数据库断言': None, '提取响应字段': None}"],"tags":[]},{"name":"test_register[case7]","uid":"ef855c44c296594e","parentUid":"0f172fc220483687db8d2d26d7a70bad","status":"passed","time":{"start":1758508016593,"stop":1758508016653,"duration":60},"flaky":false,"newFailed":false,"newPassed":false,"newBroken":false,"retriesCount":0,"retriesStatusChange":false,"parameters":["{'用例编号': 8, '用例标题': '获取当前用户信息（家长）', '请求地址': 'https://minicourse.test.venhalo.com/api/v1/user/par', '请求方法': 'GET', '请求头': '{\"Authorization\":\"Bearer ${token}\",\"Content-Type\":\"application/json;charset=utf-8\"}', '请求参数': None, '期望结果': '{\"$.data.children[0].name\":{\"$ne\":\"更新test学生\"}}', '数据库断言': None, '提取响应字段': None}"],"tags":[]}],"uid":"0f172fc220483687db8d2d26d7a70bad"},{"name":"test_2_login_ddt","children":[{"name":"test_login_ddt[case0]","uid":"adb276e6e6d9a1e1","parentUid":"f12860eb0634857663969bbce5964d62","status":"passed","time":{"start":1758508016658,"stop":1758508016960,"duration":302},"flaky":false,"newFailed":false,"newPassed":false,"newBroken":false,"retriesCount":0,"retriesStatusChange":false,"parameters":["{'用例编号': 1, '用例标题': '登录成功', '请求方法': 'POST', '请求地址': 'http://shop.lemonban.com:8107/login', '请求参数': '{\"principal\": \"lemon_auto\", \"credentials\": \"lemon123456\", \"appType\": 3, \"loginType\": 0}', '请求头': '{\"Content-Type\":\"application/json\"}', '期望结果': '{\"status_code\":200,\"$.nickName\":\"lemon_auto\"}'}"],"tags":[]},{"name":"test_login_ddt[case1]","uid":"4f5c408d0b56efc5","parentUid":"f12860eb0634857663969bbce5964d62","status":"passed","time":{"start":1758508016965,"stop":1758508017085,"duration":120},"flaky":false,"newFailed":false,"newPassed":false,"newBroken":false,"retriesCount":0,"retriesStatusChange":false,"parameters":["{'用例编号': 2, '用例标题': '登录异常-用户名不正确', '请求方法': 'POST', '请求地址': 'http://shop.lemonban.com:8107/login', '请求参数': '{\"principal\": \"lemon_autox\", \"credentials\": \"lemon123456\", \"appType\": 3, \"loginType\": 0}', '请求头': '{\"Content-Type\":\"application/json\"}', '期望结果': '{\"status_code\":400,\"text\":\"账号或密码不正确\"}'}"],"tags":[]},{"name":"test_login_ddt[case2]","uid":"e574b5969a59ca39","parentUid":"f12860eb0634857663969bbce5964d62","status":"passed","time":{"start":1758508017090,"stop":1758508017200,"duration":110},"flaky":false,"newFailed":false,"newPassed":false,"newBroken":false,"retriesCount":0,"retriesStatusChange":false,"parameters":["{'用例编号': 3, '用例标题': '登录异常-不传密码参数', '请求方法': 'POST', '请求地址': 'http://shop.lemonban.com:8107/login', '请求参数': '{\"principal\": \"lemon_auto\",  \"appType\": 3, \"loginType\": 0}', '请求头': '{\"Content-Type\":\"application/json\"}', '期望结果': '{\"status_code\":500}'}"],"tags":[]},{"name":"test_login_ddt[case3]","uid":"38a256e2e14c0353","parentUid":"f12860eb0634857663969bbce5964d62","status":"passed","time":{"start":1758508017207,"stop":1758508017292,"duration":85},"flaky":false,"newFailed":false,"newPassed":false,"newBroken":false,"retriesCount":0,"retriesStatusChange":false,"parameters":["{'用例编号': 4, '用例标题': '登录异常-不传用户名参数', '请求方法': 'POST', '请求地址': 'http://shop.lemonban.com:8107/login', '请求参数': '{\"credentials\": \"lemon123456\", \"appType\": 3, \"loginType\": 0}', '请求头': '{\"Content-Type\":\"application/json\"}', '期望结果': '{\"status_code\":400}'}"],"tags":[]}],"uid":"f12860eb0634857663969bbce5964d62"},{"name":"test_3_user_info","children":[{"name":"test_modify_user[case0]","uid":"90b394108525195e","parentUid":"d5dec38385df54e55f576fc5e6aafedc","status":"passed","time":{"start":1758508017297,"stop":1758508017560,"duration":263},"flaky":false,"newFailed":false,"newPassed":false,"newBroken":false,"retriesCount":0,"retriesStatusChange":false,"parameters":["{'用例编号': 1, '用例标题': '登录成功', '请求地址': 'http://shop.lemonban.com:8107/login', '请求方法': 'POST', '请求头': '{\"Content-Type\":\"application/json;charset=utf-8\"}', '请求参数': '{\"principal\": \"lemon_auto\", \"credentials\": \"lemon123456\", \"appType\": 3, \"loginType\": 0}', '期望结果': '{\"status_code\":200}', '提取响应字段': '{\"token\":\"$.access_token\",\"nick_name\":\"$.nickName\"}'}"],"tags":[]},{"name":"test_modify_user[case1]","uid":"15e6d231707f3f11","parentUid":"d5dec38385df54e55f576fc5e6aafedc","status":"passed","time":{"start":1758508017565,"stop":1758508017717,"duration":152},"flaky":false,"newFailed":false,"newPassed":false,"newBroken":false,"retriesCount":0,"retriesStatusChange":false,"parameters":["{'用例编号': 2, '用例标题': '进入到个人中心', '请求地址': 'http://shop.lemonban.com:8107/p/user/centerInfo', '请求方法': 'GET', '请求头': '{\"Authorization\":\"bearer${token}\"}', '请求参数': None, '期望结果': '{\"status_code\":200}', '提取响应字段': None}"],"tags":[]},{"name":"test_modify_user[case2]","uid":"17157bd43e91085f","parentUid":"d5dec38385df54e55f576fc5e6aafedc","status":"passed","time":{"start":1758508017722,"stop":1758508017832,"duration":110},"flaky":false,"newFailed":false,"newPassed":false,"newBroken":false,"retriesCount":0,"retriesStatusChange":false,"parameters":["{'用例编号': 3, '用例标题': '进入到用户账户页面', '请求地址': 'http://shop.lemonban.com:8107/p/user/userInfo', '请求方法': 'GET', '请求头': '{\"Authorization\":\"bearer${token}\"}', '请求参数': None, '期望结果': '{\"status_code\":200}', '提取响应字段': '{\"phone\":\"$.userMobile\"}'}"],"tags":[]},{"name":"test_modify_user[case3]","uid":"477beb1800e4168c","parentUid":"d5dec38385df54e55f576fc5e6aafedc","status":"passed","time":{"start":1758508017832,"stop":1758508018185,"duration":353},"flaky":false,"newFailed":false,"newPassed":false,"newBroken":false,"retriesCount":0,"retriesStatusChange":false,"parameters":["{'用例编号': 4, '用例标题': '上传图片', '请求地址': 'http://shop.lemonban.com:8107/p/file/upload', '请求方法': 'POST', '请求头': '{\"Authorization\":\"bearer${token}\",\"Content-Type\":\"multipart/form-data\"}', '请求参数': \"{'file':('datas/test.png',open('datas/test.png',mode='rb'),'images/png')}\", '期望结果': '{\"status_code\":200}', '提取响应字段': '{\"url\":\"$.resourcesUrl\",\"path\":\"$.filePath\"}'}"],"tags":[]},{"name":"test_modify_user[case4]","uid":"4f9b2b0ea81624f9","parentUid":"d5dec38385df54e55f576fc5e6aafedc","status":"passed","time":{"start":1758508018185,"stop":1758508018305,"duration":120},"flaky":false,"newFailed":false,"newPassed":false,"newBroken":false,"retriesCount":0,"retriesStatusChange":false,"parameters":["{'用例编号': 5, '用例标题': '保存设置', '请求地址': 'http://shop.lemonban.com:8107/p/user/setUserInfo', '请求方法': 'PUT', '请求头': '{\"Authorization\":\"bearer${token}\",\"Content-Type\":\"application/json; charset=UTF-8\"}', '请求参数': '{\"avatarUrl\":\"${url}${path}\",\"nickName\":\"${nick_name}\",\"userMobile\":\"${phone}\",\"auth\":{}}', '期望结果': '{\"status_code\":200}', '提取响应字段': None}"],"tags":[]}],"uid":"d5dec38385df54e55f576fc5e6aafedc"},{"name":"test_4_recharge","children":[{"name":"test_recharge[case0]","uid":"cce602b1ac4801b4","parentUid":"38004747983944a8ec1b40d5622242fe","status":"passed","time":{"start":1758508018310,"stop":1758508018790,"duration":480},"flaky":false,"newFailed":false,"newPassed":false,"newBroken":false,"retriesCount":0,"retriesStatusChange":false,"parameters":["{'用例编号': 1, '用例标题': '登录', '请求地址': 'http://api.lemonban.com:8788/futureloan/member/login', '请求方法': 'POST', '请求头': '{\"X-Lemonban-Media-Type\": \"lemonban.v3\", \"Content-Type\": \"application/json\"}', '请求参数': '{\"mobile_phone\": \"13323231111\", \"pwd\": \"12345678\"}', '期望结果': '{\"status_code\":200}', '数据库断言': None, '提取响应字段': '{\"id\":\"$..id\",\"token\":\"$...token\"}'}"],"tags":[]},{"name":"test_recharge[case1]","uid":"5ed799ab9e5a1c80","parentUid":"38004747983944a8ec1b40d5622242fe","status":"passed","time":{"start":1758508018795,"stop":1758508018974,"duration":179},"flaky":false,"newFailed":false,"newPassed":false,"newBroken":false,"retriesCount":0,"retriesStatusChange":false,"parameters":["{'用例编号': 2, '用例标题': '充值', '请求地址': 'http://api.lemonban.com:8788/futureloan/member/recharge', '请求方法': 'POST', '请求头': '{\"X-Lemonban-Media-Type\": \"lemonban.v3\", \"Content-Type\": \"application/json\",\"Authorization\": \"Bearer ${token}\"}', '请求参数': '{\"member_id\": ${id}, \"amount\": 10000.0, \"timestamp\": ${timestamp}, \"sign\": \"${sign}\"}', '期望结果': '{\"status_code\":200}', '数据库断言': None, '提取响应字段': None}"],"tags":[]}],"uid":"38004747983944a8ec1b40d5622242fe"},{"name":"test_6_order","children":[{"name":"test_order[case0]","uid":"a4c9d6cf3a0f5aaf","parentUid":"454c7d669d1ea794e70f5bf22dfc840c","status":"passed","time":{"start":1758508018979,"stop":1758508019185,"duration":206},"flaky":false,"newFailed":false,"newPassed":false,"newBroken":false,"retriesCount":0,"retriesStatusChange":false,"parameters":["{'用例编号': 1, '用例标题': '登录成功', '请求地址': 'http://shop.lemonban.com:8107/login', '请求方法': 'POST', '请求头': '{\"Content-Type\":\"application/json;charset=utf-8\"}', '请求参数': '{\"principal\": \"lemon_auto\", \"credentials\": \"lemon123456\", \"appType\": 3, \"loginType\": 0}', '期望结果': '{\"status_code\":200}', '提取响应字段': '{\"token\":\"$..access_token\"}', '数据库断言': None}"],"tags":[]},{"name":"test_order[case1]","uid":"e9a77d5979253c4f","parentUid":"454c7d669d1ea794e70f5bf22dfc840c","status":"passed","time":{"start":1758508019190,"stop":1758508019283,"duration":93},"flaky":false,"newFailed":false,"newPassed":false,"newBroken":false,"retriesCount":0,"retriesStatusChange":false,"parameters":["{'用例编号': 2, '用例标题': '搜索商品', '请求地址': 'http://shop.lemonban.com:8107/search/searchProdPage', '请求方法': 'GET', '请求头': None, '请求参数': '{\"prodName\":\"凤凰涅槃紫色蓝尾凤凰胸针\"}', '期望结果': '{\"status_code\":200}', '提取响应字段': '{\"prod_id\":\"$..prodId\"}', '数据库断言': None}"],"tags":[]},{"name":"test_order[case2]","uid":"6bdf3e86d59bae71","parentUid":"454c7d669d1ea794e70f5bf22dfc840c","status":"passed","time":{"start":1758508019283,"stop":1758508019359,"duration":76},"flaky":false,"newFailed":false,"newPassed":false,"newBroken":false,"retriesCount":0,"retriesStatusChange":false,"parameters":["{'用例编号': 3, '用例标题': '进入到商品详情页', '请求地址': 'http://shop.lemonban.com:8107/prod/prodInfo', '请求方法': 'GET', '请求头': None, '请求参数': '{\"prodId\":${prod_id}}', '期望结果': '{\"status_code\":200}', '提取响应字段': '{\"sku_id\":\"$..skuId\"}', '数据库断言': None}"],"tags":[]},{"name":"test_order[case3]","uid":"ab12c86d5ff7cd2b","parentUid":"454c7d669d1ea794e70f5bf22dfc840c","status":"failed","time":{"start":1758508019359,"stop":1758508019468,"duration":109},"flaky":false,"newFailed":false,"newPassed":false,"newBroken":false,"retriesCount":0,"retriesStatusChange":false,"parameters":["{'用例编号': 4, '用例标题': '添加到放购物车', '请求地址': 'http://shop.lemonban.com:8107/p/shopCart/changeItem', '请求方法': 'POST', '请求头': '{\"Authorization\":\"bearer${token}\",\"Content-Type\":\"application/json;charset=utf-8\"}', '请求参数': '{\"basketId\": 0, \"count\": 1, \"prodId\": ${prod_id}, \"shopId\": 1, \"skuId\": ${sku_id}}', '期望结果': '{\"status_code\":200}', '提取响应字段': None, '数据库断言': None}"],"tags":[]},{"name":"test_order[case4]","uid":"c48d6ce5355a9598","parentUid":"454c7d669d1ea794e70f5bf22dfc840c","status":"broken","time":{"start":1758508019478,"stop":1758508019584,"duration":106},"flaky":false,"newFailed":false,"newPassed":false,"newBroken":false,"retriesCount":0,"retriesStatusChange":false,"parameters":["{'用例编号': 5, '用例标题': '查询购物车', '请求地址': 'http://shop.lemonban.com:8107/p/shopCart/info', '请求方法': 'POST', '请求头': '{\"Authorization\":\"bearer${token}\",\"Content-Type\":\"application/json;charset=utf-8\"}', '请求参数': '[]', '期望结果': '{\"status_code\":200}', '提取响应字段': '{\"basket_id\":\"$..basketId\"}', '数据库断言': None}"],"tags":[]},{"name":"test_order[case5]","uid":"9dd82c15eec2dbb2","parentUid":"454c7d669d1ea794e70f5bf22dfc840c","status":"broken","time":{"start":1758508019589,"stop":1758508019594,"duration":5},"flaky":false,"newFailed":false,"newPassed":false,"newBroken":false,"retriesCount":0,"retriesStatusChange":false,"parameters":["{'用例编号': 6, '用例标题': '确认订单', '请求地址': 'http://shop.lemonban.com:8107/p/order/confirm', '请求方法': 'POST', '请求头': '{\"Authorization\":\"bearer${token}\",\"Content-Type\":\"application/json;charset=utf-8\"}', '请求参数': '{\"addrId\":0,\"basketIds\":[${basket_id}],\"couponIds\":[],\"isScorePay\":0,\"userChangeCoupon\":0,\"userUseScore\":0,\"uuid\":\"87140837-672c-410a-89d1-be4d690a401e\"}', '期望结果': '{\"status_code\":200}', '提取响应字段': None, '数据库断言': None}"],"tags":[]},{"name":"test_order[case6]","uid":"d0b0ae23bebdf4d8","parentUid":"454c7d669d1ea794e70f5bf22dfc840c","status":"failed","time":{"start":1758508019609,"stop":1758508019708,"duration":99},"flaky":false,"newFailed":false,"newPassed":false,"newBroken":false,"retriesCount":0,"retriesStatusChange":false,"parameters":["{'用例编号': 7, '用例标题': '提交订单', '请求地址': 'http://shop.lemonban.com:8107/p/order/submit', '请求方法': 'POST', '请求头': '{\"Authorization\":\"bearer${token}\",\"Content-Type\":\"application/json;charset=utf-8\"}', '请求参数': '{\"orderShopParam\":[{\"remarks\":\"\",\"shopId\":1}],\"uuid\":\"87140837-672c-410a-89d1-be4d690a401e\"}', '期望结果': '{\"status_code\":200}', '提取响应字段': '{\"order_number\":\"$.orderNumbers\"}', '数据库断言': '{\"select count(*) from tz_order where order_number =\\'${order_number}\\';\":1}'}"],"tags":[]},{"name":"test_order[case7]","uid":"614e5b6a8b42f0a8","parentUid":"454c7d669d1ea794e70f5bf22dfc840c","status":"failed","time":{"start":1758508019713,"stop":1758508019807,"duration":94},"flaky":false,"newFailed":false,"newPassed":false,"newBroken":false,"retriesCount":0,"retriesStatusChange":false,"parameters":["{'用例编号': 8, '用例标题': '选择支付方式', '请求地址': 'http://shop.lemonban.com:8107/p/order/pay', '请求方法': 'POST', '请求头': '{\"Authorization\":\"bearer${token}\",\"Content-Type\":\"application/json;charset=utf-8\"}', '请求参数': '{\"payType\":3,\"orderNumbers\":\"${order_number}\"}', '期望结果': '{\"status_code\":200}', '提取响应字段': None, '数据库断言': None}"],"tags":[]},{"name":"test_order[case8]","uid":"d357b957ef493e89","parentUid":"454c7d669d1ea794e70f5bf22dfc840c","status":"failed","time":{"start":1758508019817,"stop":1758508019978,"duration":161},"flaky":false,"newFailed":false,"newPassed":false,"newBroken":false,"retriesCount":0,"retriesStatusChange":false,"parameters":["{'用例编号': 9, '用例标题': '模拟回调支付', '请求地址': 'http://mall.lemonban.com:8107/notice/pay/3', '请求方法': 'POST', '请求头': '{\"Authorization\":\"bearer${token}\",\"Content-Type\":\"application/json;charset=utf-8\"}', '请求参数': '{\"payNo\":\"${order_number}\",\"bizPayNo\":\"xxxxx\",\"isPaySuccess\":\"true\"}', '期望结果': '{\"status_code\":200}', '提取响应字段': None, '数据库断言': None}"],"tags":[]},{"name":"test_order[case9]","uid":"4671e7fe8c3077bf","parentUid":"454c7d669d1ea794e70f5bf22dfc840c","status":"failed","time":{"start":1758508019988,"stop":1758508020083,"duration":95},"flaky":false,"newFailed":false,"newPassed":false,"newBroken":false,"retriesCount":0,"retriesStatusChange":false,"parameters":["{'用例编号': 10, '用例标题': '查询订单支付状态', '请求地址': 'http://shop.lemonban.com:8107/p/order/isPay/${order_number}', '请求方法': 'GET', '请求头': '{\"Authorization\":\"bearer${token}\"}', '请求参数': None, '期望结果': '{\"status_code\":200,\"text\":\"true\"}', '提取响应字段': None, '数据库断言': '{\"select status from tz_order where order_number =\\'${order_number}\\';\":2}'}"],"tags":[]}],"uid":"454c7d669d1ea794e70f5bf22dfc840c"}],"uid":"763538ef45e64714c5715460e452d5bd"}]}