{"uid":"ab17fc5a4eb3bca4b216b548c7f9fcbc","name":"timeline","children":[{"name":"DESKTOP-GLFP8VP","children":[{"name":"99452-MainThread","children":[{"name":"test_register[case2]","uid":"bc6d5ebe12bb3b17","parentUid":"5ed00f153e812e7862141da1503f4d0e","status":"passed","time":{"start":1758523043036,"stop":1758523043154,"duration":118},"flaky":false,"newFailed":false,"newPassed":false,"newBroken":false,"retriesCount":0,"retriesStatusChange":false,"parameters":["{'用例编号': 3, '用例标题': '绑定学生', '请求地址': 'https://minicourse.test.venhalo.com/api/v1/family/bind/stu', '请求方法': 'POST', '请求头': '{\"Authorization\":\"Bearer ${token}\",\"Content-Type\":\"application/json;charset=utf-8\"}', '请求参数': '{\\n    \"phoneNumber\": \"19208031004\",\\n    \"name\": \"测试绑定\",\\n    \"grade\": \"2\",\\n    \"gender\": \"男\"\\n}', '期望结果': '{\"$.message\":\"绑定成功\"}', '数据库断言': None, '提取响应字段': None}"],"tags":[]},{"name":"test_order[case1]","uid":"8d99762854b54c56","parentUid":"5ed00f153e812e7862141da1503f4d0e","status":"passed","time":{"start":1758523051523,"stop":1758523051603,"duration":80},"flaky":false,"newFailed":false,"newPassed":false,"newBroken":false,"retriesCount":0,"retriesStatusChange":false,"parameters":["{'用例编号': 2, '用例标题': '搜索商品', '请求地址': 'http://shop.lemonban.com:8107/search/searchProdPage', '请求方法': 'GET', '请求头': None, '请求参数': '{\"prodName\":\"凤凰涅槃紫色蓝尾凤凰胸针\"}', '期望结果': '{\"status_code\":200}', '提取响应字段': '{\"prod_id\":\"$..prodId\"}', '数据库断言': None}"],"tags":[]},{"name":"test_register[case14]","uid":"e89cd4eb436df28e","parentUid":"5ed00f153e812e7862141da1503f4d0e","status":"passed","time":{"start":1758523045019,"stop":1758523045045,"duration":26},"flaky":false,"newFailed":false,"newPassed":false,"newBroken":false,"retriesCount":0,"retriesStatusChange":false,"parameters":["{'用例编号': 15, '用例标题': '获取学情课包列表_无权限', '请求方法': 'GET', '请求地址': 'https://minicourse.test.venhalo.com/api/v1/minicourse/list', '请求头': '{\"Content-Type\": \"application/json\"}', '请求参数': None, '期望结果': '{\"code\": 401, \"msg\": \"未授权\"}', '数据库断言': None, '提取响应字段': None}"],"tags":[]},{"name":"test_register[case40]","uid":"e075f53396d198da","parentUid":"5ed00f153e812e7862141da1503f4d0e","status":"passed","time":{"start":1758523046432,"stop":1758523046474,"duration":42},"flaky":false,"newFailed":false,"newPassed":false,"newBroken":false,"retriesCount":0,"retriesStatusChange":false,"parameters":["{'用例编号': 44, '用例标题': '获取微信JSAPI支付所需签名参数_正常流程', '请求方法': 'GET', '请求地址': 'https://minicourse.test.venhalo.com/api/v1/payment/wx/paysign/order123', '请求头': '{\"Content-Type\": \"application/json\", \"Authorization\": \"Bearer ${token}\"}', '请求参数': None, '期望结果': '{\"appId\": \"wx_appid\", \"timeStamp\": \"timestamp\", \"nonceStr\": \"noncestr\", \"package\": \"prepay_id=prepay123\", \"signType\": \"MD5\", \"paySign\": \"signature\"}', '数据库断言': None, '提取响应字段': None}"],"tags":[]},{"name":"test_register[case36]","uid":"c48fb402ef49040c","parentUid":"5ed00f153e812e7862141da1503f4d0e","status":"passed","time":{"start":1758523045766,"stop":1758523045803,"duration":37},"flaky":false,"newFailed":false,"newPassed":false,"newBroken":false,"retriesCount":0,"retriesStatusChange":false,"parameters":["{'用例编号': 40, '用例标题': '获取订单详情_无效ID', '请求方法': 'GET', '请求地址': 'https://minicourse.test.venhalo.com/api/v1/order/invalid_id', '请求头': '{\"Content-Type\": \"application/json\", \"Authorization\": \"Bearer ${token}\"}', '请求参数': None, '期望结果': '{\"code\": 404, \"msg\": \"订单不存在\"}', '数据库断言': None, '提取响应字段': None}"],"tags":[]},{"name":"test_register[case21]","uid":"da7895af9d0f76c5","parentUid":"5ed00f153e812e7862141da1503f4d0e","status":"passed","time":{"start":1758523045313,"stop":1758523045337,"duration":24},"flaky":false,"newFailed":false,"newPassed":false,"newBroken":false,"retriesCount":0,"retriesStatusChange":false,"parameters":["{'用例编号': 22, '用例标题': '获取商场课包（分页）_正常流程', '请求方法': 'POST', '请求地址': 'https://minicourse.test.venhalo.com/api/v1/minicourse/mall', '请求头': '{\"Content-Type\": \"application/json\", \"Authorization\": \"Bearer ${token}\"}', '请求参数': '{\"page\": 1, \"pageSize\": 10}', '期望结果': '{\"mallCourses\": [], \"total\": 0, \"page\": 1, \"pageSize\": 10}', '数据库断言': None, '提取响应字段': None}"],"tags":[]},{"name":"test_register[case57]","uid":"58cd20e301f553d8","parentUid":"5ed00f153e812e7862141da1503f4d0e","status":"passed","time":{"start":1758523047789,"stop":1758523047827,"duration":38},"flaky":false,"newFailed":false,"newPassed":false,"newBroken":false,"retriesCount":0,"retriesStatusChange":false,"parameters":["{'用例编号': 61, '用例标题': '解绑学生_不存在', '请求方法': 'DELETE', '请求地址': 'https://minicourse.test.venhalo.com/api/v1/family/stu/invalid_id', '请求头': '{\"Content-Type\": \"application/json\", \"Authorization\": \"Bearer ${token}\"}', '请求参数': None, '期望结果': '{\"code\": 404, \"msg\": \"学生不存在\"}', '数据库断言': None, '提取响应字段': None}"],"tags":[]},{"name":"test_register[case6]","uid":"19796a20d98676da","parentUid":"5ed00f153e812e7862141da1503f4d0e","status":"passed","time":{"start":1758523044257,"stop":1758523044521,"duration":264},"flaky":false,"newFailed":false,"newPassed":false,"newBroken":false,"retriesCount":0,"retriesStatusChange":false,"parameters":["{'用例编号': 7, '用例标题': '抖音登录_正常流程', '请求方法': 'POST', '请求地址': 'https://minicourse.test.venhalo.com/api/v1/auth/dy/login', '请求头': '{\"Content-Type\": \"application/json\"}', '请求参数': '{\"code\": \"valid_code\"}', '期望结果': '{\"isBindPhone\": true, \"token\": \"token_string\", \"sessionId\": \"session_id\"}', '数据库断言': None, '提取响应字段': None}"],"tags":[]},{"name":"test_login_ddt[case3]","uid":"8a18dc1beb134f61","parentUid":"5ed00f153e812e7862141da1503f4d0e","status":"passed","time":{"start":1758523048782,"stop":1758523048861,"duration":79},"flaky":false,"newFailed":false,"newPassed":false,"newBroken":false,"retriesCount":0,"retriesStatusChange":false,"parameters":["{'用例编号': 4, '用例标题': '登录异常-不传用户名参数', '请求方法': 'POST', '请求地址': 'http://shop.lemonban.com:8107/login', '请求参数': '{\"credentials\": \"lemon123456\", \"appType\": 3, \"loginType\": 0}', '请求头': '{\"Content-Type\":\"application/json\"}', '期望结果': '{\"status_code\":400}'}"],"tags":[]},{"name":"test_recharge[case1]","uid":"e471654bd210092c","parentUid":"5ed00f153e812e7862141da1503f4d0e","status":"passed","time":{"start":1758523050517,"stop":1758523051335,"duration":818},"flaky":false,"newFailed":false,"newPassed":false,"newBroken":false,"retriesCount":0,"retriesStatusChange":false,"parameters":["{'用例编号': 2, '用例标题': '充值', '请求地址': 'http://api.lemonban.com:8788/futureloan/member/recharge', '请求方法': 'POST', '请求头': '{\"X-Lemonban-Media-Type\": \"lemonban.v3\", \"Content-Type\": \"application/json\",\"Authorization\": \"Bearer ${token}\"}', '请求参数': '{\"member_id\": ${id}, \"amount\": 10000.0, \"timestamp\": ${timestamp}, \"sign\": \"${sign}\"}', '期望结果': '{\"status_code\":200}', '数据库断言': None, '提取响应字段': None}"],"tags":[]},{"name":"test_modify_user[case2]","uid":"2f62a6a744d48275","parentUid":"5ed00f153e812e7862141da1503f4d0e","status":"passed","time":{"start":1758523049143,"stop":1758523049228,"duration":85},"flaky":false,"newFailed":false,"newPassed":false,"newBroken":false,"retriesCount":0,"retriesStatusChange":false,"parameters":["{'用例编号': 3, '用例标题': '进入到用户账户页面', '请求地址': 'http://shop.lemonban.com:8107/p/user/userInfo', '请求方法': 'GET', '请求头': '{\"Authorization\":\"bearer${token}\"}', '请求参数': None, '期望结果': '{\"status_code\":200}', '提取响应字段': '{\"phone\":\"$.userMobile\"}'}"],"tags":[]},{"name":"test_register[case19]","uid":"dc65076aa4a2f5d2","parentUid":"5ed00f153e812e7862141da1503f4d0e","status":"broken","time":{"start":1758523045184,"stop":1758523045184,"duration":0},"flaky":false,"newFailed":false,"newPassed":false,"newBroken":false,"retriesCount":0,"retriesStatusChange":false,"parameters":["{'用例编号': 20, '用例标题': '分页获取我的小课包列表【学生端】_无权限', '请求方法': 'POST', '请求地址': 'https://minicourse.test.venhalo.com/api/v1/minicourse/stu/list', '请求头': '{\"Content-Type\": \"application/json\"}', '请求参数': None, '期望结果': '{\"code\": 401, \"msg\": \"未授权\"}', '数据库断言': None, '提取响应字段': None}"],"tags":[]},{"name":"test_register[case4]","uid":"6647c7b0997b9b59","parentUid":"5ed00f153e812e7862141da1503f4d0e","status":"passed","time":{"start":1758523044197,"stop":1758523044227,"duration":30},"flaky":false,"newFailed":false,"newPassed":false,"newBroken":false,"retriesCount":0,"retriesStatusChange":false,"parameters":["{'用例编号': 5, '用例标题': '微信手机号授权_无效sessionId', '请求方法': 'POST', '请求地址': 'https://minicourse.test.venhalo.com/api/v1/auth/wx/phone', '请求头': '{\"Content-Type\": \"application/json\"}', '请求参数': '{\"encryptedData\": \"encrypted_data\", \"iv\": \"initial_vector\", \"sessionId\": \"invalid_session_id\"}', '期望结果': '{\"code\": 401, \"msg\": \"会话已过期\"}', '数据库断言': None, '提取响应字段': None}"],"tags":[]},{"name":"test_register[case6]","uid":"72f2f339b3334191","parentUid":"5ed00f153e812e7862141da1503f4d0e","status":"passed","time":{"start":1758523043452,"stop":1758523043539,"duration":87},"flaky":false,"newFailed":false,"newPassed":false,"newBroken":false,"retriesCount":0,"retriesStatusChange":false,"parameters":["{'用例编号': 7, '用例标题': '解绑学生（成功）', '请求地址': 'https://minicourse.test.venhalo.com/api/v1/family/stu/${studentId}', '请求方法': 'DELETE', '请求头': '{\"Authorization\":\"Bearer ${token}\",\"Content-Type\":\"application/json;charset=utf-8\"}', '请求参数': None, '期望结果': '{\"$.message\":\"解绑成功\"}', '数据库断言': None, '提取响应字段': None}"],"tags":[]},{"name":"test_register[case5]","uid":"cbe5bbe744ac3323","parentUid":"5ed00f153e812e7862141da1503f4d0e","status":"passed","time":{"start":1758523044227,"stop":1758523044256,"duration":29},"flaky":false,"newFailed":false,"newPassed":false,"newBroken":false,"retriesCount":0,"retriesStatusChange":false,"parameters":["{'用例编号': 6, '用例标题': '微信手机号授权_缺少参数', '请求方法': 'POST', '请求地址': 'https://minicourse.test.venhalo.com/api/v1/auth/wx/phone', '请求头': '{\"Content-Type\": \"application/json\"}', '请求参数': '{\"encryptedData\": \"encrypted_data\"}', '期望结果': '{\"code\": 400, \"msg\": \"缺少必要参数\"}', '数据库断言': None, '提取响应字段': None}"],"tags":[]},{"name":"test_register[case15]","uid":"1010e1ced54d374","parentUid":"5ed00f153e812e7862141da1503f4d0e","status":"passed","time":{"start":1758523045050,"stop":1758523045086,"duration":36},"flaky":false,"newFailed":false,"newPassed":false,"newBroken":false,"retriesCount":0,"retriesStatusChange":false,"parameters":["{'用例编号': 16, '用例标题': '分页获取我的小课包列表【家长端】_正常流程', '请求方法': 'POST', '请求地址': 'https://minicourse.test.venhalo.com/api/v1/minicourse/par/list', '请求头': '{\"Content-Type\": \"application/json\", \"Authorization\": \"Bearer ${token}\"}', '请求参数': '{\"status\": \"0\", \"page\": 1, \"pageSize\": 10}', '期望结果': '{\"minicourseList\": [], \"total\": 0, \"page\": 1, \"pageSize\": 10}', '数据库断言': None, '提取响应字段': None}"],"tags":[]},{"name":"test_register[case0]","uid":"68ad78185ca637b0","parentUid":"5ed00f153e812e7862141da1503f4d0e","status":"passed","time":{"start":1758523047827,"stop":1758523047853,"duration":26},"flaky":false,"newFailed":false,"newPassed":false,"newBroken":false,"retriesCount":0,"retriesStatusChange":false,"parameters":["{'用例编号': 1, '用例标题': '获取注册短信验证码', '请求地址': 'https://minicourse.test.venhalo.com/api/v1/auth/verification/code', '请求方法': 'POST', '请求头': '{\"Content-Type\":\"application/json;charset=utf-8\"}', '请求参数': '{\"phone\":\"${mobile_phone}\",\"role\": \"parent\"}', '期望结果': None, '数据库断言': None, '提取响应字段': '{\"code\" :\"$.data.code\"}'}"],"tags":[]},{"name":"test_register[case49]","uid":"99921dd630dcf376","parentUid":"5ed00f153e812e7862141da1503f4d0e","status":"passed","time":{"start":1758523047546,"stop":1758523047576,"duration":30},"flaky":false,"newFailed":false,"newPassed":false,"newBroken":false,"retriesCount":0,"retriesStatusChange":false,"parameters":["{'用例编号': 53, '用例标题': '学生信息管理_PUT_正常流程', '请求方法': 'PUT', '请求地址': 'https://minicourse.test.venhalo.com/api/v1/user/stu', '请求头': '{\"Content-Type\": \"application/json\", \"Authorization\": \"Bearer ${token}\"}', '请求参数': '{\"studentId\": \"student123\", \"name\": \"新学生姓名\", \"age\": 9, \"gender\": \"male\"}', '期望结果': '{\"code\": 200, \"msg\": \"操作成功\"}', '数据库断言': None, '提取响应字段': None}"],"tags":[]},{"name":"test_order[case9]","uid":"68c633aaa272d5b","parentUid":"5ed00f153e812e7862141da1503f4d0e","status":"failed","time":{"start":1758523052258,"stop":1758523052349,"duration":91},"flaky":false,"newFailed":false,"newPassed":false,"newBroken":false,"retriesCount":0,"retriesStatusChange":false,"parameters":["{'用例编号': 10, '用例标题': '查询订单支付状态', '请求地址': 'http://shop.lemonban.com:8107/p/order/isPay/${order_number}', '请求方法': 'GET', '请求头': '{\"Authorization\":\"bearer${token}\"}', '请求参数': None, '期望结果': '{\"status_code\":200,\"text\":\"true\"}', '提取响应字段': None, '数据库断言': '{\"select status from tz_order where order_number =\\'${order_number}\\';\":2}'}"],"tags":[]},{"name":"test_register[case1]","uid":"5454ec9ec36f2c37","parentUid":"5ed00f153e812e7862141da1503f4d0e","status":"passed","time":{"start":1758523042836,"stop":1758523043029,"duration":193},"flaky":false,"newFailed":false,"newPassed":false,"newBroken":false,"retriesCount":0,"retriesStatusChange":false,"parameters":["{'用例编号': 2, '用例标题': '校验注册短信验证码并登录', '请求地址': 'https://minicourse.test.venhalo.com//api/v1/auth/verification/verify', '请求方法': 'POST', '请求头': '{\"Content-Type\":\"application/json;charset=utf-8\"}', '请求参数': '{\"phone\":\"${mobile_phone}\",\"role\":\"parent\",\"code\": \"${code}\"}', '期望结果': '{\"$.message\":\"成功\"}', '数据库断言': '{\"select phone from user where phone = \\'${mobile_phone}\\';\":\"${mobile_phone}\"}', '提取响应字段': '{\"token\" :\"$.data.token\"}'}"],"tags":[]},{"name":"test_recharge[case0]","uid":"e3675c6b053f5f13","parentUid":"5ed00f153e812e7862141da1503f4d0e","status":"passed","time":{"start":1758523049517,"stop":1758523050517,"duration":1000},"flaky":false,"newFailed":false,"newPassed":false,"newBroken":false,"retriesCount":0,"retriesStatusChange":false,"parameters":["{'用例编号': 1, '用例标题': '登录', '请求地址': 'http://api.lemonban.com:8788/futureloan/member/login', '请求方法': 'POST', '请求头': '{\"X-Lemonban-Media-Type\": \"lemonban.v3\", \"Content-Type\": \"application/json\"}', '请求参数': '{\"mobile_phone\": \"13323231111\", \"pwd\": \"12345678\"}', '期望结果': '{\"status_code\":200}', '数据库断言': None, '提取响应字段': '{\"id\":\"$..id\",\"token\":\"$...token\"}'}"],"tags":[]},{"name":"test_register[case48]","uid":"6d42073cb61b8157","parentUid":"5ed00f153e812e7862141da1503f4d0e","status":"passed","time":{"start":1758523047505,"stop":1758523047546,"duration":41},"flaky":false,"newFailed":false,"newPassed":false,"newBroken":false,"retriesCount":0,"retriesStatusChange":false,"parameters":["{'用例编号': 52, '用例标题': '学生信息管理_GET_正常流程', '请求方法': 'GET', '请求地址': 'https://minicourse.test.venhalo.com/api/v1/user/stu', '请求头': '{\"Content-Type\": \"application/json\", \"Authorization\": \"Bearer ${token}\"}', '请求参数': None, '期望结果': '{\"studentId\": \"student123\", \"name\": \"学生姓名\", \"age\": 8, \"gender\": \"male\"}', '数据库断言': None, '提取响应字段': None}"],"tags":[]},{"name":"test_register[case51]","uid":"f3b5e62cc709d99c","parentUid":"5ed00f153e812e7862141da1503f4d0e","status":"passed","time":{"start":1758523047605,"stop":1758523047634,"duration":29},"flaky":false,"newFailed":false,"newPassed":false,"newBroken":false,"retriesCount":0,"retriesStatusChange":false,"parameters":["{'用例编号': 55, '用例标题': '添加家庭成员（家长）_无效手机号', '请求方法': 'POST', '请求地址': 'https://minicourse.test.venhalo.com/api/v1/family/bind/par', '请求头': '{\"Content-Type\": \"application/json\", \"Authorization\": \"Bearer ${token}\"}', '请求参数': '{\"phone\": \"1234567890\", \"relation\": \"father\"}', '期望结果': '{\"code\": 400, \"msg\": \"手机号格式不正确\"}', '数据库断言': None, '提取响应字段': None}"],"tags":[]},{"name":"test_order[case8]","uid":"d584ab6c897d049b","parentUid":"5ed00f153e812e7862141da1503f4d0e","status":"failed","time":{"start":1758523052108,"stop":1758523052253,"duration":145},"flaky":false,"newFailed":false,"newPassed":false,"newBroken":false,"retriesCount":0,"retriesStatusChange":false,"parameters":["{'用例编号': 9, '用例标题': '模拟回调支付', '请求地址': 'http://mall.lemonban.com:8107/notice/pay/3', '请求方法': 'POST', '请求头': '{\"Authorization\":\"bearer${token}\",\"Content-Type\":\"application/json;charset=utf-8\"}', '请求参数': '{\"payNo\":\"${order_number}\",\"bizPayNo\":\"xxxxx\",\"isPaySuccess\":\"true\"}', '期望结果': '{\"status_code\":200}', '提取响应字段': None, '数据库断言': None}"],"tags":[]},{"name":"test_register[case38]","uid":"5a92e853de5d793b","parentUid":"5ed00f153e812e7862141da1503f4d0e","status":"passed","time":{"start":1758523046167,"stop":1758523046412,"duration":245},"flaky":false,"newFailed":false,"newPassed":false,"newBroken":false,"retriesCount":0,"retriesStatusChange":false,"parameters":["{'用例编号': 42, '用例标题': '微信支付创建订单（预支付）_金额为0', '请求方法': 'POST', '请求地址': 'https://minicourse.test.venhalo.com/api/v1/payment/wx/creation', '请求头': '{\"Content-Type\": \"application/json\", \"Authorization\": \"Bearer ${token}\"}', '请求参数': '{\"minicourseId\": \"course123\", \"amount\": 0, \"subject\": \"课程购买\"}', '期望结果': '{\"code\": 400, \"msg\": \"支付金额不能为0\"}', '数据库断言': None, '提取响应字段': None}"],"tags":[]},{"name":"test_register[case6]","uid":"8d0bbf689662bb7a","parentUid":"5ed00f153e812e7862141da1503f4d0e","status":"passed","time":{"start":1758523048282,"stop":1758523048359,"duration":77},"flaky":false,"newFailed":false,"newPassed":false,"newBroken":false,"retriesCount":0,"retriesStatusChange":false,"parameters":["{'用例编号': 7, '用例标题': '解绑学生（成功）', '请求地址': 'https://minicourse.test.venhalo.com/api/v1/family/stu/${studentId}', '请求方法': 'DELETE', '请求头': '{\"Authorization\":\"Bearer ${token}\",\"Content-Type\":\"application/json;charset=utf-8\"}', '请求参数': None, '期望结果': '{\"$.message\":\"解绑成功\"}', '数据库断言': None, '提取响应字段': None}"],"tags":[]},{"name":"test_register[case45]","uid":"a376e30b73ff5c26","parentUid":"5ed00f153e812e7862141da1503f4d0e","status":"broken","time":{"start":1758523047399,"stop":1758523047399,"duration":0},"flaky":false,"newFailed":false,"newPassed":false,"newBroken":false,"retriesCount":0,"retriesStatusChange":false,"parameters":["{'用例编号': 49, '用例标题': '微信退款回调_正常流程', '请求方法': 'POST', '请求地址': 'https://minicourse.test.venhalo.com/api/v1/payment/wx/refund/callback', '请求头': '{\"Content-Type\": \"application/xml\"}', '请求参数': 'xml_data', '期望结果': '<xml><return_code><![CDATA[SUCCESS]]></return_code><return_msg><![CDATA[OK]]></return_msg></xml>', '数据库断言': None, '提取响应字段': None}"],"tags":[]},{"name":"test_register[case10]","uid":"ca137df03ff579f8","parentUid":"5ed00f153e812e7862141da1503f4d0e","status":"passed","time":{"start":1758523044830,"stop":1758523044862,"duration":32},"flaky":false,"newFailed":false,"newPassed":false,"newBroken":false,"retriesCount":0,"retriesStatusChange":false,"parameters":["{'用例编号': 11, '用例标题': '抖音手机号授权_无效sessionId', '请求方法': 'POST', '请求地址': 'https://minicourse.test.venhalo.com/api/v1/auth/dy/phone', '请求头': '{\"Content-Type\": \"application/json\"}', '请求参数': '{\"encryptedData\": \"encrypted_data\", \"iv\": \"initial_vector\", \"sessionId\": \"invalid_session_id\"}', '期望结果': '{\"code\": 401, \"msg\": \"会话已过期\"}', '数据库断言': None, '提取响应字段': None}"],"tags":[]},{"name":"test_register[case0]","uid":"28f3e4eaf9fb348f","parentUid":"5ed00f153e812e7862141da1503f4d0e","status":"passed","time":{"start":1758523042744,"stop":1758523042832,"duration":88},"flaky":false,"newFailed":false,"newPassed":false,"newBroken":false,"retriesCount":0,"retriesStatusChange":false,"parameters":["{'用例编号': 1, '用例标题': '获取注册短信验证码', '请求地址': 'https://minicourse.test.venhalo.com/api/v1/auth/verification/code', '请求方法': 'POST', '请求头': '{\"Content-Type\":\"application/json;charset=utf-8\"}', '请求参数': '{\"phone\":\"${mobile_phone}\",\"role\": \"parent\"}', '期望结果': None, '数据库断言': None, '提取响应字段': '{\"code\" :\"$.data.code\"}'}"],"tags":[]},{"name":"test_register[case2]","uid":"aa3911dec1f3202e","parentUid":"5ed00f153e812e7862141da1503f4d0e","status":"passed","time":{"start":1758523044138,"stop":1758523044167,"duration":29},"flaky":false,"newFailed":false,"newPassed":false,"newBroken":false,"retriesCount":0,"retriesStatusChange":false,"parameters":["{'用例编号': 3, '用例标题': '微信登录_空code', '请求方法': 'POST', '请求地址': 'https://minicourse.test.venhalo.com/api/v1/auth/wx/login', '请求头': '{\"Content-Type\": \"application/json\"}', '请求参数': '{\"code\": \"\"}', '期望结果': '{\"code\": 400, \"msg\": \"code不能为空\"}', '数据库断言': None, '提取响应字段': None}"],"tags":[]},{"name":"test_register[case34]","uid":"9af2fccdee9b5d92","parentUid":"5ed00f153e812e7862141da1503f4d0e","status":"passed","time":{"start":1758523045694,"stop":1758523045722,"duration":28},"flaky":false,"newFailed":false,"newPassed":false,"newBroken":false,"retriesCount":0,"retriesStatusChange":false,"parameters":["{'用例编号': 38, '用例标题': '获取订单列表（分页）_分页参数错误', '请求方法': 'POST', '请求地址': 'https://minicourse.test.venhalo.com/api/v1/order/list', '请求头': '{\"Content-Type\": \"application/json\", \"Authorization\": \"Bearer ${token}\"}', '请求参数': '{\"page\": -1, \"pageSize\": 10}', '期望结果': '{\"code\": 400, \"msg\": \"分页参数错误\"}', '数据库断言': None, '提取响应字段': None}"],"tags":[]},{"name":"test_register[case52]","uid":"de0c7d7c8c07a1ae","parentUid":"5ed00f153e812e7862141da1503f4d0e","status":"passed","time":{"start":1758523047634,"stop":1758523047660,"duration":26},"flaky":false,"newFailed":false,"newPassed":false,"newBroken":false,"retriesCount":0,"retriesStatusChange":false,"parameters":["{'用例编号': 56, '用例标题': '绑定学生_正常流程', '请求方法': 'POST', '请求地址': 'https://minicourse.test.venhalo.com/api/v1/family/bind/stu', '请求头': '{\"Content-Type\": \"application/json\", \"Authorization\": \"Bearer ${token}\"}', '请求参数': '{\"studentName\": \"学生姓名\", \"age\": 8, \"gender\": \"male\"}', '期望结果': '{\"code\": 200, \"msg\": \"操作成功\", \"studentId\": \"student123\"}', '数据库断言': None, '提取响应字段': None}"],"tags":[]},{"name":"test_register[case3]","uid":"da63dd3c7066ae3","parentUid":"5ed00f153e812e7862141da1503f4d0e","status":"passed","time":{"start":1758523043154,"stop":1758523043237,"duration":83},"flaky":false,"newFailed":false,"newPassed":false,"newBroken":false,"retriesCount":0,"retriesStatusChange":false,"parameters":["{'用例编号': 4, '用例标题': '获取当前用户信息（家长）', '请求地址': 'https://minicourse.test.venhalo.com/api/v1/user/par', '请求方法': 'GET', '请求头': '{\"Authorization\":\"Bearer ${token}\",\"Content-Type\":\"application/json;charset=utf-8\"}', '请求参数': None, '期望结果': '{\"$.data.children[0].name\":\"测试绑定\"}', '数据库断言': None, '提取响应字段': '{\"studentId\":\"$.data.children[0].studentId\"}'}"],"tags":[]},{"name":"test_register[case25]","uid":"ddcb7cf5f9ddd40","parentUid":"5ed00f153e812e7862141da1503f4d0e","status":"passed","time":{"start":1758523045452,"stop":1758523045492,"duration":40},"flaky":false,"newFailed":false,"newPassed":false,"newBroken":false,"retriesCount":0,"retriesStatusChange":false,"parameters":["{'用例编号': 26, '用例标题': '获取学情信息_缺少学生ID', '请求方法': 'POST', '请求地址': 'https://minicourse.test.venhalo.com/api/v1/situation/student', '请求头': '{\"Content-Type\": \"application/json\", \"Authorization\": \"Bearer ${token}\"}', '请求参数': '{}', '期望结果': '{\"code\": 400, \"msg\": \"缺少学生ID\"}', '数据库断言': None, '提取响应字段': None}"],"tags":[]},{"name":"test_modify_user[case4]","uid":"f084e5d76b172e97","parentUid":"5ed00f153e812e7862141da1503f4d0e","status":"passed","time":{"start":1758523049401,"stop":1758523049517,"duration":116},"flaky":false,"newFailed":false,"newPassed":false,"newBroken":false,"retriesCount":0,"retriesStatusChange":false,"parameters":["{'用例编号': 5, '用例标题': '保存设置', '请求地址': 'http://shop.lemonban.com:8107/p/user/setUserInfo', '请求方法': 'PUT', '请求头': '{\"Authorization\":\"bearer${token}\",\"Content-Type\":\"application/json; charset=UTF-8\"}', '请求参数': '{\"avatarUrl\":\"${url}${path}\",\"nickName\":\"${nick_name}\",\"userMobile\":\"${phone}\",\"auth\":{}}', '期望结果': '{\"status_code\":200}', '提取响应字段': None}"],"tags":[]},{"name":"test_register[case42]","uid":"217cbc66576c75cf","parentUid":"5ed00f153e812e7862141da1503f4d0e","status":"passed","time":{"start":1758523046584,"stop":1758523047020,"duration":436},"flaky":false,"newFailed":false,"newPassed":false,"newBroken":false,"retriesCount":0,"retriesStatusChange":false,"parameters":["{'用例编号': 46, '用例标题': '关闭微信支付订单_正常流程', '请求方法': 'DELETE', '请求地址': 'https://minicourse.test.venhalo.com/api/v1/payment/wx/order123', '请求头': '{\"Content-Type\": \"application/json\", \"Authorization\": \"Bearer ${token}\"}', '请求参数': None, '期望结果': '{\"code\": 200, \"msg\": \"操作成功\"}', '数据库断言': None, '提取响应字段': None}"],"tags":[]},{"name":"test_login_ddt[case1]","uid":"a7bbc914c5a53369","parentUid":"5ed00f153e812e7862141da1503f4d0e","status":"passed","time":{"start":1758523048616,"stop":1758523048692,"duration":76},"flaky":false,"newFailed":false,"newPassed":false,"newBroken":false,"retriesCount":0,"retriesStatusChange":false,"parameters":["{'用例编号': 2, '用例标题': '登录异常-用户名不正确', '请求方法': 'POST', '请求地址': 'http://shop.lemonban.com:8107/login', '请求参数': '{\"principal\": \"lemon_autox\", \"credentials\": \"lemon123456\", \"appType\": 3, \"loginType\": 0}', '请求头': '{\"Content-Type\":\"application/json\"}', '期望结果': '{\"status_code\":400,\"text\":\"账号或密码不正确\"}'}"],"tags":[]},{"name":"test_register[case24]","uid":"55722bee0312a0b0","parentUid":"5ed00f153e812e7862141da1503f4d0e","status":"passed","time":{"start":1758523045417,"stop":1758523045447,"duration":30},"flaky":false,"newFailed":false,"newPassed":false,"newBroken":false,"retriesCount":0,"retriesStatusChange":false,"parameters":["{'用例编号': 25, '用例标题': '获取学情信息_正常流程', '请求方法': 'POST', '请求地址': 'https://minicourse.test.venhalo.com/api/v1/situation/student', '请求头': '{\"Content-Type\": \"application/json\", \"Authorization\": \"Bearer ${token}\"}', '请求参数': '{\"studentId\": \"student123\"}', '期望结果': '{\"studentId\": \"student123\", \"learningStatus\": \"learning\"}', '数据库断言': None, '提取响应字段': None}"],"tags":[]},{"name":"test_register[case30]","uid":"f9ce5121a96242f","parentUid":"5ed00f153e812e7862141da1503f4d0e","status":"passed","time":{"start":1758523045577,"stop":1758523045607,"duration":30},"flaky":false,"newFailed":false,"newPassed":false,"newBroken":false,"retriesCount":0,"retriesStatusChange":false,"parameters":["{'用例编号': 33, '用例标题': '学生推送操作信息_正常流程', '请求方法': 'POST', '请求地址': 'https://minicourse.test.venhalo.com/api/v1/interaction/message', '请求头': '{\"Content-Type\": \"application/json\", \"Authorization\": \"Bearer ${token}\"}', '请求参数': '{\"content\": \"学习了一节课\", \"type\": \"learning\"}', '期望结果': '{\"code\": 200, \"msg\": \"操作成功\"}', '数据库断言': None, '提取响应字段': None}"],"tags":[]},{"name":"test_register[case9]","uid":"88e132ad4b0c35bf","parentUid":"5ed00f153e812e7862141da1503f4d0e","status":"passed","time":{"start":1758523044789,"stop":1758523044825,"duration":36},"flaky":false,"newFailed":false,"newPassed":false,"newBroken":false,"retriesCount":0,"retriesStatusChange":false,"parameters":["{'用例编号': 10, '用例标题': '抖音手机号授权_正常流程', '请求方法': 'POST', '请求地址': 'https://minicourse.test.venhalo.com/api/v1/auth/dy/phone', '请求头': '{\"Content-Type\": \"application/json\"}', '请求参数': '{\"encryptedData\": \"encrypted_data\", \"iv\": \"initial_vector\", \"sessionId\": \"valid_session_id\"}', '期望结果': '{\"token\": \"token_string\"}', '数据库断言': None, '提取响应字段': None}"],"tags":[]},{"name":"test_register[case54]","uid":"6ccb2b38a278994f","parentUid":"5ed00f153e812e7862141da1503f4d0e","status":"passed","time":{"start":1758523047685,"stop":1758523047717,"duration":32},"flaky":false,"newFailed":false,"newPassed":false,"newBroken":false,"retriesCount":0,"retriesStatusChange":false,"parameters":["{'用例编号': 58, '用例标题': '解绑家庭成员_正常流程', '请求方法': 'DELETE', '请求地址': 'https://minicourse.test.venhalo.com/api/v1/family/par/parent123', '请求头': '{\"Content-Type\": \"application/json\", \"Authorization\": \"Bearer ${token}\"}', '请求参数': None, '期望结果': '{\"code\": 200, \"msg\": \"操作成功\"}', '数据库断言': None, '提取响应字段': None}"],"tags":[]},{"name":"test_modify_user[case3]","uid":"91bf9e55ac4278c6","parentUid":"5ed00f153e812e7862141da1503f4d0e","status":"passed","time":{"start":1758523049233,"stop":1758523049401,"duration":168},"flaky":false,"newFailed":false,"newPassed":false,"newBroken":false,"retriesCount":0,"retriesStatusChange":false,"parameters":["{'用例编号': 4, '用例标题': '上传图片', '请求地址': 'http://shop.lemonban.com:8107/p/file/upload', '请求方法': 'POST', '请求头': '{\"Authorization\":\"bearer${token}\",\"Content-Type\":\"multipart/form-data\"}', '请求参数': \"{'file':('datas/test.png',open('datas/test.png',mode='rb'),'images/png')}\", '期望结果': '{\"status_code\":200}', '提取响应字段': '{\"url\":\"$.resourcesUrl\",\"path\":\"$.filePath\"}'}"],"tags":[]},{"name":"test_register[case28]","uid":"59840f1c58939a18","parentUid":"5ed00f153e812e7862141da1503f4d0e","status":"passed","time":{"start":1758523045517,"stop":1758523045547,"duration":30},"flaky":false,"newFailed":false,"newPassed":false,"newBroken":false,"retriesCount":0,"retriesStatusChange":false,"parameters":["{'用例编号': 29, '用例标题': '标记当天课程结束_正常流程', '请求方法': 'POST', '请求地址': 'https://minicourse.test.venhalo.com/api/v1/situation/end', '请求头': '{\"Content-Type\": \"application/json\", \"Authorization\": \"Bearer ${token}\"}', '请求参数': '{\"minicourseId\": \"course123\"}', '期望结果': '{\"code\": 200, \"msg\": \"操作成功\"}', '数据库断言': None, '提取响应字段': None}"],"tags":[]},{"name":"test_register[case53]","uid":"96aa69f9682e92c9","parentUid":"5ed00f153e812e7862141da1503f4d0e","status":"passed","time":{"start":1758523047660,"stop":1758523047685,"duration":25},"flaky":false,"newFailed":false,"newPassed":false,"newBroken":false,"retriesCount":0,"retriesStatusChange":false,"parameters":["{'用例编号': 57, '用例标题': '绑定学生_缺少必填信息', '请求方法': 'POST', '请求地址': 'https://minicourse.test.venhalo.com/api/v1/family/bind/stu', '请求头': '{\"Content-Type\": \"application/json\", \"Authorization\": \"Bearer ${token}\"}', '请求参数': '{\"studentName\": \"学生姓名\"}', '期望结果': '{\"code\": 400, \"msg\": \"缺少必要信息\"}', '数据库断言': None, '提取响应字段': None}"],"tags":[]},{"name":"test_register[case39]","uid":"cf34bf98403672f4","parentUid":"5ed00f153e812e7862141da1503f4d0e","status":"broken","time":{"start":1758523046417,"stop":1758523046422,"duration":5},"flaky":false,"newFailed":false,"newPassed":false,"newBroken":false,"retriesCount":0,"retriesStatusChange":false,"parameters":["{'用例编号': 43, '用例标题': '微信支付回调_正常流程', '请求方法': 'POST', '请求地址': 'https://minicourse.test.venhalo.com/api/v1/payment/wx/pay/callback', '请求头': '{\"Content-Type\": \"application/xml\"}', '请求参数': 'xml_data', '期望结果': '<xml><return_code><![CDATA[SUCCESS]]></return_code><return_msg><![CDATA[OK]]></return_msg></xml>', '数据库断言': None, '提取响应字段': None}"],"tags":[]},{"name":"test_register[case47]","uid":"94743e326eeabe98","parentUid":"5ed00f153e812e7862141da1503f4d0e","status":"passed","time":{"start":1758523047476,"stop":1758523047505,"duration":29},"flaky":false,"newFailed":false,"newPassed":false,"newBroken":false,"retriesCount":0,"retriesStatusChange":false,"parameters":["{'用例编号': 51, '用例标题': '获取当前用户信息（家长）_无权限', '请求方法': 'GET', '请求地址': 'https://minicourse.test.venhalo.com/api/v1/user/par', '请求头': '{\"Content-Type\": \"application/json\"}', '请求参数': None, '期望结果': '{\"code\": 401, \"msg\": \"未授权\"}', '数据库断言': None, '提取响应字段': None}"],"tags":[]},{"name":"test_register[case5]","uid":"8ebff37e53dac3d6","parentUid":"5ed00f153e812e7862141da1503f4d0e","status":"passed","time":{"start":1758523048201,"stop":1758523048282,"duration":81},"flaky":false,"newFailed":false,"newPassed":false,"newBroken":false,"retriesCount":0,"retriesStatusChange":false,"parameters":["{'用例编号': 6, '用例标题': '获取当前用户信息（家长）', '请求地址': 'https://minicourse.test.venhalo.com/api/v1/user/par', '请求方法': 'GET', '请求头': '{\"Authorization\":\"Bearer ${token}\",\"Content-Type\":\"application/json;charset=utf-8\"}', '请求参数': None, '期望结果': '{\"$.data.children[0].name\":\"更新test学生\"}', '数据库断言': None, '提取响应字段': None}"],"tags":[]},{"name":"test_register[case1]","uid":"eb0a634949731497","parentUid":"5ed00f153e812e7862141da1503f4d0e","status":"passed","time":{"start":1758523047857,"stop":1758523047940,"duration":83},"flaky":false,"newFailed":false,"newPassed":false,"newBroken":false,"retriesCount":0,"retriesStatusChange":false,"parameters":["{'用例编号': 2, '用例标题': '校验注册短信验证码并登录', '请求地址': 'https://minicourse.test.venhalo.com//api/v1/auth/verification/verify', '请求方法': 'POST', '请求头': '{\"Content-Type\":\"application/json;charset=utf-8\"}', '请求参数': '{\"phone\":\"${mobile_phone}\",\"role\":\"parent\",\"code\": \"${code}\"}', '期望结果': '{\"$.message\":\"成功\"}', '数据库断言': '{\"select phone from user where phone = \\'${mobile_phone}\\';\":\"${mobile_phone}\"}', '提取响应字段': '{\"token\" :\"$.data.token\"}'}"],"tags":[]},{"name":"test_register[case50]","uid":"57388044f37701aa","parentUid":"5ed00f153e812e7862141da1503f4d0e","status":"passed","time":{"start":1758523047576,"stop":1758523047605,"duration":29},"flaky":false,"newFailed":false,"newPassed":false,"newBroken":false,"retriesCount":0,"retriesStatusChange":false,"parameters":["{'用例编号': 54, '用例标题': '添加家庭成员（家长）_正常流程', '请求方法': 'POST', '请求地址': 'https://minicourse.test.venhalo.com/api/v1/family/bind/par', '请求头': '{\"Content-Type\": \"application/json\", \"Authorization\": \"Bearer ${token}\"}', '请求参数': '{\"phone\": \"13900139000\", \"relation\": \"father\"}', '期望结果': '{\"code\": 200, \"msg\": \"操作成功\"}', '数据库断言': None, '提取响应字段': None}"],"tags":[]},{"name":"test_register[case2]","uid":"1217d3574a609fa0","parentUid":"5ed00f153e812e7862141da1503f4d0e","status":"passed","time":{"start":1758523047940,"stop":1758523048042,"duration":102},"flaky":false,"newFailed":false,"newPassed":false,"newBroken":false,"retriesCount":0,"retriesStatusChange":false,"parameters":["{'用例编号': 3, '用例标题': '绑定学生', '请求地址': 'https://minicourse.test.venhalo.com/api/v1/family/bind/stu', '请求方法': 'POST', '请求头': '{\"Authorization\":\"Bearer ${token}\",\"Content-Type\":\"application/json;charset=utf-8\"}', '请求参数': '{\\n    \"phoneNumber\": \"19208031004\",\\n    \"name\": \"测试绑定\",\\n    \"grade\": \"2\",\\n    \"gender\": \"男\"\\n}', '期望结果': '{\"$.message\":\"绑定成功\"}', '数据库断言': None, '提取响应字段': None}"],"tags":[]},{"name":"test_register[case33]","uid":"9e97c3e621e36a08","parentUid":"5ed00f153e812e7862141da1503f4d0e","status":"passed","time":{"start":1758523045664,"stop":1758523045694,"duration":30},"flaky":false,"newFailed":false,"newPassed":false,"newBroken":false,"retriesCount":0,"retriesStatusChange":false,"parameters":["{'用例编号': 37, '用例标题': '获取订单列表（分页）_正常流程', '请求方法': 'POST', '请求地址': 'https://minicourse.test.venhalo.com/api/v1/order/list', '请求头': '{\"Content-Type\": \"application/json\", \"Authorization\": \"Bearer ${token}\"}', '请求参数': '{\"page\": 1, \"pageSize\": 10}', '期望结果': '{\"orders\": [], \"total\": 0, \"page\": 1, \"pageSize\": 10}', '数据库断言': None, '提取响应字段': None}"],"tags":[]},{"name":"test_modify_user[case0]","uid":"f77a3b1e6f784026","parentUid":"5ed00f153e812e7862141da1503f4d0e","status":"passed","time":{"start":1758523048866,"stop":1758523049042,"duration":176},"flaky":false,"newFailed":false,"newPassed":false,"newBroken":false,"retriesCount":0,"retriesStatusChange":false,"parameters":["{'用例编号': 1, '用例标题': '登录成功', '请求地址': 'http://shop.lemonban.com:8107/login', '请求方法': 'POST', '请求头': '{\"Content-Type\":\"application/json;charset=utf-8\"}', '请求参数': '{\"principal\": \"lemon_auto\", \"credentials\": \"lemon123456\", \"appType\": 3, \"loginType\": 0}', '期望结果': '{\"status_code\":200}', '提取响应字段': '{\"token\":\"$.access_token\",\"nick_name\":\"$.nickName\"}'}"],"tags":[]},{"name":"test_register[case5]","uid":"7a6f36d54a067f96","parentUid":"5ed00f153e812e7862141da1503f4d0e","status":"passed","time":{"start":1758523043356,"stop":1758523043452,"duration":96},"flaky":false,"newFailed":false,"newPassed":false,"newBroken":false,"retriesCount":0,"retriesStatusChange":false,"parameters":["{'用例编号': 6, '用例标题': '获取当前用户信息（家长）', '请求地址': 'https://minicourse.test.venhalo.com/api/v1/user/par', '请求方法': 'GET', '请求头': '{\"Authorization\":\"Bearer ${token}\",\"Content-Type\":\"application/json;charset=utf-8\"}', '请求参数': None, '期望结果': '{\"$.data.children[0].name\":\"更新test学生\"}', '数据库断言': None, '提取响应字段': None}"],"tags":[]},{"name":"test_login_ddt[case2]","uid":"94577dc62e772d4e","parentUid":"5ed00f153e812e7862141da1503f4d0e","status":"passed","time":{"start":1758523048692,"stop":1758523048777,"duration":85},"flaky":false,"newFailed":false,"newPassed":false,"newBroken":false,"retriesCount":0,"retriesStatusChange":false,"parameters":["{'用例编号': 3, '用例标题': '登录异常-不传密码参数', '请求方法': 'POST', '请求地址': 'http://shop.lemonban.com:8107/login', '请求参数': '{\"principal\": \"lemon_auto\",  \"appType\": 3, \"loginType\": 0}', '请求头': '{\"Content-Type\":\"application/json\"}', '期望结果': '{\"status_code\":500}'}"],"tags":[]},{"name":"test_register[case7]","uid":"f05f2a3b653fdfeb","parentUid":"5ed00f153e812e7862141da1503f4d0e","status":"passed","time":{"start":1758523043539,"stop":1758523043614,"duration":75},"flaky":false,"newFailed":false,"newPassed":false,"newBroken":false,"retriesCount":0,"retriesStatusChange":false,"parameters":["{'用例编号': 8, '用例标题': '获取当前用户信息（家长）', '请求地址': 'https://minicourse.test.venhalo.com/api/v1/user/par', '请求方法': 'GET', '请求头': '{\"Authorization\":\"Bearer ${token}\",\"Content-Type\":\"application/json;charset=utf-8\"}', '请求参数': None, '期望结果': '{\"$.data.children[0].name\":{\"$ne\":\"更新test学生\"}}', '数据库断言': None, '提取响应字段': None}"],"tags":[]},{"name":"test_register[case41]","uid":"42171165b6f6b305","parentUid":"5ed00f153e812e7862141da1503f4d0e","status":"passed","time":{"start":1758523046479,"stop":1758523046584,"duration":105},"flaky":false,"newFailed":false,"newPassed":false,"newBroken":false,"retriesCount":0,"retriesStatusChange":false,"parameters":["{'用例编号': 45, '用例标题': '微信查询订单信息_正常流程', '请求方法': 'GET', '请求地址': 'https://minicourse.test.venhalo.com/api/v1/payment/wx/trade123', '请求头': '{\"Content-Type\": \"application/json\", \"Authorization\": \"Bearer ${token}\"}', '请求参数': None, '期望结果': '{\"tradeNo\": \"trade123\", \"status\": \"paid\", \"amount\": 99.99}', '数据库断言': None, '提取响应字段': None}"],"tags":[]},{"name":"test_login_ddt[case0]","uid":"f623cefc6e48493d","parentUid":"5ed00f153e812e7862141da1503f4d0e","status":"passed","time":{"start":1758523048429,"stop":1758523048612,"duration":183},"flaky":false,"newFailed":false,"newPassed":false,"newBroken":false,"retriesCount":0,"retriesStatusChange":false,"parameters":["{'用例编号': 1, '用例标题': '登录成功', '请求方法': 'POST', '请求地址': 'http://shop.lemonban.com:8107/login', '请求参数': '{\"principal\": \"lemon_auto\", \"credentials\": \"lemon123456\", \"appType\": 3, \"loginType\": 0}', '请求头': '{\"Content-Type\":\"application/json\"}', '期望结果': '{\"status_code\":200,\"$.nickName\":\"lemon_auto\"}'}"],"tags":[]},{"name":"test_order[case6]","uid":"ccb6924008580970","parentUid":"5ed00f153e812e7862141da1503f4d0e","status":"failed","time":{"start":1758523051909,"stop":1758523051990,"duration":81},"flaky":false,"newFailed":false,"newPassed":false,"newBroken":false,"retriesCount":0,"retriesStatusChange":false,"parameters":["{'用例编号': 7, '用例标题': '提交订单', '请求地址': 'http://shop.lemonban.com:8107/p/order/submit', '请求方法': 'POST', '请求头': '{\"Authorization\":\"bearer${token}\",\"Content-Type\":\"application/json;charset=utf-8\"}', '请求参数': '{\"orderShopParam\":[{\"remarks\":\"\",\"shopId\":1}],\"uuid\":\"87140837-672c-410a-89d1-be4d690a401e\"}', '期望结果': '{\"status_code\":200}', '提取响应字段': '{\"order_number\":\"$.orderNumbers\"}', '数据库断言': '{\"select count(*) from tz_order where order_number =\\'${order_number}\\';\":1}'}"],"tags":[]},{"name":"test_register[case13]","uid":"78b9534bed476b2d","parentUid":"5ed00f153e812e7862141da1503f4d0e","status":"passed","time":{"start":1758523044979,"stop":1758523045019,"duration":40},"flaky":false,"newFailed":false,"newPassed":false,"newBroken":false,"retriesCount":0,"retriesStatusChange":false,"parameters":["{'用例编号': 14, '用例标题': '获取学情课包列表_正常流程', '请求方法': 'GET', '请求地址': 'https://minicourse.test.venhalo.com/api/v1/minicourse/list', '请求头': '{\"Content-Type\": \"application/json\", \"Authorization\": \"Bearer ${token}\"}', '请求参数': None, '期望结果': '{\"minicourseList\": []}', '数据库断言': None, '提取响应字段': None}"],"tags":[]},{"name":"test_register[case20]","uid":"9df1b00895b5fec3","parentUid":"5ed00f153e812e7862141da1503f4d0e","status":"passed","time":{"start":1758523045259,"stop":1758523045312,"duration":53},"flaky":false,"newFailed":false,"newPassed":false,"newBroken":false,"retriesCount":0,"retriesStatusChange":false,"parameters":["{'用例编号': 21, '用例标题': '获取推荐课包_正常流程', '请求方法': 'GET', '请求地址': 'https://minicourse.test.venhalo.com/api/v1/minicourse/recommendation', '请求头': '{\"Content-Type\": \"application/json\", \"Authorization\": \"Bearer ${token}\"}', '请求参数': None, '期望结果': '{\"recommendations\": []}', '数据库断言': None, '提取响应字段': None}"],"tags":[]},{"name":"test_register[case26]","uid":"913a4207b7fcdf6e","parentUid":"5ed00f153e812e7862141da1503f4d0e","status":"broken","time":{"start":1758523045497,"stop":1758523045507,"duration":10},"flaky":false,"newFailed":false,"newPassed":false,"newBroken":false,"retriesCount":0,"retriesStatusChange":false,"parameters":["{'用例编号': 27, '用例标题': '更新学生学习状态【正在学习】_正常流程', '请求方法': 'PATCH', '请求地址': 'https://minicourse.test.venhalo.com/api/v1/situation/start', '请求头': '{\"Content-Type\": \"application/json\", \"Authorization\": \"Bearer ${token}\"}', '请求参数': '{\"minicourseId\": \"course123\"}', '期望结果': '{\"code\": 200, \"msg\": \"操作成功\"}', '数据库断言': None, '提取响应字段': None}"],"tags":[]},{"name":"test_register[case8]","uid":"73565a1ac79887da","parentUid":"5ed00f153e812e7862141da1503f4d0e","status":"passed","time":{"start":1758523044742,"stop":1758523044787,"duration":45},"flaky":false,"newFailed":false,"newPassed":false,"newBroken":false,"retriesCount":0,"retriesStatusChange":false,"parameters":["{'用例编号': 9, '用例标题': '抖音登录_空code', '请求方法': 'POST', '请求地址': 'https://minicourse.test.venhalo.com/api/v1/auth/dy/login', '请求头': '{\"Content-Type\": \"application/json\"}', '请求参数': '{\"code\": \"\"}', '期望结果': '{\"code\": 400, \"msg\": \"code不能为空\"}', '数据库断言': None, '提取响应字段': None}"],"tags":[]},{"name":"test_register[case1]","uid":"205c77ece8db9aad","parentUid":"5ed00f153e812e7862141da1503f4d0e","status":"passed","time":{"start":1758523043943,"stop":1758523044138,"duration":195},"flaky":false,"newFailed":false,"newPassed":false,"newBroken":false,"retriesCount":0,"retriesStatusChange":false,"parameters":["{'用例编号': 2, '用例标题': '微信登录_无效code', '请求方法': 'POST', '请求地址': 'https://minicourse.test.venhalo.com/api/v1/auth/wx/login', '请求头': '{\"Content-Type\": \"application/json\"}', '请求参数': '{\"code\": \"invalid_code\"}', '期望结果': '{\"code\": 400, \"msg\": \"无效的code\"}', '数据库断言': None, '提取响应字段': None}"],"tags":[]},{"name":"test_register[case22]","uid":"787da3a8c4008aaf","parentUid":"5ed00f153e812e7862141da1503f4d0e","status":"passed","time":{"start":1758523045342,"stop":1758523045377,"duration":35},"flaky":false,"newFailed":false,"newPassed":false,"newBroken":false,"retriesCount":0,"retriesStatusChange":false,"parameters":["{'用例编号': 23, '用例标题': '获取课包详情_正常流程', '请求方法': 'GET', '请求地址': 'https://minicourse.test.venhalo.com/api/v1/minicourse/course123', '请求头': '{\"Content-Type\": \"application/json\", \"Authorization\": \"Bearer ${token}\"}', '请求参数': None, '期望结果': '{\"minicourseId\": \"course123\", \"title\": \"课程标题\", \"description\": \"课程描述\"}', '数据库断言': None, '提取响应字段': None}"],"tags":[]},{"name":"test_register[case35]","uid":"464a649a072df0f1","parentUid":"5ed00f153e812e7862141da1503f4d0e","status":"passed","time":{"start":1758523045727,"stop":1758523045766,"duration":39},"flaky":false,"newFailed":false,"newPassed":false,"newBroken":false,"retriesCount":0,"retriesStatusChange":false,"parameters":["{'用例编号': 39, '用例标题': '获取订单详情_正常流程', '请求方法': 'GET', '请求地址': 'https://minicourse.test.venhalo.com/api/v1/order/order123', '请求头': '{\"Content-Type\": \"application/json\", \"Authorization\": \"Bearer ${token}\"}', '请求参数': None, '期望结果': '{\"orderId\": \"order123\", \"amount\": 99.99, \"status\": \"paid\"}', '数据库断言': None, '提取响应字段': None}"],"tags":[]},{"name":"test_register[case12]","uid":"487cf67342295b58","parentUid":"5ed00f153e812e7862141da1503f4d0e","status":"passed","time":{"start":1758523044895,"stop":1758523044979,"duration":84},"flaky":false,"newFailed":false,"newPassed":false,"newBroken":false,"retriesCount":0,"retriesStatusChange":false,"parameters":["{'用例编号': 13, '用例标题': '校验注册短信验证码并登录', '请求方法': 'POST', '请求地址': 'https://minicourse.test.venhalo.com//api/v1/auth/verification/verify', '请求头': '{\"Content-Type\":\"application/json;charset=utf-8\"}', '请求参数': '{\"phone\":\"${mobile_phone}\",\"role\":\"parent\",\"code\": \"${code}\"}', '期望结果': '{\"$.message\":\"成功\"}', '数据库断言': '{\"select phone from user where phone = \\'${mobile_phone}\\';\":\"${mobile_phone}\"}', '提取响应字段': '{\"token\" :\"$.data.token\"}'}"],"tags":[]},{"name":"test_register[case55]","uid":"d17e851aae0220d0","parentUid":"5ed00f153e812e7862141da1503f4d0e","status":"passed","time":{"start":1758523047717,"stop":1758523047747,"duration":30},"flaky":false,"newFailed":false,"newPassed":false,"newBroken":false,"retriesCount":0,"retriesStatusChange":false,"parameters":["{'用例编号': 59, '用例标题': '解绑家庭成员_自己', '请求方法': 'DELETE', '请求地址': 'https://minicourse.test.venhalo.com/api/v1/family/par/current_user_id', '请求头': '{\"Content-Type\": \"application/json\", \"Authorization\": \"Bearer ${token}\"}', '请求参数': None, '期望结果': '{\"code\": 400, \"msg\": \"不能解绑自己\"}', '数据库断言': None, '提取响应字段': None}"],"tags":[]},{"name":"test_register[case11]","uid":"dc4c7dce415a91a7","parentUid":"5ed00f153e812e7862141da1503f4d0e","status":"passed","time":{"start":1758523044862,"stop":1758523044890,"duration":28},"flaky":false,"newFailed":false,"newPassed":false,"newBroken":false,"retriesCount":0,"retriesStatusChange":false,"parameters":["{'用例编号': 12, '用例标题': '获取注册短信验证码', '请求方法': 'POST', '请求地址': 'https://minicourse.test.venhalo.com/api/v1/auth/verification/code', '请求头': '{\"Content-Type\":\"application/json;charset=utf-8\"}', '请求参数': '{\"phone\":\"${mobile_phone}\",\"role\": \"parent\"}', '期望结果': None, '数据库断言': None, '提取响应字段': '{\"code\" :\"$.data.code\"}'}"],"tags":[]},{"name":"test_order[case7]","uid":"d4a2e52cdae566e6","parentUid":"5ed00f153e812e7862141da1503f4d0e","status":"failed","time":{"start":1758523051995,"stop":1758523052098,"duration":103},"flaky":false,"newFailed":false,"newPassed":false,"newBroken":false,"retriesCount":0,"retriesStatusChange":false,"parameters":["{'用例编号': 8, '用例标题': '选择支付方式', '请求地址': 'http://shop.lemonban.com:8107/p/order/pay', '请求方法': 'POST', '请求头': '{\"Authorization\":\"bearer${token}\",\"Content-Type\":\"application/json;charset=utf-8\"}', '请求参数': '{\"payType\":3,\"orderNumbers\":\"${order_number}\"}', '期望结果': '{\"status_code\":200}', '提取响应字段': None, '数据库断言': None}"],"tags":[]},{"name":"test_order[case2]","uid":"71fb5af893aa6851","parentUid":"5ed00f153e812e7862141da1503f4d0e","status":"passed","time":{"start":1758523051603,"stop":1758523051700,"duration":97},"flaky":false,"newFailed":false,"newPassed":false,"newBroken":false,"retriesCount":0,"retriesStatusChange":false,"parameters":["{'用例编号': 3, '用例标题': '进入到商品详情页', '请求地址': 'http://shop.lemonban.com:8107/prod/prodInfo', '请求方法': 'GET', '请求头': None, '请求参数': '{\"prodId\":${prod_id}}', '期望结果': '{\"status_code\":200}', '提取响应字段': '{\"sku_id\":\"$..skuId\"}', '数据库断言': None}"],"tags":[]},{"name":"test_order[case0]","uid":"cc91eb4043374981","parentUid":"5ed00f153e812e7862141da1503f4d0e","status":"passed","time":{"start":1758523051335,"stop":1758523051518,"duration":183},"flaky":false,"newFailed":false,"newPassed":false,"newBroken":false,"retriesCount":0,"retriesStatusChange":false,"parameters":["{'用例编号': 1, '用例标题': '登录成功', '请求地址': 'http://shop.lemonban.com:8107/login', '请求方法': 'POST', '请求头': '{\"Content-Type\":\"application/json;charset=utf-8\"}', '请求参数': '{\"principal\": \"lemon_auto\", \"credentials\": \"lemon123456\", \"appType\": 3, \"loginType\": 0}', '期望结果': '{\"status_code\":200}', '提取响应字段': '{\"token\":\"$..access_token\"}', '数据库断言': None}"],"tags":[]},{"name":"test_register[case7]","uid":"ee2338f12c85f51e","parentUid":"5ed00f153e812e7862141da1503f4d0e","status":"passed","time":{"start":1758523048359,"stop":1758523048424,"duration":65},"flaky":false,"newFailed":false,"newPassed":false,"newBroken":false,"retriesCount":0,"retriesStatusChange":false,"parameters":["{'用例编号': 8, '用例标题': '获取当前用户信息（家长）', '请求地址': 'https://minicourse.test.venhalo.com/api/v1/user/par', '请求方法': 'GET', '请求头': '{\"Authorization\":\"Bearer ${token}\",\"Content-Type\":\"application/json;charset=utf-8\"}', '请求参数': None, '期望结果': '{\"$.data.children[0].name\":{\"$ne\":\"更新test学生\"}}', '数据库断言': None, '提取响应字段': None}"],"tags":[]},{"name":"test_register[case46]","uid":"4efa2f0ca46f50e0","parentUid":"5ed00f153e812e7862141da1503f4d0e","status":"passed","time":{"start":1758523047404,"stop":1758523047471,"duration":67},"flaky":false,"newFailed":false,"newPassed":false,"newBroken":false,"retriesCount":0,"retriesStatusChange":false,"parameters":["{'用例编号': 50, '用例标题': '获取当前用户信息（家长）_正常流程', '请求方法': 'GET', '请求地址': 'https://minicourse.test.venhalo.com/api/v1/user/par', '请求头': '{\"Content-Type\": \"application/json\", \"Authorization\": \"Bearer ${token}\"}', '请求参数': None, '期望结果': '{\"userId\": \"user123\", \"phone\": \"13800138000\", \"nickName\": \"家长昵称\", \"avatarUrl\": \"avatar_url\"}', '数据库断言': None, '提取响应字段': None}"],"tags":[]},{"name":"test_register[case18]","uid":"323aac668058975a","parentUid":"5ed00f153e812e7862141da1503f4d0e","status":"passed","time":{"start":1758523045159,"stop":1758523045184,"duration":25},"flaky":false,"newFailed":false,"newPassed":false,"newBroken":false,"retriesCount":0,"retriesStatusChange":false,"parameters":["{'用例编号': 19, '用例标题': '分页获取我的小课包列表【学生端】_正常流程', '请求方法': 'POST', '请求地址': 'https://minicourse.test.venhalo.com/api/v1/minicourse/stu/list', '请求头': '{\"Content-Type\": \"application/json\", \"Authorization\": \"Bearer ${token}\"}', '请求参数': '{\"page\": 1, \"pageSize\": 10}', '期望结果': '{\"minicourseList\": [], \"total\": 0, \"page\": 1, \"pageSize\": 10}', '数据库断言': None, '提取响应字段': None}"],"tags":[]},{"name":"test_register[case23]","uid":"678682a900c912a9","parentUid":"5ed00f153e812e7862141da1503f4d0e","status":"passed","time":{"start":1758523045377,"stop":1758523045417,"duration":40},"flaky":false,"newFailed":false,"newPassed":false,"newBroken":false,"retriesCount":0,"retriesStatusChange":false,"parameters":["{'用例编号': 24, '用例标题': '获取课包详情_无效ID', '请求方法': 'GET', '请求地址': 'https://minicourse.test.venhalo.com/api/v1/minicourse/invalid_id', '请求头': '{\"Content-Type\": \"application/json\", \"Authorization\": \"Bearer ${token}\"}', '请求参数': None, '期望结果': '{\"code\": 404, \"msg\": \"课包不存在\"}', '数据库断言': None, '提取响应字段': None}"],"tags":[]},{"name":"test_register[case56]","uid":"b833b6560b65fc97","parentUid":"5ed00f153e812e7862141da1503f4d0e","status":"passed","time":{"start":1758523047754,"stop":1758523047789,"duration":35},"flaky":false,"newFailed":false,"newPassed":false,"newBroken":false,"retriesCount":0,"retriesStatusChange":false,"parameters":["{'用例编号': 60, '用例标题': '解绑学生_正常流程', '请求方法': 'DELETE', '请求地址': 'https://minicourse.test.venhalo.com/api/v1/family/stu/student123', '请求头': '{\"Content-Type\": \"application/json\", \"Authorization\": \"Bearer ${token}\"}', '请求参数': None, '期望结果': '{\"code\": 200, \"msg\": \"操作成功\"}', '数据库断言': None, '提取响应字段': None}"],"tags":[]},{"name":"test_order[case4]","uid":"bf946d7878cb4dfa","parentUid":"5ed00f153e812e7862141da1503f4d0e","status":"broken","time":{"start":1758523051799,"stop":1758523051892,"duration":93},"flaky":false,"newFailed":false,"newPassed":false,"newBroken":false,"retriesCount":0,"retriesStatusChange":false,"parameters":["{'用例编号': 5, '用例标题': '查询购物车', '请求地址': 'http://shop.lemonban.com:8107/p/shopCart/info', '请求方法': 'POST', '请求头': '{\"Authorization\":\"bearer${token}\",\"Content-Type\":\"application/json;charset=utf-8\"}', '请求参数': '[]', '期望结果': '{\"status_code\":200}', '提取响应字段': '{\"basket_id\":\"$..basketId\"}', '数据库断言': None}"],"tags":[]},{"name":"test_register[case27]","uid":"cd416276a0b37cac","parentUid":"5ed00f153e812e7862141da1503f4d0e","status":"broken","time":{"start":1758523045512,"stop":1758523045512,"duration":0},"flaky":false,"newFailed":false,"newPassed":false,"newBroken":false,"retriesCount":0,"retriesStatusChange":false,"parameters":["{'用例编号': 28, '用例标题': '更新学生学习状态【正在学习】_无效课程ID', '请求方法': 'PATCH', '请求地址': 'https://minicourse.test.venhalo.com/api/v1/situation/start', '请求头': '{\"Content-Type\": \"application/json\", \"Authorization\": \"Bearer ${token}\"}', '请求参数': '{\"minicourseId\": \"invalid_id\"}', '期望结果': '{\"code\": 404, \"msg\": \"课程不存在\"}', '数据库断言': None, '提取响应字段': None}"],"tags":[]},{"name":"test_register[case3]","uid":"df6a9f9829a8348d","parentUid":"5ed00f153e812e7862141da1503f4d0e","status":"passed","time":{"start":1758523048042,"stop":1758523048120,"duration":78},"flaky":false,"newFailed":false,"newPassed":false,"newBroken":false,"retriesCount":0,"retriesStatusChange":false,"parameters":["{'用例编号': 4, '用例标题': '获取当前用户信息（家长）', '请求地址': 'https://minicourse.test.venhalo.com/api/v1/user/par', '请求方法': 'GET', '请求头': '{\"Authorization\":\"Bearer ${token}\",\"Content-Type\":\"application/json;charset=utf-8\"}', '请求参数': None, '期望结果': '{\"$.data.children[0].name\":\"测试绑定\"}', '数据库断言': None, '提取响应字段': '{\"studentId\":\"$.data.children[0].studentId\"}'}"],"tags":[]},{"name":"test_register[case32]","uid":"63ea6eeedaa01136","parentUid":"5ed00f153e812e7862141da1503f4d0e","status":"passed","time":{"start":1758523045639,"stop":1758523045664,"duration":25},"flaky":false,"newFailed":false,"newPassed":false,"newBroken":false,"retriesCount":0,"retriesStatusChange":false,"parameters":["{'用例编号': 36, '用例标题': '家长学生互动鼓励信息_POST_正常流程', '请求方法': 'POST', '请求地址': 'https://minicourse.test.venhalo.com/api/v1/interaction/encouragement/student123', '请求头': '{\"Content-Type\": \"application/json\", \"Authorization\": \"Bearer ${token}\"}', '请求参数': '{\"content\": \"继续加油！\"}', '期望结果': '{\"code\": 200, \"msg\": \"操作成功\"}', '数据库断言': None, '提取响应字段': None}"],"tags":[]},{"name":"test_register[case0]","uid":"41624f7614438ddb","parentUid":"5ed00f153e812e7862141da1503f4d0e","status":"passed","time":{"start":1758523043614,"stop":1758523043938,"duration":324},"flaky":false,"newFailed":false,"newPassed":false,"newBroken":false,"retriesCount":0,"retriesStatusChange":false,"parameters":["{'用例编号': 1, '用例标题': '微信登录_正常流程', '请求方法': 'POST', '请求地址': 'https://minicourse.test.venhalo.com/api/v1/auth/wx/login', '请求头': '{\"Content-Type\": \"application/json\"}', '请求参数': '{\"code\": \"valid_code\"}', '期望结果': '{\"isBindPhone\": true, \"token\": \"token_string\", \"sessionId\": \"session_id\"}', '数据库断言': None, '提取响应字段': None}"],"tags":[]},{"name":"test_register[case4]","uid":"9949140148915a33","parentUid":"5ed00f153e812e7862141da1503f4d0e","status":"passed","time":{"start":1758523048120,"stop":1758523048201,"duration":81},"flaky":false,"newFailed":false,"newPassed":false,"newBroken":false,"retriesCount":0,"retriesStatusChange":false,"parameters":["{'用例编号': 5, '用例标题': '更新学生信息', '请求地址': 'https://minicourse.test.venhalo.com/api/v1/user/stu', '请求方法': 'PUT', '请求头': '{\"Authorization\":\"Bearer ${token}\",\"Content-Type\":\"application/json;charset=utf-8\"}', '请求参数': '{\\n    \"userId\": \"${studentId}\",\\n    \"name\": \"更新test学生\",\\n    \"grade\": \"2\",\\n    \"gender\": \"0\"\\n}', '期望结果': '{\"$.message\":\"更新成功\"}', '数据库断言': '{\"select name from student_info where student_user_id = \\'${studentId}\\';\":\"更新test学生\"}', '提取响应字段': None}"],"tags":[]},{"name":"test_register[case37]","uid":"97c5648f64100658","parentUid":"5ed00f153e812e7862141da1503f4d0e","status":"passed","time":{"start":1758523045803,"stop":1758523046162,"duration":359},"flaky":false,"newFailed":false,"newPassed":false,"newBroken":false,"retriesCount":0,"retriesStatusChange":false,"parameters":["{'用例编号': 41, '用例标题': '微信支付创建订单（预支付）_正常流程', '请求方法': 'POST', '请求地址': 'https://minicourse.test.venhalo.com/api/v1/payment/wx/creation', '请求头': '{\"Content-Type\": \"application/json\", \"Authorization\": \"Bearer ${token}\"}', '请求参数': '{\"minicourseId\": \"course123\", \"amount\": 99.99, \"subject\": \"课程购买\"}', '期望结果': '{\"orderId\": \"order123\", \"prepayId\": \"prepay123\"}', '数据库断言': None, '提取响应字段': None}"],"tags":[]},{"name":"test_register[case44]","uid":"888b65a56cf110c4","parentUid":"5ed00f153e812e7862141da1503f4d0e","status":"passed","time":{"start":1758523047209,"stop":1758523047399,"duration":190},"flaky":false,"newFailed":false,"newPassed":false,"newBroken":false,"retriesCount":0,"retriesStatusChange":false,"parameters":["{'用例编号': 48, '用例标题': '申请微信退款_退款金额大于支付金额', '请求方法': 'POST', '请求地址': 'https://minicourse.test.venhalo.com/api/v1/payment/wx/refund', '请求头': '{\"Content-Type\": \"application/json\", \"Authorization\": \"Bearer ${token}\"}', '请求参数': '{\"orderId\": \"order123\", \"refundAmount\": 200, \"refundReason\": \"课程退款\"}', '期望结果': '{\"code\": 400, \"msg\": \"退款金额不能大于支付金额\"}', '数据库断言': None, '提取响应字段': None}"],"tags":[]},{"name":"test_register[case31]","uid":"cb8ea49c01dd5faa","parentUid":"5ed00f153e812e7862141da1503f4d0e","status":"passed","time":{"start":1758523045607,"stop":1758523045634,"duration":27},"flaky":false,"newFailed":false,"newPassed":false,"newBroken":false,"retriesCount":0,"retriesStatusChange":false,"parameters":["{'用例编号': 34, '用例标题': '学生推送操作信息_无效类型', '请求方法': 'POST', '请求地址': 'https://minicourse.test.venhalo.com/api/v1/interaction/message', '请求头': '{\"Content-Type\": \"application/json\", \"Authorization\": \"Bearer ${token}\"}', '请求参数': '{\"content\": \"学习了一节课\", \"type\": \"invalid_type\"}', '期望结果': '{\"code\": 400, \"msg\": \"无效的消息类型\"}', '数据库断言': None, '提取响应字段': None}"],"tags":[]},{"name":"test_register[case7]","uid":"b5caf46bb11dc3dd","parentUid":"5ed00f153e812e7862141da1503f4d0e","status":"passed","time":{"start":1758523044526,"stop":1758523044742,"duration":216},"flaky":false,"newFailed":false,"newPassed":false,"newBroken":false,"retriesCount":0,"retriesStatusChange":false,"parameters":["{'用例编号': 8, '用例标题': '抖音登录_无效code', '请求方法': 'POST', '请求地址': 'https://minicourse.test.venhalo.com/api/v1/auth/dy/login', '请求头': '{\"Content-Type\": \"application/json\"}', '请求参数': '{\"code\": \"invalid_code\"}', '期望结果': '{\"code\": 400, \"msg\": \"无效的code\"}', '数据库断言': None, '提取响应字段': None}"],"tags":[]},{"name":"test_register[case29]","uid":"2333651c862e1f0","parentUid":"5ed00f153e812e7862141da1503f4d0e","status":"passed","time":{"start":1758523045547,"stop":1758523045577,"duration":30},"flaky":false,"newFailed":false,"newPassed":false,"newBroken":false,"retriesCount":0,"retriesStatusChange":false,"parameters":["{'用例编号': 30, '用例标题': '标记当天课程结束_未学习', '请求方法': 'POST', '请求地址': 'https://minicourse.test.venhalo.com/api/v1/situation/end', '请求头': '{\"Content-Type\": \"application/json\", \"Authorization\": \"Bearer ${token}\"}', '请求参数': '{\"minicourseId\": \"course456\"}', '期望结果': '{\"code\": 400, \"msg\": \"课程未开始学习\"}', '数据库断言': None, '提取响应字段': None}"],"tags":[]},{"name":"test_modify_user[case1]","uid":"cd447275000339ef","parentUid":"5ed00f153e812e7862141da1503f4d0e","status":"passed","time":{"start":1758523049043,"stop":1758523049138,"duration":95},"flaky":false,"newFailed":false,"newPassed":false,"newBroken":false,"retriesCount":0,"retriesStatusChange":false,"parameters":["{'用例编号': 2, '用例标题': '进入到个人中心', '请求地址': 'http://shop.lemonban.com:8107/p/user/centerInfo', '请求方法': 'GET', '请求头': '{\"Authorization\":\"bearer${token}\"}', '请求参数': None, '期望结果': '{\"status_code\":200}', '提取响应字段': None}"],"tags":[]},{"name":"test_register[case4]","uid":"cbedb3052f3c888e","parentUid":"5ed00f153e812e7862141da1503f4d0e","status":"passed","time":{"start":1758523043242,"stop":1758523043356,"duration":114},"flaky":false,"newFailed":false,"newPassed":false,"newBroken":false,"retriesCount":0,"retriesStatusChange":false,"parameters":["{'用例编号': 5, '用例标题': '更新学生信息', '请求地址': 'https://minicourse.test.venhalo.com/api/v1/user/stu', '请求方法': 'PUT', '请求头': '{\"Authorization\":\"Bearer ${token}\",\"Content-Type\":\"application/json;charset=utf-8\"}', '请求参数': '{\\n    \"userId\": \"${studentId}\",\\n    \"name\": \"更新test学生\",\\n    \"grade\": \"2\",\\n    \"gender\": \"0\"\\n}', '期望结果': '{\"$.message\":\"更新成功\"}', '数据库断言': '{\"select name from student_info where student_user_id = \\'${studentId}\\';\":\"更新test学生\"}', '提取响应字段': None}"],"tags":[]},{"name":"test_order[case3]","uid":"cb4adb0c27343cd0","parentUid":"5ed00f153e812e7862141da1503f4d0e","status":"failed","time":{"start":1758523051700,"stop":1758523051789,"duration":89},"flaky":false,"newFailed":false,"newPassed":false,"newBroken":false,"retriesCount":0,"retriesStatusChange":false,"parameters":["{'用例编号': 4, '用例标题': '添加到放购物车', '请求地址': 'http://shop.lemonban.com:8107/p/shopCart/changeItem', '请求方法': 'POST', '请求头': '{\"Authorization\":\"bearer${token}\",\"Content-Type\":\"application/json;charset=utf-8\"}', '请求参数': '{\"basketId\": 0, \"count\": 1, \"prodId\": ${prod_id}, \"shopId\": 1, \"skuId\": ${sku_id}}', '期望结果': '{\"status_code\":200}', '提取响应字段': None, '数据库断言': None}"],"tags":[]},{"name":"test_register[case3]","uid":"372ef983be0033af","parentUid":"5ed00f153e812e7862141da1503f4d0e","status":"passed","time":{"start":1758523044167,"stop":1758523044197,"duration":30},"flaky":false,"newFailed":false,"newPassed":false,"newBroken":false,"retriesCount":0,"retriesStatusChange":false,"parameters":["{'用例编号': 4, '用例标题': '微信手机号授权_正常流程', '请求方法': 'POST', '请求地址': 'https://minicourse.test.venhalo.com/api/v1/auth/wx/phone', '请求头': '{\"Content-Type\": \"application/json\"}', '请求参数': '{\"encryptedData\": \"encrypted_data\", \"iv\": \"initial_vector\", \"sessionId\": \"valid_session_id\"}', '期望结果': '{\"token\": \"token_string\"}', '数据库断言': None, '提取响应字段': None}"],"tags":[]},{"name":"test_register[case16]","uid":"673f74256eb294c7","parentUid":"5ed00f153e812e7862141da1503f4d0e","status":"passed","time":{"start":1758523045086,"stop":1758523045126,"duration":40},"flaky":false,"newFailed":false,"newPassed":false,"newBroken":false,"retriesCount":0,"retriesStatusChange":false,"parameters":["{'用例编号': 17, '用例标题': '分页获取我的小课包列表【家长端】_无效状态', '请求方法': 'POST', '请求地址': 'https://minicourse.test.venhalo.com/api/v1/minicourse/par/list', '请求头': '{\"Content-Type\": \"application/json\", \"Authorization\": \"Bearer ${token}\"}', '请求参数': '{\"status\": \"999\", \"page\": 1, \"pageSize\": 10}', '期望结果': '{\"code\": 400, \"msg\": \"无效的状态值\"}', '数据库断言': None, '提取响应字段': None}"],"tags":[]},{"name":"test_register[case17]","uid":"149cd8f272b81a3c","parentUid":"5ed00f153e812e7862141da1503f4d0e","status":"passed","time":{"start":1758523045131,"stop":1758523045159,"duration":28},"flaky":false,"newFailed":false,"newPassed":false,"newBroken":false,"retriesCount":0,"retriesStatusChange":false,"parameters":["{'用例编号': 18, '用例标题': '分页获取我的小课包列表【家长端】_分页参数错误', '请求方法': 'POST', '请求地址': 'https://minicourse.test.venhalo.com/api/v1/minicourse/par/list', '请求头': '{\"Content-Type\": \"application/json\", \"Authorization\": \"Bearer ${token}\"}', '请求参数': '{\"status\": \"0\", \"page\": 0, \"pageSize\": 10}', '期望结果': '{\"code\": 400, \"msg\": \"分页参数错误\"}', '数据库断言': None, '提取响应字段': None}"],"tags":[]},{"name":"test_register[case43]","uid":"d616aac5259329d6","parentUid":"5ed00f153e812e7862141da1503f4d0e","status":"passed","time":{"start":1758523047025,"stop":1758523047209,"duration":184},"flaky":false,"newFailed":false,"newPassed":false,"newBroken":false,"retriesCount":0,"retriesStatusChange":false,"parameters":["{'用例编号': 47, '用例标题': '申请微信退款_正常流程', '请求方法': 'POST', '请求地址': 'https://minicourse.test.venhalo.com/api/v1/payment/wx/refund', '请求头': '{\"Content-Type\": \"application/json\", \"Authorization\": \"Bearer ${token}\"}', '请求参数': '{\"orderId\": \"order123\", \"refundAmount\": 99.99, \"refundReason\": \"课程退款\"}', '期望结果': '{\"refundId\": \"refund123\", \"refundStatus\": \"PROCESSING\"}', '数据库断言': None, '提取响应字段': None}"],"tags":[]},{"name":"test_order[case5]","uid":"f1c1205e61021912","parentUid":"5ed00f153e812e7862141da1503f4d0e","status":"broken","time":{"start":1758523051897,"stop":1758523051897,"duration":0},"flaky":false,"newFailed":false,"newPassed":false,"newBroken":false,"retriesCount":0,"retriesStatusChange":false,"parameters":["{'用例编号': 6, '用例标题': '确认订单', '请求地址': 'http://shop.lemonban.com:8107/p/order/confirm', '请求方法': 'POST', '请求头': '{\"Authorization\":\"bearer${token}\",\"Content-Type\":\"application/json;charset=utf-8\"}', '请求参数': '{\"addrId\":0,\"basketIds\":[${basket_id}],\"couponIds\":[],\"isScorePay\":0,\"userChangeCoupon\":0,\"userUseScore\":0,\"uuid\":\"87140837-672c-410a-89d1-be4d690a401e\"}', '期望结果': '{\"status_code\":200}', '提取响应字段': None, '数据库断言': None}"],"tags":[]}],"uid":"5ed00f153e812e7862141da1503f4d0e"}],"uid":"bf43eb2ef4dac4610b87f61937011a8d"}]}