{"376da41409ee43b55e0bf5ab2fa8bb25":{"statistic":{"failed":0,"broken":1,"skipped":0,"passed":0,"unknown":0,"total":1},"items":[{"uid":"7210f3640c056ea","status":"broken","statusDetails":"requests.exceptions.ProxyError: HTTPSConnectionPool(host='minicourse.test.venhalo.com', port=443): Max retries exceeded with url: /api/v1/user/par (Caused by ProxyError('Unable to connect to proxy', SSLError(SSLEOFError(8, 'EOF occurred in violation of protocol (_ssl.c:1129)'))))","time":{"start":1758533419293,"stop":1758533419302,"duration":9}}]},"01ede886d7b5264d7d720909b1d3a963":{"statistic":{"failed":0,"broken":1,"skipped":0,"passed":0,"unknown":0,"total":1},"items":[{"uid":"6646c17a5550cad3","status":"broken","statusDetails":"requests.exceptions.ProxyError: HTTPSConnectionPool(host='minicourse.test.venhalo.com', port=443): Max retries exceeded with url: /api/v1/payment/wx/refund (Caused by ProxyError('Unable to connect to proxy', SSLError(SSLEOFError(8, 'EOF occurred in violation of protocol (_ssl.c:1129)'))))","time":{"start":1758533418553,"stop":1758533418562,"duration":9}}]},"567de7de59797176ab2f836e5da46ed7":{"statistic":{"failed":0,"broken":1,"skipped":0,"passed":0,"unknown":0,"total":1},"items":[{"uid":"8673e74a1767e790","status":"broken","statusDetails":"requests.exceptions.ProxyError: HTTPSConnectionPool(host='minicourse.test.venhalo.com', port=443): Max retries exceeded with url: /api/v1/user/stu (Caused by ProxyError('Unable to connect to proxy', SSLError(SSLEOFError(8, 'EOF occurred in violation of protocol (_ssl.c:1129)'))))","time":{"start":1758533418659,"stop":1758533418668,"duration":9}}]},"f797f156a5d65e5bff89490e4a457914":{"statistic":{"failed":0,"broken":1,"skipped":0,"passed":0,"unknown":0,"total":1},"items":[{"uid":"c7a7719aaec12d5e","status":"broken","statusDetails":"requests.exceptions.ProxyError: HTTPSConnectionPool(host='minicourse.test.venhalo.com', port=443): Max retries exceeded with url: /api/v1/auth/wx/login (Caused by ProxyError('Unable to connect to proxy', SSLError(SSLEOFError(8, 'EOF occurred in violation of protocol (_ssl.c:1129)'))))","time":{"start":1758533417053,"stop":1758533417063,"duration":10}}]},"f142b99f7261b7d773dfc266697344f5":{"statistic":{"failed":0,"broken":1,"skipped":0,"passed":0,"unknown":0,"total":1},"items":[{"uid":"26bf01717acff7d4","status":"broken","statusDetails":"requests.exceptions.ProxyError: HTTPSConnectionPool(host='minicourse.test.venhalo.com', port=443): Max retries exceeded with url: /api/v1/family/par/current_user_id (Caused by ProxyError('Unable to connect to proxy', SSLError(SSLEOFError(8, 'EOF occurred in violation of protocol (_ssl.c:1129)'))))","time":{"start":1758533418922,"stop":1758533418931,"duration":9}}]},"3833b8b7f4b6b0263206a0ac91e566d5":{"statistic":{"failed":0,"broken":1,"skipped":0,"passed":0,"unknown":0,"total":1},"items":[{"uid":"fa3f6516d773061d","status":"broken","statusDetails":"requests.exceptions.ProxyError: HTTPSConnectionPool(host='minicourse.test.venhalo.com', port=443): Max retries exceeded with url: /api/v1/family/stu/$%7BstudentId%7D (Caused by ProxyError('Unable to connect to proxy', SSLError(SSLEOFError(8, 'EOF occurred in violation of protocol (_ssl.c:1129)'))))","time":{"start":1758533416957,"stop":1758533416966,"duration":9}}]},"742e9a7c50e6009021495a25fe9abe13":{"statistic":{"failed":0,"broken":1,"skipped":0,"passed":0,"unknown":0,"total":1},"items":[{"uid":"7e403bbededb65ce","status":"broken","statusDetails":"requests.exceptions.ProxyError: HTTPSConnectionPool(host='minicourse.test.venhalo.com', port=443): Max retries exceeded with url: /api/v1/user/par (Caused by ProxyError('Unable to connect to proxy', SSLError(SSLEOFError(8, 'EOF occurred in violation of protocol (_ssl.c:1129)'))))","time":{"start":1758533419229,"stop":1758533419237,"duration":8}}]},"0cab22e6ccfb2e32d08ae3dc5bebadc3":{"statistic":{"failed":0,"broken":1,"skipped":0,"passed":0,"unknown":0,"total":1},"items":[{"uid":"e85fe0a32f3b3b6a","status":"broken","statusDetails":"requests.exceptions.ProxyError: HTTPSConnectionPool(host='minicourse.test.venhalo.com', port=443): Max retries exceeded with url: /api/v1/minicourse/par/list (Caused by ProxyError('Unable to connect to proxy', SSLError(SSLEOFError(8, 'EOF occurred in violation of protocol (_ssl.c:1129)'))))","time":{"start":1758533417635,"stop":1758533417644,"duration":9}}]},"a58fbd8b91fe5b7edbaca0cba24ad62c":{"statistic":{"failed":0,"broken":1,"skipped":0,"passed":0,"unknown":0,"total":1},"items":[{"uid":"84495a4398ac437a","status":"broken","statusDetails":"requests.exceptions.ProxyError: HTTPSConnectionPool(host='minicourse.test.venhalo.com', port=443): Max retries exceeded with url: /api/v1/payment/wx/creation (Caused by ProxyError('Unable to connect to proxy', SSLError(SSLEOFError(8, 'EOF occurred in violation of protocol (_ssl.c:1129)'))))","time":{"start":1758533418312,"stop":1758533418321,"duration":9}}]},"84682132783772e8f04792385b0d1345":{"statistic":{"failed":0,"broken":1,"skipped":0,"passed":0,"unknown":0,"total":1},"items":[{"uid":"b0c4759dc58128c8","status":"broken","statusDetails":"requests.exceptions.ProxyError: HTTPSConnectionPool(host='minicourse.test.venhalo.com', port=443): Max retries exceeded with url: /api/v1/minicourse/list (Caused by ProxyError('Unable to connect to proxy', SSLError(SSLEOFError(8, 'EOF occurred in violation of protocol (_ssl.c:1129)'))))","time":{"start":1758533417506,"stop":1758533417519,"duration":13}}]},"cdd42865e24d5de245e8fbc3e22713b4":{"statistic":{"failed":0,"broken":1,"skipped":0,"passed":0,"unknown":0,"total":1},"items":[{"uid":"87e1dac849d01fa3","status":"broken","statusDetails":"requests.exceptions.ProxyError: HTTPSConnectionPool(host='minicourse.test.venhalo.com', port=443): Max retries exceeded with url: /api/v1/order/order123 (Caused by ProxyError('Unable to connect to proxy', SSLError(SSLEOFError(8, 'EOF occurred in violation of protocol (_ssl.c:1129)'))))","time":{"start":1758533418243,"stop":1758533418252,"duration":9}}]},"b66c1a024f347b35769c0db102e96a19":{"statistic":{"failed":0,"broken":1,"skipped":0,"passed":0,"unknown":0,"total":1},"items":[{"uid":"7618d7013b2d95f9","status":"broken","statusDetails":"json.decoder.JSONDecodeError: Expecting value: line 1 column 26 (char 25)","time":{"start":1758533443885,"stop":1758533443888,"duration":3}}]},"49049f5beed3c5f97e0c6ca1fac56451":{"statistic":{"failed":0,"broken":0,"skipped":0,"passed":1,"unknown":0,"total":1},"items":[{"uid":"62f59069c14809b5","status":"passed","time":{"start":1758533426663,"stop":1758533427670,"duration":1007}}]},"066f85e621c590cb19ddf98aa4e219ec":{"statistic":{"failed":0,"broken":1,"skipped":0,"passed":0,"unknown":0,"total":1},"items":[{"uid":"7f98fba01c594feb","status":"broken","statusDetails":"requests.exceptions.ProxyError: HTTPSConnectionPool(host='minicourse.test.venhalo.com', port=443): Max retries exceeded with url: /api/v1/payment/wx/trade123 (Caused by ProxyError('Unable to connect to proxy', SSLError(SSLEOFError(8, 'EOF occurred in violation of protocol (_ssl.c:1129)'))))","time":{"start":1758533418433,"stop":1758533418442,"duration":9}}]},"de42a53b828fe287fca5fcf2ab3774a8":{"statistic":{"failed":0,"broken":1,"skipped":0,"passed":0,"unknown":0,"total":1},"items":[{"uid":"2178d45dc77e775d","status":"broken","statusDetails":"requests.exceptions.ProxyError: HTTPSConnectionPool(host='minicourse.test.venhalo.com', port=443): Max retries exceeded with url: /api/v1/minicourse/course123 (Caused by ProxyError('Unable to connect to proxy', SSLError(SSLEOFError(8, 'EOF occurred in violation of protocol (_ssl.c:1129)'))))","time":{"start":1758533417826,"stop":1758533417835,"duration":9}}]},"0529833087942676a0127cf1ed11dd55":{"statistic":{"failed":0,"broken":1,"skipped":0,"passed":0,"unknown":0,"total":1},"items":[{"uid":"29ac734c8bce6c0f","status":"broken","statusDetails":"requests.exceptions.ProxyError: HTTPSConnectionPool(host='minicourse.test.venhalo.com', port=443): Max retries exceeded with url: /api/v1/minicourse/invalid_id (Caused by ProxyError('Unable to connect to proxy', SSLError(SSLEOFError(8, 'EOF occurred in violation of protocol (_ssl.c:1129)'))))","time":{"start":1758533417859,"stop":1758533417868,"duration":9}}]},"0ab7768fc04af9ed35526c080b292c6c":{"statistic":{"failed":0,"broken":1,"skipped":0,"passed":0,"unknown":0,"total":1},"items":[{"uid":"db36f8fd308c9841","status":"broken","statusDetails":"requests.exceptions.ProxyError: HTTPSConnectionPool(host='minicourse.test.venhalo.com', port=443): Max retries exceeded with url: /api/v1/family/stu/student123 (Caused by ProxyError('Unable to connect to proxy', SSLError(SSLEOFError(8, 'EOF occurred in violation of protocol (_ssl.c:1129)'))))","time":{"start":1758533418955,"stop":1758533418965,"duration":10}}]},"0a9d7077e9f80209f2f9c984bbdebe8b":{"statistic":{"failed":0,"broken":1,"skipped":0,"passed":0,"unknown":0,"total":1},"items":[{"uid":"44bbcf3b6ccf2d87","status":"broken","statusDetails":"requests.exceptions.ProxyError: HTTPSConnectionPool(host='minicourse.test.venhalo.com', port=443): Max retries exceeded with url: /api/v1/situation/end (Caused by ProxyError('Unable to connect to proxy', SSLError(SSLEOFError(8, 'EOF occurred in violation of protocol (_ssl.c:1129)'))))","time":{"start":1758533418025,"stop":1758533418034,"duration":9}}]},"dbf87d0f6b300003bb18dddca41b4d2e":{"statistic":{"failed":0,"broken":1,"skipped":0,"passed":0,"unknown":0,"total":1},"items":[{"uid":"493ad80f25d3a5e9","status":"broken","statusDetails":"requests.exceptions.ProxyError: HTTPSConnectionPool(host='minicourse.test.venhalo.com', port=443): Max retries exceeded with url: /api/v1/user/stu (Caused by ProxyError('Unable to connect to proxy', SSLError(SSLEOFError(8, 'EOF occurred in violation of protocol (_ssl.c:1129)'))))","time":{"start":1758533416870,"stop":1758533416880,"duration":10}}]},"d966f5a7237c627c72a354342c12fe38":{"statistic":{"failed":0,"broken":0,"skipped":0,"passed":1,"unknown":0,"total":1},"items":[{"uid":"98602af47e786082","status":"passed","time":{"start":1758533419327,"stop":1758533420749,"duration":1422}}]},"42d75d0adf87b04712785ecac22e970e":{"statistic":{"failed":0,"broken":1,"skipped":0,"passed":0,"unknown":0,"total":1},"items":[{"uid":"7f9613de1efe77e4","status":"broken","statusDetails":"AttributeError: 'NoneType' object has no attribute 'status_code'","time":{"start":1758533417977,"stop":1758533417978,"duration":1}}]},"8125374836e5f57fddaa3ce7057d9d18":{"statistic":{"failed":0,"broken":1,"skipped":0,"passed":0,"unknown":0,"total":1},"items":[{"uid":"fbfb482700687095","status":"broken","statusDetails":"requests.exceptions.ProxyError: HTTPSConnectionPool(host='minicourse.test.venhalo.com', port=443): Max retries exceeded with url: /api/v1/auth/wx/login (Caused by ProxyError('Unable to connect to proxy', SSLError(SSLEOFError(8, 'EOF occurred in violation of protocol (_ssl.c:1129)'))))","time":{"start":1758533417111,"stop":1758533417120,"duration":9}}]},"f082c34a63685abbbb9f2ef909ca0677":{"statistic":{"failed":0,"broken":1,"skipped":0,"passed":0,"unknown":0,"total":1},"items":[{"uid":"673dfdcfe9c794ac","status":"broken","statusDetails":"requests.exceptions.ProxyError: HTTPSConnectionPool(host='minicourse.test.venhalo.com', port=443): Max retries exceeded with url: /api/v1/auth/dy/login (Caused by ProxyError('Unable to connect to proxy', SSLError(SSLEOFError(8, 'EOF occurred in violation of protocol (_ssl.c:1129)'))))","time":{"start":1758533417245,"stop":1758533417254,"duration":9}}]},"7914bfed53afa0a39cfb5a54ecca1248":{"statistic":{"failed":1,"broken":0,"skipped":0,"passed":0,"unknown":0,"total":1},"items":[{"uid":"90e5425c02a64c29","status":"failed","statusDetails":"AssertionError","time":{"start":1758533452558,"stop":1758533453512,"duration":954}}]},"53cc63bfddd4c28af8c9deeafd79f1e9":{"statistic":{"failed":0,"broken":1,"skipped":0,"passed":0,"unknown":0,"total":1},"items":[{"uid":"df8317d1c5a53fd4","status":"broken","statusDetails":"requests.exceptions.ProxyError: HTTPSConnectionPool(host='minicourse.test.venhalo.com', port=443): Max retries exceeded with url: /api/v1/auth/verification/code (Caused by ProxyError('Unable to connect to proxy', SSLError(SSLEOFError(8, 'EOF occurred in violation of protocol (_ssl.c:1129)'))))","time":{"start":1758533417442,"stop":1758533417451,"duration":9}}]},"642a167e2646ab38a60f7910a34f3069":{"statistic":{"failed":0,"broken":1,"skipped":0,"passed":0,"unknown":0,"total":1},"items":[{"uid":"52f137e8e5cb9df1","status":"broken","statusDetails":"requests.exceptions.ProxyError: HTTPSConnectionPool(host='minicourse.test.venhalo.com', port=443): Max retries exceeded with url: /api/v1/minicourse/stu/list (Caused by ProxyError('Unable to connect to proxy', SSLError(SSLEOFError(8, 'EOF occurred in violation of protocol (_ssl.c:1129)'))))","time":{"start":1758533417698,"stop":1758533417707,"duration":9}}]},"9a4a8f94bfbcd3f462a7193ba17ac3dc":{"statistic":{"failed":0,"broken":1,"skipped":0,"passed":0,"unknown":0,"total":1},"items":[{"uid":"3150b929db98b41c","status":"broken","statusDetails":"json.decoder.JSONDecodeError: Expecting value: line 1 column 15 (char 14)","time":{"start":1758533436179,"stop":1758533436182,"duration":3}}]},"f8bca9222ff4be5af7919f2b7478bebf":{"statistic":{"failed":0,"broken":1,"skipped":0,"passed":0,"unknown":0,"total":1},"items":[{"uid":"bcd1f2a6caad709d","status":"broken","statusDetails":"AttributeError: 'NoneType' object has no attribute 'status_code'","time":{"start":1758533418393,"stop":1758533418395,"duration":2}}]},"0d2e9f8ed8b085f2eda68942c259cd3a":{"statistic":{"failed":0,"broken":1,"skipped":0,"passed":0,"unknown":0,"total":1},"items":[{"uid":"d0b01117e55b9367","status":"broken","statusDetails":"requests.exceptions.ProxyError: HTTPSConnectionPool(host='minicourse.test.venhalo.com', port=443): Max retries exceeded with url: /api/v1/order/list (Caused by ProxyError('Unable to connect to proxy', SSLError(SSLEOFError(8, 'EOF occurred in violation of protocol (_ssl.c:1129)'))))","time":{"start":1758533418174,"stop":1758533418183,"duration":9}}]},"501acff36719c8a3bdd3ad1a64c90029":{"statistic":{"failed":0,"broken":1,"skipped":0,"passed":0,"unknown":0,"total":1},"items":[{"uid":"6ceb3797ca5adf48","status":"broken","statusDetails":"requests.exceptions.ProxyError: HTTPSConnectionPool(host='minicourse.test.venhalo.com', port=443): Max retries exceeded with url: /api/v1/minicourse/par/list (Caused by ProxyError('Unable to connect to proxy', SSLError(SSLEOFError(8, 'EOF occurred in violation of protocol (_ssl.c:1129)'))))","time":{"start":1758533417585,"stop":1758533417594,"duration":9}}]},"729512e217c57be57ed2a05cfcbfc113":{"statistic":{"failed":1,"broken":0,"skipped":0,"passed":0,"unknown":0,"total":1},"items":[{"uid":"50466d04f15dd9f1","status":"failed","statusDetails":"AssertionError","time":{"start":1758533446767,"stop":1758533449340,"duration":2573}}]},"d1ec6d9d7de0a49290a9ccd44a366a03":{"statistic":{"failed":0,"broken":1,"skipped":0,"passed":0,"unknown":0,"total":1},"items":[{"uid":"81fe9f1d7ca71680","status":"broken","statusDetails":"AttributeError: 'NoneType' object has no attribute 'status_code'","time":{"start":1758533418586,"stop":1758533418588,"duration":2}}]},"fd4d114ddb6b410a0eac18d0c908dfa3":{"statistic":{"failed":0,"broken":1,"skipped":0,"passed":0,"unknown":0,"total":1},"items":[{"uid":"2c3749fa33f487cb","status":"broken","statusDetails":"requests.exceptions.ProxyError: HTTPSConnectionPool(host='minicourse.test.venhalo.com', port=443): Max retries exceeded with url: /api/v1/situation/student (Caused by ProxyError('Unable to connect to proxy', SSLError(SSLEOFError(8, 'EOF occurred in violation of protocol (_ssl.c:1129)'))))","time":{"start":1758533417891,"stop":1758533417900,"duration":9}}]},"e91917a9e229fef48d12b24e7f5678e1":{"statistic":{"failed":0,"broken":1,"skipped":0,"passed":0,"unknown":0,"total":1},"items":[{"uid":"ca4f46a52996393a","status":"broken","statusDetails":"requests.exceptions.ProxyError: HTTPSConnectionPool(host='minicourse.test.venhalo.com', port=443): Max retries exceeded with url: /api/v1/situation/student (Caused by ProxyError('Unable to connect to proxy', SSLError(SSLEOFError(8, 'EOF occurred in violation of protocol (_ssl.c:1129)'))))","time":{"start":1758533417923,"stop":1758533417932,"duration":9}}]},"4baa70688e3182922e985134fb522149":{"statistic":{"failed":0,"broken":1,"skipped":0,"passed":0,"unknown":0,"total":1},"items":[{"uid":"ab31c43404c4dc60","status":"broken","statusDetails":"requests.exceptions.ProxyError: HTTPSConnectionPool(host='minicourse.test.venhalo.com', port=443): Max retries exceeded with url: /api/v1/order/invalid_id (Caused by ProxyError('Unable to connect to proxy', SSLError(SSLEOFError(8, 'EOF occurred in violation of protocol (_ssl.c:1129)'))))","time":{"start":1758533418277,"stop":1758533418286,"duration":9}}]},"e3a4292da67ec7d8fab6fc0269c26498":{"statistic":{"failed":0,"broken":1,"skipped":0,"passed":0,"unknown":0,"total":1},"items":[{"uid":"4b150f6671005f7c","status":"broken","statusDetails":"requests.exceptions.ProxyError: HTTPSConnectionPool(host='minicourse.test.venhalo.com', port=443): Max retries exceeded with url: /api/v1/auth/verification/code (Caused by ProxyError('Unable to connect to proxy', SSLError(SSLEOFError(8, 'EOF occurred in violation of protocol (_ssl.c:1129)'))))","time":{"start":1758533419038,"stop":1758533419046,"duration":8}}]},"dd535700e88b76b52cf96d9b34bc38d5":{"statistic":{"failed":0,"broken":1,"skipped":0,"passed":0,"unknown":0,"total":1},"items":[{"uid":"e95bc5ee77065e23","status":"broken","statusDetails":"requests.exceptions.ProxyError: HTTPSConnectionPool(host='minicourse.test.venhalo.com', port=443): Max retries exceeded with url: /api/v1/order/list (Caused by ProxyError('Unable to connect to proxy', SSLError(SSLEOFError(8, 'EOF occurred in violation of protocol (_ssl.c:1129)'))))","time":{"start":1758533418208,"stop":1758533418217,"duration":9}}]},"6df7fa86ff73efb6d762771d4f7a92a7":{"statistic":{"failed":0,"broken":1,"skipped":0,"passed":0,"unknown":0,"total":1},"items":[{"uid":"aa4d40cc81605dd0","status":"broken","statusDetails":"requests.exceptions.ProxyError: HTTPSConnectionPool(host='minicourse.test.venhalo.com', port=443): Max retries exceeded with url: /api/v1/auth/verification/verify (Caused by ProxyError('Unable to connect to proxy', SSLError(SSLEOFError(8, 'EOF occurred in violation of protocol (_ssl.c:1129)'))))","time":{"start":1758533419070,"stop":1758533419085,"duration":15}}]},"610782764869b668ac89fa3c6e8dde3c":{"statistic":{"failed":0,"broken":0,"skipped":0,"passed":1,"unknown":0,"total":1},"items":[{"uid":"7066f4e1851f606","status":"passed","time":{"start":1758533438397,"stop":1758533440451,"duration":2054}}]},"f0ac8f6baef08f3b0af4863f83e0df40":{"statistic":{"failed":0,"broken":1,"skipped":0,"passed":0,"unknown":0,"total":1},"items":[{"uid":"f4de7c4cda6cb164","status":"broken","statusDetails":"requests.exceptions.ProxyError: HTTPSConnectionPool(host='minicourse.test.venhalo.com', port=443): Max retries exceeded with url: /api/v1/auth/verification/verify (Caused by ProxyError('Unable to connect to proxy', SSLError(SSLEOFError(8, 'EOF occurred in violation of protocol (_ssl.c:1129)'))))","time":{"start":1758533417473,"stop":1758533417483,"duration":10}}]},"d006eed64a33be4e9a45aaa89118e88f":{"statistic":{"failed":0,"broken":1,"skipped":0,"passed":0,"unknown":0,"total":1},"items":[{"uid":"cb9a6dd5bca8013","status":"broken","statusDetails":"requests.exceptions.ProxyError: HTTPSConnectionPool(host='minicourse.test.venhalo.com', port=443): Max retries exceeded with url: /api/v1/auth/wx/phone (Caused by ProxyError('Unable to connect to proxy', SSLError(SSLEOFError(8, 'EOF occurred in violation of protocol (_ssl.c:1129)'))))","time":{"start":1758533417146,"stop":1758533417157,"duration":11}}]},"ee19e6574247b2ec785e91a61ca2b597":{"statistic":{"failed":0,"broken":1,"skipped":0,"passed":0,"unknown":0,"total":1},"items":[{"uid":"514d9009108c45b5","status":"broken","statusDetails":"requests.exceptions.ProxyError: HTTPSConnectionPool(host='minicourse.test.venhalo.com', port=443): Max retries exceeded with url: /api/v1/auth/dy/login (Caused by ProxyError('Unable to connect to proxy', SSLError(SSLEOFError(8, 'EOF occurred in violation of protocol (_ssl.c:1129)'))))","time":{"start":1758533417297,"stop":1758533417305,"duration":8}}]},"fd2215e3a250832d20a5c6e61d1cd1ba":{"statistic":{"failed":0,"broken":0,"skipped":0,"passed":1,"unknown":0,"total":1},"items":[{"uid":"cfac6d2606fdc1c2","status":"passed","time":{"start":1758533421777,"stop":1758533422968,"duration":1191}}]},"168b18b260ffd4be9b1bca5bcdb2dc3c":{"statistic":{"failed":0,"broken":1,"skipped":0,"passed":0,"unknown":0,"total":1},"items":[{"uid":"373aa3ede4ef370e","status":"broken","statusDetails":"requests.exceptions.ProxyError: HTTPSConnectionPool(host='minicourse.test.venhalo.com', port=443): Max retries exceeded with url: /api/v1/user/stu (Caused by ProxyError('Unable to connect to proxy', SSLError(SSLEOFError(8, 'EOF occurred in violation of protocol (_ssl.c:1129)'))))","time":{"start":1758533418710,"stop":1758533418718,"duration":8}}]},"eaeb52edd0f943783ef2684114498012":{"statistic":{"failed":0,"broken":1,"skipped":0,"passed":0,"unknown":0,"total":1},"items":[{"uid":"c436b8c5c1c9aaab","status":"broken","statusDetails":"requests.exceptions.ProxyError: HTTPSConnectionPool(host='minicourse.test.venhalo.com', port=443): Max retries exceeded with url: /api/v1/auth/wx/login (Caused by ProxyError('Unable to connect to proxy', SSLError(SSLEOFError(8, 'EOF occurred in violation of protocol (_ssl.c:1129)'))))","time":{"start":1758533417021,"stop":1758533417030,"duration":9}}]},"25b7171862d0e74a4e392fca98c8825e":{"statistic":{"failed":0,"broken":1,"skipped":0,"passed":0,"unknown":0,"total":1},"items":[{"uid":"3d3ea1eb2780e43c","status":"broken","statusDetails":"requests.exceptions.ProxyError: HTTPSConnectionPool(host='minicourse.test.venhalo.com', port=443): Max retries exceeded with url: /api/v1/minicourse/recommendation (Caused by ProxyError('Unable to connect to proxy', SSLError(SSLEOFError(8, 'EOF occurred in violation of protocol (_ssl.c:1129)'))))","time":{"start":1758533417740,"stop":1758533417749,"duration":9}}]},"773f68dec477aa1cdb61e3a788f54e5d":{"statistic":{"failed":0,"broken":1,"skipped":0,"passed":0,"unknown":0,"total":1},"items":[{"uid":"62586c87c21cbd22","status":"broken","statusDetails":"requests.exceptions.ProxyError: HTTPSConnectionPool(host='minicourse.test.venhalo.com', port=443): Max retries exceeded with url: /api/v1/interaction/message (Caused by ProxyError('Unable to connect to proxy', SSLError(SSLEOFError(8, 'EOF occurred in violation of protocol (_ssl.c:1129)'))))","time":{"start":1758533418092,"stop":1758533418101,"duration":9}}]},"b17cb2cc8122c62e68fc92fc6bb4de33":{"statistic":{"failed":0,"broken":1,"skipped":0,"passed":0,"unknown":0,"total":1},"items":[{"uid":"74225454f998f63e","status":"broken","statusDetails":"requests.exceptions.ProxyError: HTTPSConnectionPool(host='minicourse.test.venhalo.com', port=443): Max retries exceeded with url: /api/v1/auth/dy/login (Caused by ProxyError('Unable to connect to proxy', SSLError(SSLEOFError(8, 'EOF occurred in violation of protocol (_ssl.c:1129)'))))","time":{"start":1758533417329,"stop":1758533417338,"duration":9}}]},"b642abf7741d198c817620781caa81a1":{"statistic":{"failed":0,"broken":1,"skipped":0,"passed":0,"unknown":0,"total":1},"items":[{"uid":"56bba38d555742ea","status":"broken","statusDetails":"requests.exceptions.ProxyError: HTTPSConnectionPool(host='minicourse.test.venhalo.com', port=443): Max retries exceeded with url: /api/v1/user/par (Caused by ProxyError('Unable to connect to proxy', SSLError(SSLEOFError(8, 'EOF occurred in violation of protocol (_ssl.c:1129)'))))","time":{"start":1758533418625,"stop":1758533418634,"duration":9}}]},"d30361be2751142c55d3fdc549d565d0":{"statistic":{"failed":0,"broken":0,"skipped":0,"passed":1,"unknown":0,"total":1},"items":[{"uid":"5d36169511fd493a","status":"passed","time":{"start":1758533425654,"stop":1758533426661,"duration":1007}}]},"e4d1dfb2e540262205659aad919e5c9b":{"statistic":{"failed":0,"broken":1,"skipped":0,"passed":0,"unknown":0,"total":1},"items":[{"uid":"c855d14955727e71","status":"broken","statusDetails":"requests.exceptions.ProxyError: HTTPSConnectionPool(host='minicourse.test.venhalo.com', port=443): Max retries exceeded with url: /api/v1/family/stu/invalid_id (Caused by ProxyError('Unable to connect to proxy', SSLError(SSLEOFError(8, 'EOF occurred in violation of protocol (_ssl.c:1129)'))))","time":{"start":1758533418990,"stop":1758533418998,"duration":8}}]},"c79a7509d8aa468163064d0e9a29c7b0":{"statistic":{"failed":0,"broken":1,"skipped":0,"passed":0,"unknown":0,"total":1},"items":[{"uid":"d7fdb33c8e7bca3a","status":"broken","statusDetails":"requests.exceptions.ProxyError: HTTPSConnectionPool(host='minicourse.test.venhalo.com', port=443): Max retries exceeded with url: /api/v1/payment/wx/refund (Caused by ProxyError('Unable to connect to proxy', SSLError(SSLEOFError(8, 'EOF occurred in violation of protocol (_ssl.c:1129)'))))","time":{"start":1758533418520,"stop":1758533418529,"duration":9}}]},"8e19403473a54ed3201bb00bb985bebe":{"statistic":{"failed":0,"broken":1,"skipped":0,"passed":0,"unknown":0,"total":1},"items":[{"uid":"2318c5cb527215e7","status":"broken","statusDetails":"requests.exceptions.ProxyError: HTTPSConnectionPool(host='minicourse.test.venhalo.com', port=443): Max retries exceeded with url: /api/v1/interaction/message (Caused by ProxyError('Unable to connect to proxy', SSLError(SSLEOFError(8, 'EOF occurred in violation of protocol (_ssl.c:1129)'))))","time":{"start":1758533418059,"stop":1758533418068,"duration":9}}]},"928a99800599d31190430f44b4397a8e":{"statistic":{"failed":0,"broken":1,"skipped":0,"passed":0,"unknown":0,"total":1},"items":[{"uid":"a1b3f42bc367f327","status":"broken","statusDetails":"requests.exceptions.ProxyError: HTTPSConnectionPool(host='minicourse.test.venhalo.com', port=443): Max retries exceeded with url: /api/v1/payment/wx/creation (Caused by ProxyError('Unable to connect to proxy', SSLError(SSLEOFError(8, 'EOF occurred in violation of protocol (_ssl.c:1129)'))))","time":{"start":1758533418360,"stop":1758533418369,"duration":9}}]},"520e9066ba5599c1ce17fcbac981c1e2":{"statistic":{"failed":0,"broken":0,"skipped":0,"passed":1,"unknown":0,"total":1},"items":[{"uid":"24b32136fe5efe35","status":"passed","time":{"start":1758533440452,"stop":1758533441446,"duration":994}}]},"bc12f50ffdbdea481b7b1526569b44a1":{"statistic":{"failed":0,"broken":1,"skipped":0,"passed":0,"unknown":0,"total":1},"items":[{"uid":"ca4f5855e0d6cdab","status":"broken","statusDetails":"TypeError: the JSON object must be str, bytes or bytearray, not NoneType","time":{"start":1758533417732,"stop":1758533417733,"duration":1}}]},"7d685af5a2f83414b7d7dfe59c0298a2":{"statistic":{"failed":1,"broken":0,"skipped":0,"passed":0,"unknown":0,"total":1},"items":[{"uid":"ef969539072b38d7","status":"failed","statusDetails":"AssertionError","time":{"start":1758533431381,"stop":1758533436169,"duration":4788}}]},"65bd7a9d96d9ea99dce252c0e814b281":{"statistic":{"failed":0,"broken":1,"skipped":0,"passed":0,"unknown":0,"total":1},"items":[{"uid":"286485b96717241b","status":"broken","statusDetails":"requests.exceptions.ProxyError: HTTPSConnectionPool(host='minicourse.test.venhalo.com', port=443): Max retries exceeded with url: /api/v1/auth/wx/phone (Caused by ProxyError('Unable to connect to proxy', SSLError(SSLEOFError(8, 'EOF occurred in violation of protocol (_ssl.c:1129)'))))","time":{"start":1758533417213,"stop":1758533417222,"duration":9}}]},"06c5c1865e99ec46c1e16639718bb07d":{"statistic":{"failed":1,"broken":0,"skipped":0,"passed":0,"unknown":0,"total":1},"items":[{"uid":"ef68cf816df75895","status":"failed","statusDetails":"AssertionError","time":{"start":1758533443904,"stop":1758533446746,"duration":2842}}]},"3412236ba38063ca61679b29764ca400":{"statistic":{"failed":0,"broken":1,"skipped":0,"passed":0,"unknown":0,"total":1},"items":[{"uid":"636f47c13375e94b","status":"broken","statusDetails":"requests.exceptions.ProxyError: HTTPSConnectionPool(host='minicourse.test.venhalo.com', port=443): Max retries exceeded with url: /api/v1/auth/dy/phone (Caused by ProxyError('Unable to connect to proxy', SSLError(SSLEOFError(8, 'EOF occurred in violation of protocol (_ssl.c:1129)'))))","time":{"start":1758533417397,"stop":1758533417405,"duration":8}}]},"c3464357831b68644d97c474ca88d134":{"statistic":{"failed":0,"broken":1,"skipped":0,"passed":0,"unknown":0,"total":1},"items":[{"uid":"479871cdfa4ffb42","status":"broken","statusDetails":"requests.exceptions.ProxyError: HTTPSConnectionPool(host='minicourse.test.venhalo.com', port=443): Max retries exceeded with url: /api/v1/minicourse/list (Caused by ProxyError('Unable to connect to proxy', SSLError(SSLEOFError(8, 'EOF occurred in violation of protocol (_ssl.c:1129)'))))","time":{"start":1758533417551,"stop":1758533417560,"duration":9}}]},"f976e5bd4fd3652fd3c15c2fd36d3c3e":{"statistic":{"failed":1,"broken":0,"skipped":0,"passed":0,"unknown":0,"total":1},"items":[{"uid":"45b1e6518ed401fa","status":"failed","statusDetails":"AssertionError","time":{"start":1758533449349,"stop":1758533452549,"duration":3200}}]},"96a139b9a9d4faee3b68e6ec491cedf6":{"statistic":{"failed":0,"broken":1,"skipped":0,"passed":0,"unknown":0,"total":1},"items":[{"uid":"84209a9e3f70ace2","status":"broken","statusDetails":"requests.exceptions.ProxyError: HTTPSConnectionPool(host='minicourse.test.venhalo.com', port=443): Max retries exceeded with url: /api/v1/family/bind/stu (Caused by ProxyError('Unable to connect to proxy', SSLError(SSLEOFError(8, 'EOF occurred in violation of protocol (_ssl.c:1129)'))))","time":{"start":1758533418854,"stop":1758533418862,"duration":8}}]},"0d1cbaf557b3adcf7eb334e6bfd8a688":{"statistic":{"failed":0,"broken":1,"skipped":0,"passed":0,"unknown":0,"total":1},"items":[{"uid":"e1fb930a57a46dc6","status":"broken","statusDetails":"requests.exceptions.ProxyError: HTTPSConnectionPool(host='minicourse.test.venhalo.com', port=443): Max retries exceeded with url: /api/v1/situation/end (Caused by ProxyError('Unable to connect to proxy', SSLError(SSLEOFError(8, 'EOF occurred in violation of protocol (_ssl.c:1129)'))))","time":{"start":1758533417991,"stop":1758533418000,"duration":9}}]},"32284fcb1718e46320fd7df7901e14a3":{"statistic":{"failed":0,"broken":1,"skipped":0,"passed":0,"unknown":0,"total":1},"items":[{"uid":"c5e001974a3c25c4","status":"broken","statusDetails":"requests.exceptions.ProxyError: HTTPSConnectionPool(host='minicourse.test.venhalo.com', port=443): Max retries exceeded with url: /api/v1/auth/wx/phone (Caused by ProxyError('Unable to connect to proxy', SSLError(SSLEOFError(8, 'EOF occurred in violation of protocol (_ssl.c:1129)'))))","time":{"start":1758533417182,"stop":1758533417190,"duration":8}}]},"8adbdb2e5c547b710c6e484ac75ce159":{"statistic":{"failed":0,"broken":1,"skipped":0,"passed":0,"unknown":0,"total":1},"items":[{"uid":"a5accc50530d322","status":"broken","statusDetails":"requests.exceptions.ProxyError: HTTPSConnectionPool(host='minicourse.test.venhalo.com', port=443): Max retries exceeded with url: /api/v1/minicourse/par/list (Caused by ProxyError('Unable to connect to proxy', SSLError(SSLEOFError(8, 'EOF occurred in violation of protocol (_ssl.c:1129)'))))","time":{"start":1758533417667,"stop":1758533417676,"duration":9}}]},"8767145474fdc0cca225dcafd5c70332":{"statistic":{"failed":1,"broken":0,"skipped":0,"passed":0,"unknown":0,"total":1},"items":[{"uid":"6e1bfd49fe50f672","status":"failed","statusDetails":"AssertionError","time":{"start":1758533441449,"stop":1758533442446,"duration":997}}]},"45e2c3d43a9f69a63b8c27b009462f10":{"statistic":{"failed":0,"broken":1,"skipped":0,"passed":0,"unknown":0,"total":1},"items":[{"uid":"5628604ca5dde722","status":"broken","statusDetails":"requests.exceptions.ProxyError: HTTPSConnectionPool(host='minicourse.test.venhalo.com', port=443): Max retries exceeded with url: /api/v1/family/bind/stu (Caused by ProxyError('Unable to connect to proxy', SSLError(SSLEOFError(8, 'EOF occurred in violation of protocol (_ssl.c:1129)'))))","time":{"start":1758533418806,"stop":1758533418814,"duration":8}}]},"ab89333912989491287dc93fcc3f8277":{"statistic":{"failed":0,"broken":1,"skipped":0,"passed":0,"unknown":0,"total":1},"items":[{"uid":"ccb537ae8998450c","status":"broken","statusDetails":"requests.exceptions.ProxyError: HTTPSConnectionPool(host='minicourse.test.venhalo.com', port=443): Max retries exceeded with url: /api/v1/minicourse/mall (Caused by ProxyError('Unable to connect to proxy', SSLError(SSLEOFError(8, 'EOF occurred in violation of protocol (_ssl.c:1129)'))))","time":{"start":1758533417775,"stop":1758533417784,"duration":9}}]},"b1f1a3a1c2c51ced737286bd18af9004":{"statistic":{"failed":0,"broken":1,"skipped":0,"passed":0,"unknown":0,"total":1},"items":[{"uid":"eef77fd70a5a97c2","status":"broken","statusDetails":"requests.exceptions.ProxyError: HTTPSConnectionPool(host='minicourse.test.venhalo.com', port=443): Max retries exceeded with url: /api/v1/family/bind/stu (Caused by ProxyError('Unable to connect to proxy', SSLError(SSLEOFError(8, 'EOF occurred in violation of protocol (_ssl.c:1129)'))))","time":{"start":1758533419113,"stop":1758533419122,"duration":9}}]},"438e5101985516e04d9348b8f7fb87c9":{"statistic":{"failed":0,"broken":1,"skipped":0,"passed":0,"unknown":0,"total":1},"items":[{"uid":"73359af10462a0ff","status":"broken","statusDetails":"requests.exceptions.ProxyError: HTTPSConnectionPool(host='minicourse.test.venhalo.com', port=443): Max retries exceeded with url: /api/v1/auth/dy/phone (Caused by ProxyError('Unable to connect to proxy', SSLError(SSLEOFError(8, 'EOF occurred in violation of protocol (_ssl.c:1129)'))))","time":{"start":1758533417363,"stop":1758533417372,"duration":9}}]},"c5f59c7acfff979d77d7f6eebefc3a26":{"statistic":{"failed":0,"broken":0,"skipped":0,"passed":1,"unknown":0,"total":1},"items":[{"uid":"2dda5715c5124f28","status":"passed","time":{"start":1758533424076,"stop":1758533425652,"duration":1576}}]},"1342f6c337820e367d954c56af9de87d":{"statistic":{"failed":0,"broken":1,"skipped":0,"passed":0,"unknown":0,"total":1},"items":[{"uid":"d4421654185f0bc","status":"broken","statusDetails":"requests.exceptions.ProxyError: HTTPSConnectionPool(host='minicourse.test.venhalo.com', port=443): Max retries exceeded with url: /api/v1/family/bind/par (Caused by ProxyError('Unable to connect to proxy', SSLError(SSLEOFError(8, 'EOF occurred in violation of protocol (_ssl.c:1129)'))))","time":{"start":1758533418742,"stop":1758533418751,"duration":9}}]},"829377f474a1c72c1a6269774d1760fb":{"statistic":{"failed":0,"broken":0,"skipped":0,"passed":1,"unknown":0,"total":1},"items":[{"uid":"849c8e852ed22448","status":"passed","time":{"start":1758533430211,"stop":1758533431378,"duration":1167}}]},"6fdc63f9f2588452d769c492042d215a":{"statistic":{"failed":0,"broken":1,"skipped":0,"passed":0,"unknown":0,"total":1},"items":[{"uid":"e72ab070149881cc","status":"broken","statusDetails":"requests.exceptions.ProxyError: HTTPSConnectionPool(host='minicourse.test.venhalo.com', port=443): Max retries exceeded with url: /api/v1/auth/verification/code (Caused by ProxyError('Unable to connect to proxy', SSLError(SSLEOFError(8, 'EOF occurred in violation of protocol (_ssl.c:1129)'))))","time":{"start":1758533416647,"stop":1758533416677,"duration":30}}]},"a8e8777c343a8059b3333b6925d6b3cc":{"statistic":{"failed":0,"broken":0,"skipped":0,"passed":1,"unknown":0,"total":1},"items":[{"uid":"a732b130e9c9c974","status":"passed","time":{"start":1758533422970,"stop":1758533424074,"duration":1104}}]},"b34fe0a969b460d7c9a3fba3b7e353fd":{"statistic":{"failed":0,"broken":1,"skipped":0,"passed":0,"unknown":0,"total":1},"items":[{"uid":"4fc523079a623e1","status":"broken","statusDetails":"requests.exceptions.ProxyError: HTTPSConnectionPool(host='minicourse.test.venhalo.com', port=443): Max retries exceeded with url: /api/v1/family/par/parent123 (Caused by ProxyError('Unable to connect to proxy', SSLError(SSLEOFError(8, 'EOF occurred in violation of protocol (_ssl.c:1129)'))))","time":{"start":1758533418887,"stop":1758533418897,"duration":10}}]},"8313a57e4bec3014239fe50cbf6d749a":{"statistic":{"failed":0,"broken":1,"skipped":0,"passed":0,"unknown":0,"total":1},"items":[{"uid":"5b639fd240910196","status":"broken","statusDetails":"requests.exceptions.ProxyError: HTTPSConnectionPool(host='minicourse.test.venhalo.com', port=443): Max retries exceeded with url: /api/v1/user/par (Caused by ProxyError('Unable to connect to proxy', SSLError(SSLEOFError(8, 'EOF occurred in violation of protocol (_ssl.c:1129)'))))","time":{"start":1758533419148,"stop":1758533419156,"duration":8}}]},"7f5d70c7d0a59fbeacfd343ece817675":{"statistic":{"failed":0,"broken":1,"skipped":0,"passed":0,"unknown":0,"total":1},"items":[{"uid":"c82ce2503ca650c5","status":"broken","statusDetails":"requests.exceptions.ProxyError: HTTPSConnectionPool(host='minicourse.test.venhalo.com', port=443): Max retries exceeded with url: /api/v1/family/stu/$%7BstudentId%7D (Caused by ProxyError('Unable to connect to proxy', SSLError(SSLEOFError(8, 'EOF occurred in violation of protocol (_ssl.c:1129)'))))","time":{"start":1758533419260,"stop":1758533419269,"duration":9}}]},"ec5b3f95c7e29fb01e614fcb437f24ab":{"statistic":{"failed":0,"broken":1,"skipped":0,"passed":0,"unknown":0,"total":1},"items":[{"uid":"2305a71fd228de8f","status":"broken","statusDetails":"requests.exceptions.ProxyError: HTTPSConnectionPool(host='minicourse.test.venhalo.com', port=443): Max retries exceeded with url: /api/v1/interaction/encouragement/student123 (Caused by ProxyError('Unable to connect to proxy', SSLError(SSLEOFError(8, 'EOF occurred in violation of protocol (_ssl.c:1129)'))))","time":{"start":1758533418124,"stop":1758533418134,"duration":10}}]},"d4bc95b3ca70aafafc9fe7dd5a4105d2":{"statistic":{"failed":0,"broken":1,"skipped":0,"passed":0,"unknown":0,"total":1},"items":[{"uid":"cce6c6f4adddc722","status":"broken","statusDetails":"requests.exceptions.ProxyError: HTTPSConnectionPool(host='minicourse.test.venhalo.com', port=443): Max retries exceeded with url: /api/v1/payment/wx/order123 (Caused by ProxyError('Unable to connect to proxy', SSLError(SSLEOFError(8, 'EOF occurred in violation of protocol (_ssl.c:1129)'))))","time":{"start":1758533418468,"stop":1758533418476,"duration":8}}]},"d4f739c56730b9ce8a2dafc9eafdfb6e":{"statistic":{"failed":0,"broken":1,"skipped":0,"passed":0,"unknown":0,"total":1},"items":[{"uid":"aa67c52d0bded037","status":"broken","statusDetails":"requests.exceptions.ProxyError: HTTPSConnectionPool(host='minicourse.test.venhalo.com', port=443): Max retries exceeded with url: /api/v1/family/bind/stu (Caused by ProxyError('Unable to connect to proxy', SSLError(SSLEOFError(8, 'EOF occurred in violation of protocol (_ssl.c:1129)'))))","time":{"start":1758533416800,"stop":1758533416808,"duration":8}}]},"d1666b98e8b3a6037588be71170f72e9":{"statistic":{"failed":0,"broken":1,"skipped":0,"passed":0,"unknown":0,"total":1},"items":[{"uid":"af1c1e9398667652","status":"broken","statusDetails":"requests.exceptions.ProxyError: HTTPSConnectionPool(host='minicourse.test.venhalo.com', port=443): Max retries exceeded with url: /api/v1/user/par (Caused by ProxyError('Unable to connect to proxy', SSLError(SSLEOFError(8, 'EOF occurred in violation of protocol (_ssl.c:1129)'))))","time":{"start":1758533416834,"stop":1758533416846,"duration":12}}]},"f15fc32760776ccda8bbfe156b5eeec5":{"statistic":{"failed":0,"broken":1,"skipped":0,"passed":0,"unknown":0,"total":1},"items":[{"uid":"417ba916e613a244","status":"broken","statusDetails":"requests.exceptions.ProxyError: HTTPSConnectionPool(host='minicourse.test.venhalo.com', port=443): Max retries exceeded with url: /api/v1/payment/wx/paysign/order123 (Caused by ProxyError('Unable to connect to proxy', SSLError(SSLEOFError(8, 'EOF occurred in violation of protocol (_ssl.c:1129)'))))","time":{"start":1758533418399,"stop":1758533418408,"duration":9}}]},"06b2a988fcab94bbd2524c668319210a":{"statistic":{"failed":0,"broken":1,"skipped":0,"passed":0,"unknown":0,"total":1},"items":[{"uid":"8d437cf87d00d99d","status":"broken","statusDetails":"requests.exceptions.ProxyError: HTTPSConnectionPool(host='minicourse.test.venhalo.com', port=443): Max retries exceeded with url: /api/v1/user/par (Caused by ProxyError('Unable to connect to proxy', SSLError(SSLEOFError(8, 'EOF occurred in violation of protocol (_ssl.c:1129)'))))","time":{"start":1758533418593,"stop":1758533418600,"duration":7}}]},"9b4c655619f363bb226d5a85c15c20da":{"statistic":{"failed":0,"broken":0,"skipped":0,"passed":1,"unknown":0,"total":1},"items":[{"uid":"bcfe9787cafeede6","status":"passed","time":{"start":1758533427672,"stop":1758533430208,"duration":2536}}]},"b32f5a5360f8c13fc2aa4e44d02d7c00":{"statistic":{"failed":0,"broken":1,"skipped":0,"passed":0,"unknown":0,"total":1},"items":[{"uid":"9f6beb549cd9bfee","status":"broken","statusDetails":"requests.exceptions.ProxyError: HTTPSConnectionPool(host='minicourse.test.venhalo.com', port=443): Max retries exceeded with url: /api/v1/user/par (Caused by ProxyError('Unable to connect to proxy', SSLError(SSLEOFError(8, 'EOF occurred in violation of protocol (_ssl.c:1129)'))))","time":{"start":1758533416923,"stop":1758533416932,"duration":9}}]},"49b4b1ac6d1276e24d4ef818d90fe91c":{"statistic":{"failed":0,"broken":1,"skipped":0,"passed":0,"unknown":0,"total":1},"items":[{"uid":"5e4d7cb96dded3ee","status":"broken","statusDetails":"requests.exceptions.ProxyError: HTTPSConnectionPool(host='minicourse.test.venhalo.com', port=443): Max retries exceeded with url: /api/v1/user/par (Caused by ProxyError('Unable to connect to proxy', SSLError(SSLEOFError(8, 'EOF occurred in violation of protocol (_ssl.c:1129)'))))","time":{"start":1758533416989,"stop":1758533416997,"duration":8}}]},"e831b760a547e1ff5fd179e5ce87cc39":{"statistic":{"failed":0,"broken":1,"skipped":0,"passed":0,"unknown":0,"total":1},"items":[{"uid":"6ad253c008463ec5","status":"broken","statusDetails":"AttributeError: 'NoneType' object has no attribute 'status_code'","time":{"start":1758533417984,"stop":1758533417985,"duration":1}}]},"e24b0764e1af5ecca5fed00be878fe5d":{"statistic":{"failed":0,"broken":0,"skipped":0,"passed":1,"unknown":0,"total":1},"items":[{"uid":"4724e8bf752225d1","status":"passed","time":{"start":1758533420750,"stop":1758533421775,"duration":1025}}]},"7b4dc2e9dd4f88eb7abac1fd6eb4adee":{"statistic":{"failed":0,"broken":1,"skipped":0,"passed":0,"unknown":0,"total":1},"items":[{"uid":"aecdb8f60864e820","status":"broken","statusDetails":"requests.exceptions.ProxyError: HTTPSConnectionPool(host='minicourse.test.venhalo.com', port=443): Max retries exceeded with url: /api/v1/auth/verification/verify (Caused by ProxyError('Unable to connect to proxy', SSLError(SSLEOFError(8, 'EOF occurred in violation of protocol (_ssl.c:1129)'))))","time":{"start":1758533416766,"stop":1758533416776,"duration":10}}]},"c89cb75c875f99997ec1af8b8c6ba6b7":{"statistic":{"failed":0,"broken":1,"skipped":0,"passed":0,"unknown":0,"total":1},"items":[{"uid":"b336d9195b6e1a29","status":"broken","statusDetails":"requests.exceptions.ProxyError: HTTPSConnectionPool(host='minicourse.test.venhalo.com', port=443): Max retries exceeded with url: /api/v1/user/stu (Caused by ProxyError('Unable to connect to proxy', SSLError(SSLEOFError(8, 'EOF occurred in violation of protocol (_ssl.c:1129)'))))","time":{"start":1758533419181,"stop":1758533419190,"duration":9}}]},"c522d38fda95d26239996a4323a78091":{"statistic":{"failed":0,"broken":0,"skipped":0,"passed":1,"unknown":0,"total":1},"items":[{"uid":"90b6f4e9b4b20e72","status":"passed","time":{"start":1758533436197,"stop":1758533438396,"duration":2199}}]},"301f43eb82dd8db1f2db4c81bce462f4":{"statistic":{"failed":0,"broken":1,"skipped":0,"passed":0,"unknown":0,"total":1},"items":[{"uid":"41fd6bc30f187eee","status":"broken","statusDetails":"requests.exceptions.ProxyError: HTTPSConnectionPool(host='minicourse.test.venhalo.com', port=443): Max retries exceeded with url: /api/v1/family/bind/par (Caused by ProxyError('Unable to connect to proxy', SSLError(SSLEOFError(8, 'EOF occurred in violation of protocol (_ssl.c:1129)'))))","time":{"start":1758533418774,"stop":1758533418783,"duration":9}}]},"e2d72b36700ea90ca92dcfc36e3c6506":{"statistic":{"failed":0,"broken":1,"skipped":0,"passed":0,"unknown":0,"total":1},"items":[{"uid":"e5b721070e92a91e","status":"broken","statusDetails":"TypeError: 'bool' object is not subscriptable","time":{"start":1758533442455,"stop":1758533443876,"duration":1421}}]}}