{"376da41409ee43b55e0bf5ab2fa8bb25":{"statistic":{"failed":0,"broken":0,"skipped":0,"passed":1,"unknown":0,"total":1},"items":[{"uid":"180874666ff70179","status":"passed","time":{"start":1758615911362,"stop":1758615911430,"duration":68}}]},"01ede886d7b5264d7d720909b1d3a963":{"statistic":{"failed":0,"broken":0,"skipped":0,"passed":1,"unknown":0,"total":1},"items":[{"uid":"5c9c0b72ad821aba","status":"passed","time":{"start":1758615910225,"stop":1758615910414,"duration":189}}]},"f797f156a5d65e5bff89490e4a457914":{"statistic":{"failed":0,"broken":0,"skipped":0,"passed":1,"unknown":0,"total":1},"items":[{"uid":"90d54b408103bf45","status":"passed","time":{"start":1758615907348,"stop":1758615907550,"duration":202}}]},"567de7de59797176ab2f836e5da46ed7":{"statistic":{"failed":0,"broken":0,"skipped":0,"passed":1,"unknown":0,"total":1},"items":[{"uid":"ae8e566e0ee4c394","status":"passed","time":{"start":1758615910511,"stop":1758615910546,"duration":35}}]},"f142b99f7261b7d773dfc266697344f5":{"statistic":{"failed":0,"broken":0,"skipped":0,"passed":1,"unknown":0,"total":1},"items":[{"uid":"68bda606967cb1c2","status":"passed","time":{"start":1758615910737,"stop":1758615910767,"duration":30}}]},"3833b8b7f4b6b0263206a0ac91e566d5":{"statistic":{"failed":0,"broken":0,"skipped":0,"passed":1,"unknown":0,"total":1},"items":[{"uid":"6f122057f44b0a9b","status":"passed","time":{"start":1758615906801,"stop":1758615906881,"duration":80}}]},"0cab22e6ccfb2e32d08ae3dc5bebadc3":{"statistic":{"failed":0,"broken":0,"skipped":0,"passed":1,"unknown":0,"total":1},"items":[{"uid":"8b37345093acb424","status":"passed","time":{"start":1758615908365,"stop":1758615908405,"duration":40}}]},"742e9a7c50e6009021495a25fe9abe13":{"statistic":{"failed":0,"broken":0,"skipped":0,"passed":1,"unknown":0,"total":1},"items":[{"uid":"5d6e7c86b098f706","status":"passed","time":{"start":1758615911219,"stop":1758615911286,"duration":67}}]},"a58fbd8b91fe5b7edbaca0cba24ad62c":{"statistic":{"failed":0,"broken":0,"skipped":0,"passed":1,"unknown":0,"total":1},"items":[{"uid":"d9272a290603d202","status":"passed","time":{"start":1758615908909,"stop":1758615909253,"duration":344}}]},"84682132783772e8f04792385b0d1345":{"statistic":{"failed":0,"broken":0,"skipped":0,"passed":1,"unknown":0,"total":1},"items":[{"uid":"a5c59fd2e38b1c31","status":"passed","time":{"start":1758615908258,"stop":1758615908293,"duration":35}}]},"cdd42865e24d5de245e8fbc3e22713b4":{"statistic":{"failed":0,"broken":0,"skipped":0,"passed":1,"unknown":0,"total":1},"items":[{"uid":"8dadce6bf0b32e4d","status":"passed","time":{"start":1758615908834,"stop":1758615908872,"duration":38}}]},"066f85e621c590cb19ddf98aa4e219ec":{"statistic":{"failed":0,"broken":0,"skipped":0,"passed":1,"unknown":0,"total":1},"items":[{"uid":"5c442c131c6ec784","status":"passed","time":{"start":1758615909521,"stop":1758615909624,"duration":103}}]},"0ab7768fc04af9ed35526c080b292c6c":{"statistic":{"failed":0,"broken":0,"skipped":0,"passed":1,"unknown":0,"total":1},"items":[{"uid":"62c2af04b2254a74","status":"passed","time":{"start":1758615910767,"stop":1758615910802,"duration":35}}]},"0a9d7077e9f80209f2f9c984bbdebe8b":{"statistic":{"failed":0,"broken":0,"skipped":0,"passed":1,"unknown":0,"total":1},"items":[{"uid":"8154f5969ecd2024","status":"passed","time":{"start":1758615908645,"stop":1758615908677,"duration":32}}]},"dbf87d0f6b300003bb18dddca41b4d2e":{"statistic":{"failed":0,"broken":0,"skipped":0,"passed":1,"unknown":0,"total":1},"items":[{"uid":"48610de006720a71","status":"passed","time":{"start":1758615906619,"stop":1758615906713,"duration":94}}]},"42d75d0adf87b04712785ecac22e970e":{"statistic":{"failed":0,"broken":1,"skipped":0,"passed":0,"unknown":0,"total":1},"items":[{"uid":"47fe18239d0cb6bd","status":"broken","statusDetails":"AttributeError: 'NoneType' object has no attribute 'status_code'","time":{"start":1758615908595,"stop":1758615908605,"duration":10}}]},"8125374836e5f57fddaa3ce7057d9d18":{"statistic":{"failed":0,"broken":0,"skipped":0,"passed":1,"unknown":0,"total":1},"items":[{"uid":"c6c8bde71c4bfeed","status":"passed","time":{"start":1758615907555,"stop":1758615907580,"duration":25}}]},"f082c34a63685abbbb9f2ef909ca0677":{"statistic":{"failed":0,"broken":0,"skipped":0,"passed":1,"unknown":0,"total":1},"items":[{"uid":"c888bade8ed0129","status":"passed","time":{"start":1758615907687,"stop":1758615907873,"duration":186}}]},"53cc63bfddd4c28af8c9deeafd79f1e9":{"statistic":{"failed":0,"broken":0,"skipped":0,"passed":1,"unknown":0,"total":1},"items":[{"uid":"eae462304f8b2ed6","status":"passed","time":{"start":1758615908138,"stop":1758615908177,"duration":39}}]},"642a167e2646ab38a60f7910a34f3069":{"statistic":{"failed":0,"broken":0,"skipped":0,"passed":1,"unknown":0,"total":1},"items":[{"uid":"3bcd86c549a4e7c8","status":"passed","time":{"start":1758615908435,"stop":1758615908461,"duration":26}}]},"f8bca9222ff4be5af7919f2b7478bebf":{"statistic":{"failed":0,"broken":1,"skipped":0,"passed":0,"unknown":0,"total":1},"items":[{"uid":"af32fdb073473c8c","status":"broken","statusDetails":"AttributeError: 'NoneType' object has no attribute 'status_code'","time":{"start":1758615909480,"stop":1758615909480,"duration":0}}]},"0d2e9f8ed8b085f2eda68942c259cd3a":{"statistic":{"failed":0,"broken":0,"skipped":0,"passed":1,"unknown":0,"total":1},"items":[{"uid":"7e16bc244472338a","status":"passed","time":{"start":1758615908776,"stop":1758615908804,"duration":28}}]},"501acff36719c8a3bdd3ad1a64c90029":{"statistic":{"failed":0,"broken":0,"skipped":0,"passed":1,"unknown":0,"total":1},"items":[{"uid":"df8fbba3b9e014bc","status":"passed","time":{"start":1758615908324,"stop":1758615908365,"duration":41}}]},"d1ec6d9d7de0a49290a9ccd44a366a03":{"statistic":{"failed":0,"broken":1,"skipped":0,"passed":0,"unknown":0,"total":1},"items":[{"uid":"1dc63acb7c117414","status":"broken","statusDetails":"AttributeError: 'NoneType' object has no attribute 'status_code'","time":{"start":1758615910414,"stop":1758615910414,"duration":0}}]},"fd4d114ddb6b410a0eac18d0c908dfa3":{"statistic":{"failed":0,"broken":0,"skipped":0,"passed":1,"unknown":0,"total":1},"items":[{"uid":"e8f0270a0f134bf4","status":"passed","time":{"start":1758615908539,"stop":1758615908564,"duration":25}}]},"e91917a9e229fef48d12b24e7f5678e1":{"statistic":{"failed":0,"broken":0,"skipped":0,"passed":1,"unknown":0,"total":1},"items":[{"uid":"9903e702e263c072","status":"passed","time":{"start":1758615908564,"stop":1758615908595,"duration":31}}]},"4baa70688e3182922e985134fb522149":{"statistic":{"failed":0,"broken":0,"skipped":0,"passed":1,"unknown":0,"total":1},"items":[{"uid":"32c12932a6a3fd09","status":"passed","time":{"start":1758615908874,"stop":1758615908909,"duration":35}}]},"e3a4292da67ec7d8fab6fc0269c26498":{"statistic":{"failed":0,"broken":0,"skipped":0,"passed":1,"unknown":0,"total":1},"items":[{"uid":"bef842b2e7197e28","status":"passed","time":{"start":1758615910844,"stop":1758615910880,"duration":36}}]},"6df7fa86ff73efb6d762771d4f7a92a7":{"statistic":{"failed":0,"broken":0,"skipped":0,"passed":1,"unknown":0,"total":1},"items":[{"uid":"acd8c318283d8f3e","status":"passed","time":{"start":1758615910886,"stop":1758615910967,"duration":81}}]},"dd535700e88b76b52cf96d9b34bc38d5":{"statistic":{"failed":0,"broken":0,"skipped":0,"passed":1,"unknown":0,"total":1},"items":[{"uid":"72ca2e1f238a7fc","status":"passed","time":{"start":1758615908804,"stop":1758615908834,"duration":30}}]},"f0ac8f6baef08f3b0af4863f83e0df40":{"statistic":{"failed":0,"broken":0,"skipped":0,"passed":1,"unknown":0,"total":1},"items":[{"uid":"6e02273f34f39f19","status":"passed","time":{"start":1758615908178,"stop":1758615908258,"duration":80}}]},"d006eed64a33be4e9a45aaa89118e88f":{"statistic":{"failed":0,"broken":0,"skipped":0,"passed":1,"unknown":0,"total":1},"items":[{"uid":"c468bf68d4ab8401","status":"passed","time":{"start":1758615907585,"stop":1758615907624,"duration":39}}]},"ee19e6574247b2ec785e91a61ca2b597":{"statistic":{"failed":0,"broken":0,"skipped":0,"passed":1,"unknown":0,"total":1},"items":[{"uid":"166603a99f8e06e","status":"passed","time":{"start":1758615907873,"stop":1758615908040,"duration":167}}]},"168b18b260ffd4be9b1bca5bcdb2dc3c":{"statistic":{"failed":0,"broken":0,"skipped":0,"passed":1,"unknown":0,"total":1},"items":[{"uid":"455ca23d8bcc066f","status":"passed","time":{"start":1758615910551,"stop":1758615910576,"duration":25}}]},"eaeb52edd0f943783ef2684114498012":{"statistic":{"failed":0,"broken":0,"skipped":0,"passed":1,"unknown":0,"total":1},"items":[{"uid":"8c492a5b462d3da9","status":"passed","time":{"start":1758615906960,"stop":1758615907348,"duration":388}}]},"773f68dec477aa1cdb61e3a788f54e5d":{"statistic":{"failed":0,"broken":0,"skipped":0,"passed":1,"unknown":0,"total":1},"items":[{"uid":"f9dd0ace6c1ebe0e","status":"passed","time":{"start":1758615908709,"stop":1758615908734,"duration":25}}]},"b17cb2cc8122c62e68fc92fc6bb4de33":{"statistic":{"failed":0,"broken":0,"skipped":0,"passed":1,"unknown":0,"total":1},"items":[{"uid":"97ca9d19f773c950","status":"passed","time":{"start":1758615908040,"stop":1758615908069,"duration":29}}]},"b642abf7741d198c817620781caa81a1":{"statistic":{"failed":0,"broken":0,"skipped":0,"passed":1,"unknown":0,"total":1},"items":[{"uid":"22c113eca5894315","status":"passed","time":{"start":1758615910484,"stop":1758615910511,"duration":27}}]},"e4d1dfb2e540262205659aad919e5c9b":{"statistic":{"failed":0,"broken":0,"skipped":0,"passed":1,"unknown":0,"total":1},"items":[{"uid":"d229ad32804f3a69","status":"passed","time":{"start":1758615910802,"stop":1758615910839,"duration":37}}]},"c79a7509d8aa468163064d0e9a29c7b0":{"statistic":{"failed":0,"broken":0,"skipped":0,"passed":1,"unknown":0,"total":1},"items":[{"uid":"50c8cca88167030a","status":"passed","time":{"start":1758615910079,"stop":1758615910225,"duration":146}}]},"8e19403473a54ed3201bb00bb985bebe":{"statistic":{"failed":0,"broken":0,"skipped":0,"passed":1,"unknown":0,"total":1},"items":[{"uid":"5179ab0d93e7c4f2","status":"passed","time":{"start":1758615908678,"stop":1758615908704,"duration":26}}]},"928a99800599d31190430f44b4397a8e":{"statistic":{"failed":0,"broken":0,"skipped":0,"passed":1,"unknown":0,"total":1},"items":[{"uid":"bf96ea77145188ad","status":"passed","time":{"start":1758615909258,"stop":1758615909475,"duration":217}}]},"bc12f50ffdbdea481b7b1526569b44a1":{"statistic":{"failed":0,"broken":1,"skipped":0,"passed":0,"unknown":0,"total":1},"items":[{"uid":"fefe14087ac53941","status":"broken","statusDetails":"TypeError: the JSON object must be str, bytes or bytearray, not NoneType","time":{"start":1758615908466,"stop":1758615908466,"duration":0}}]},"65bd7a9d96d9ea99dce252c0e814b281":{"statistic":{"failed":0,"broken":0,"skipped":0,"passed":1,"unknown":0,"total":1},"items":[{"uid":"41c829efc616cdc8","status":"passed","time":{"start":1758615907655,"stop":1758615907686,"duration":31}}]},"3412236ba38063ca61679b29764ca400":{"statistic":{"failed":0,"broken":0,"skipped":0,"passed":1,"unknown":0,"total":1},"items":[{"uid":"8741eb0618effc90","status":"passed","time":{"start":1758615908107,"stop":1758615908136,"duration":29}}]},"c3464357831b68644d97c474ca88d134":{"statistic":{"failed":0,"broken":0,"skipped":0,"passed":1,"unknown":0,"total":1},"items":[{"uid":"1ffc96f870f75299","status":"passed","time":{"start":1758615908298,"stop":1758615908324,"duration":26}}]},"96a139b9a9d4faee3b68e6ec491cedf6":{"statistic":{"failed":0,"broken":0,"skipped":0,"passed":1,"unknown":0,"total":1},"items":[{"uid":"a3941f7e71d65f22","status":"passed","time":{"start":1758615910666,"stop":1758615910701,"duration":35}}]},"0d1cbaf557b3adcf7eb334e6bfd8a688":{"statistic":{"failed":0,"broken":0,"skipped":0,"passed":1,"unknown":0,"total":1},"items":[{"uid":"967c0b2b9e8acb7e","status":"passed","time":{"start":1758615908615,"stop":1758615908645,"duration":30}}]},"32284fcb1718e46320fd7df7901e14a3":{"statistic":{"failed":0,"broken":0,"skipped":0,"passed":1,"unknown":0,"total":1},"items":[{"uid":"cd89e6672cd34442","status":"passed","time":{"start":1758615907625,"stop":1758615907653,"duration":28}}]},"8adbdb2e5c547b710c6e484ac75ce159":{"statistic":{"failed":0,"broken":0,"skipped":0,"passed":1,"unknown":0,"total":1},"items":[{"uid":"db7b539505d0278a","status":"passed","time":{"start":1758615908405,"stop":1758615908435,"duration":30}}]},"45e2c3d43a9f69a63b8c27b009462f10":{"statistic":{"failed":0,"broken":0,"skipped":0,"passed":1,"unknown":0,"total":1},"items":[{"uid":"d1b2eb96d624fcf9","status":"passed","time":{"start":1758615910636,"stop":1758615910666,"duration":30}}]},"b1f1a3a1c2c51ced737286bd18af9004":{"statistic":{"failed":0,"broken":0,"skipped":0,"passed":1,"unknown":0,"total":1},"items":[{"uid":"1ecc5e4dfa2541d3","status":"passed","time":{"start":1758615910972,"stop":1758615911060,"duration":88}}]},"438e5101985516e04d9348b8f7fb87c9":{"statistic":{"failed":0,"broken":0,"skipped":0,"passed":1,"unknown":0,"total":1},"items":[{"uid":"53318a74a8271965","status":"passed","time":{"start":1758615908072,"stop":1758615908102,"duration":30}}]},"1342f6c337820e367d954c56af9de87d":{"statistic":{"failed":0,"broken":0,"skipped":0,"passed":1,"unknown":0,"total":1},"items":[{"uid":"4a372d9015c89fca","status":"passed","time":{"start":1758615910581,"stop":1758615910609,"duration":28}}]},"6fdc63f9f2588452d769c492042d215a":{"statistic":{"failed":0,"broken":0,"skipped":0,"passed":1,"unknown":0,"total":1},"items":[{"uid":"4511c143adddf56c","status":"passed","time":{"start":1758615906182,"stop":1758615906246,"duration":64}}]},"b34fe0a969b460d7c9a3fba3b7e353fd":{"statistic":{"failed":0,"broken":0,"skipped":0,"passed":1,"unknown":0,"total":1},"items":[{"uid":"fcb20eacb026d9b8","status":"passed","time":{"start":1758615910701,"stop":1758615910732,"duration":31}}]},"8313a57e4bec3014239fe50cbf6d749a":{"statistic":{"failed":0,"broken":0,"skipped":0,"passed":1,"unknown":0,"total":1},"items":[{"uid":"46b9bdc79dd7529f","status":"passed","time":{"start":1758615911060,"stop":1758615911132,"duration":72}}]},"7f5d70c7d0a59fbeacfd343ece817675":{"statistic":{"failed":0,"broken":0,"skipped":0,"passed":1,"unknown":0,"total":1},"items":[{"uid":"407a99d503d98f64","status":"passed","time":{"start":1758615911286,"stop":1758615911361,"duration":75}}]},"ec5b3f95c7e29fb01e614fcb437f24ab":{"statistic":{"failed":0,"broken":0,"skipped":0,"passed":1,"unknown":0,"total":1},"items":[{"uid":"9c952f3e5b6e7d5b","status":"passed","time":{"start":1758615908734,"stop":1758615908775,"duration":41}}]},"d4bc95b3ca70aafafc9fe7dd5a4105d2":{"statistic":{"failed":0,"broken":0,"skipped":0,"passed":1,"unknown":0,"total":1},"items":[{"uid":"30231b1ed8fab03f","status":"passed","time":{"start":1758615909629,"stop":1758615910078,"duration":449}}]},"d4f739c56730b9ce8a2dafc9eafdfb6e":{"statistic":{"failed":0,"broken":0,"skipped":0,"passed":1,"unknown":0,"total":1},"items":[{"uid":"2af45253730ad55b","status":"passed","time":{"start":1758615906425,"stop":1758615906531,"duration":106}}]},"d1666b98e8b3a6037588be71170f72e9":{"statistic":{"failed":0,"broken":0,"skipped":0,"passed":1,"unknown":0,"total":1},"items":[{"uid":"53fdc28ef2dd74fc","status":"passed","time":{"start":1758615906532,"stop":1758615906619,"duration":87}}]},"06b2a988fcab94bbd2524c668319210a":{"statistic":{"failed":0,"broken":0,"skipped":0,"passed":1,"unknown":0,"total":1},"items":[{"uid":"4598e341faa27893","status":"passed","time":{"start":1758615910424,"stop":1758615910479,"duration":55}}]},"f15fc32760776ccda8bbfe156b5eeec5":{"statistic":{"failed":0,"broken":0,"skipped":0,"passed":1,"unknown":0,"total":1},"items":[{"uid":"eaef6edc42a57ca9","status":"passed","time":{"start":1758615909485,"stop":1758615909521,"duration":36}}]},"b32f5a5360f8c13fc2aa4e44d02d7c00":{"statistic":{"failed":0,"broken":0,"skipped":0,"passed":1,"unknown":0,"total":1},"items":[{"uid":"3bdf246e0bf90585","status":"passed","time":{"start":1758615906719,"stop":1758615906801,"duration":82}}]},"49b4b1ac6d1276e24d4ef818d90fe91c":{"statistic":{"failed":0,"broken":0,"skipped":0,"passed":1,"unknown":0,"total":1},"items":[{"uid":"f568c3bcc8629fac","status":"passed","time":{"start":1758615906881,"stop":1758615906958,"duration":77}}]},"e831b760a547e1ff5fd179e5ce87cc39":{"statistic":{"failed":0,"broken":1,"skipped":0,"passed":0,"unknown":0,"total":1},"items":[{"uid":"a9fd78281180c911","status":"broken","statusDetails":"AttributeError: 'NoneType' object has no attribute 'status_code'","time":{"start":1758615908610,"stop":1758615908610,"duration":0}}]},"7b4dc2e9dd4f88eb7abac1fd6eb4adee":{"statistic":{"failed":0,"broken":0,"skipped":0,"passed":1,"unknown":0,"total":1},"items":[{"uid":"c6d0b6c9c52f0404","status":"passed","time":{"start":1758615906251,"stop":1758615906423,"duration":172}}]},"c89cb75c875f99997ec1af8b8c6ba6b7":{"statistic":{"failed":0,"broken":0,"skipped":0,"passed":1,"unknown":0,"total":1},"items":[{"uid":"db37d2121039174e","status":"passed","time":{"start":1758615911132,"stop":1758615911217,"duration":85}}]},"301f43eb82dd8db1f2db4c81bce462f4":{"statistic":{"failed":0,"broken":0,"skipped":0,"passed":1,"unknown":0,"total":1},"items":[{"uid":"5922ba7a517cbcee","status":"passed","time":{"start":1758615910610,"stop":1758615910636,"duration":26}}]}}