{"376da41409ee43b55e0bf5ab2fa8bb25":{"statistic":{"failed":0,"broken":0,"skipped":0,"passed":1,"unknown":0,"total":1},"items":[{"uid":"106bdb9d194ff741","status":"passed","time":{"start":1758696309180,"stop":1758696309235,"duration":55}}]},"01ede886d7b5264d7d720909b1d3a963":{"statistic":{"failed":0,"broken":1,"skipped":0,"passed":0,"unknown":0,"total":1},"items":[{"uid":"778f5b097c1c9b4d","status":"broken","statusDetails":"requests.exceptions.ProxyError: HTTPSConnectionPool(host='minicourse.test.venhalo.com', port=443): Max retries exceeded with url: /api/v1/payment/wx/refund (Caused by ProxyError('Unable to connect to proxy', SSLError(SSLEOFError(8, 'EOF occurred in violation of protocol (_ssl.c:1129)'))))","time":{"start":1758696307891,"stop":1758696307899,"duration":8}}]},"567de7de59797176ab2f836e5da46ed7":{"statistic":{"failed":0,"broken":1,"skipped":0,"passed":0,"unknown":0,"total":1},"items":[{"uid":"61e5f3209baee9c5","status":"broken","statusDetails":"requests.exceptions.ProxyError: HTTPSConnectionPool(host='minicourse.test.venhalo.com', port=443): Max retries exceeded with url: /api/v1/user/stu (Caused by ProxyError('Unable to connect to proxy', SSLError(SSLEOFError(8, 'EOF occurred in violation of protocol (_ssl.c:1129)'))))","time":{"start":1758696308001,"stop":1758696308010,"duration":9}}]},"f797f156a5d65e5bff89490e4a457914":{"statistic":{"failed":0,"broken":1,"skipped":0,"passed":0,"unknown":0,"total":1},"items":[{"uid":"4ec63bfeb1d9a621","status":"broken","statusDetails":"requests.exceptions.ProxyError: HTTPSConnectionPool(host='minicourse.test.venhalo.com', port=443): Max retries exceeded with url: /api/v1/auth/wx/login (Caused by ProxyError('Unable to connect to proxy', SSLError(SSLEOFError(8, 'EOF occurred in violation of protocol (_ssl.c:1129)'))))","time":{"start":1758696306485,"stop":1758696306495,"duration":10}}]},"f142b99f7261b7d773dfc266697344f5":{"statistic":{"failed":0,"broken":0,"skipped":0,"passed":1,"unknown":0,"total":1},"items":[{"uid":"9483effda88af1a9","status":"passed","time":{"start":1758696308309,"stop":1758696308338,"duration":29}}]},"3833b8b7f4b6b0263206a0ac91e566d5":{"statistic":{"failed":0,"broken":1,"skipped":0,"passed":0,"unknown":0,"total":1},"items":[{"uid":"1dbfa5db6c486b0e","status":"broken","statusDetails":"requests.exceptions.ProxyError: HTTPSConnectionPool(host='minicourse.test.venhalo.com', port=443): Max retries exceeded with url: /api/v1/family/stu/$%7BstudentId%7D (Caused by ProxyError('Unable to connect to proxy', SSLError(SSLEOFError(8, 'EOF occurred in violation of protocol (_ssl.c:1129)'))))","time":{"start":1758696306372,"stop":1758696306381,"duration":9}}]},"742e9a7c50e6009021495a25fe9abe13":{"statistic":{"failed":0,"broken":0,"skipped":0,"passed":1,"unknown":0,"total":1},"items":[{"uid":"68b5aafd41a44b54","status":"passed","time":{"start":1758696309019,"stop":1758696309090,"duration":71}}]},"0cab22e6ccfb2e32d08ae3dc5bebadc3":{"statistic":{"failed":0,"broken":1,"skipped":0,"passed":0,"unknown":0,"total":1},"items":[{"uid":"1e24af278e96c3ff","status":"broken","statusDetails":"requests.exceptions.ProxyError: HTTPSConnectionPool(host='minicourse.test.venhalo.com', port=443): Max retries exceeded with url: /api/v1/minicourse/par/list (Caused by ProxyError('Unable to connect to proxy', SSLError(SSLEOFError(8, 'EOF occurred in violation of protocol (_ssl.c:1129)'))))","time":{"start":1758696307105,"stop":1758696307113,"duration":8}}]},"a58fbd8b91fe5b7edbaca0cba24ad62c":{"statistic":{"failed":0,"broken":1,"skipped":0,"passed":0,"unknown":0,"total":1},"items":[{"uid":"333e87b4388ee59b","status":"broken","statusDetails":"requests.exceptions.ProxyError: HTTPSConnectionPool(host='minicourse.test.venhalo.com', port=443): Max retries exceeded with url: /api/v1/payment/wx/creation (Caused by ProxyError('Unable to connect to proxy', SSLError(SSLEOFError(8, 'EOF occurred in violation of protocol (_ssl.c:1129)'))))","time":{"start":1758696307650,"stop":1758696307658,"duration":8}}]},"84682132783772e8f04792385b0d1345":{"statistic":{"failed":0,"broken":1,"skipped":0,"passed":0,"unknown":0,"total":1},"items":[{"uid":"3e0bbb273752fa4c","status":"broken","statusDetails":"requests.exceptions.ProxyError: HTTPSConnectionPool(host='minicourse.test.venhalo.com', port=443): Max retries exceeded with url: /api/v1/minicourse/list (Caused by ProxyError('Unable to connect to proxy', SSLError(SSLEOFError(8, 'EOF occurred in violation of protocol (_ssl.c:1129)'))))","time":{"start":1758696307003,"stop":1758696307012,"duration":9}}]},"cdd42865e24d5de245e8fbc3e22713b4":{"statistic":{"failed":0,"broken":1,"skipped":0,"passed":0,"unknown":0,"total":1},"items":[{"uid":"1cabe56e43ebf32a","status":"broken","statusDetails":"requests.exceptions.ProxyError: HTTPSConnectionPool(host='minicourse.test.venhalo.com', port=443): Max retries exceeded with url: /api/v1/order/order123 (Caused by ProxyError('Unable to connect to proxy', SSLError(SSLEOFError(8, 'EOF occurred in violation of protocol (_ssl.c:1129)'))))","time":{"start":1758696307583,"stop":1758696307591,"duration":8}}]},"066f85e621c590cb19ddf98aa4e219ec":{"statistic":{"failed":0,"broken":1,"skipped":0,"passed":0,"unknown":0,"total":1},"items":[{"uid":"f4bd9551b5a329e6","status":"broken","statusDetails":"requests.exceptions.ProxyError: HTTPSConnectionPool(host='minicourse.test.venhalo.com', port=443): Max retries exceeded with url: /api/v1/payment/wx/trade123 (Caused by ProxyError('Unable to connect to proxy', SSLError(SSLEOFError(8, 'EOF occurred in violation of protocol (_ssl.c:1129)'))))","time":{"start":1758696307773,"stop":1758696307782,"duration":9}}]},"0a9d7077e9f80209f2f9c984bbdebe8b":{"statistic":{"failed":0,"broken":1,"skipped":0,"passed":0,"unknown":0,"total":1},"items":[{"uid":"ae7fcb5f0a34be9e","status":"broken","statusDetails":"requests.exceptions.ProxyError: HTTPSConnectionPool(host='minicourse.test.venhalo.com', port=443): Max retries exceeded with url: /api/v1/situation/end (Caused by ProxyError('Unable to connect to proxy', SSLError(SSLEOFError(8, 'EOF occurred in violation of protocol (_ssl.c:1129)'))))","time":{"start":1758696307359,"stop":1758696307367,"duration":8}}]},"0ab7768fc04af9ed35526c080b292c6c":{"statistic":{"failed":0,"broken":0,"skipped":0,"passed":1,"unknown":0,"total":1},"items":[{"uid":"ce66dcba56827dab","status":"passed","time":{"start":1758696308339,"stop":1758696308366,"duration":27}}]},"dbf87d0f6b300003bb18dddca41b4d2e":{"statistic":{"failed":0,"broken":1,"skipped":0,"passed":0,"unknown":0,"total":1},"items":[{"uid":"87320a79ada2d302","status":"broken","statusDetails":"requests.exceptions.ProxyError: HTTPSConnectionPool(host='minicourse.test.venhalo.com', port=443): Max retries exceeded with url: /api/v1/user/stu (Caused by ProxyError('Unable to connect to proxy', SSLError(SSLEOFError(8, 'EOF occurred in violation of protocol (_ssl.c:1129)'))))","time":{"start":1758696306305,"stop":1758696306314,"duration":9}}]},"42d75d0adf87b04712785ecac22e970e":{"statistic":{"failed":0,"broken":1,"skipped":0,"passed":0,"unknown":0,"total":1},"items":[{"uid":"5d6ad6a256b20f1f","status":"broken","statusDetails":"AttributeError: 'NoneType' object has no attribute 'status_code'","time":{"start":1758696307298,"stop":1758696307300,"duration":2}}]},"8125374836e5f57fddaa3ce7057d9d18":{"statistic":{"failed":0,"broken":1,"skipped":0,"passed":0,"unknown":0,"total":1},"items":[{"uid":"242aafa9ae39cc3d","status":"broken","statusDetails":"requests.exceptions.ProxyError: HTTPSConnectionPool(host='minicourse.test.venhalo.com', port=443): Max retries exceeded with url: /api/v1/auth/wx/login (Caused by ProxyError('Unable to connect to proxy', SSLError(SSLEOFError(8, 'EOF occurred in violation of protocol (_ssl.c:1129)'))))","time":{"start":1758696306521,"stop":1758696306529,"duration":8}}]},"f082c34a63685abbbb9f2ef909ca0677":{"statistic":{"failed":0,"broken":1,"skipped":0,"passed":0,"unknown":0,"total":1},"items":[{"uid":"f43d9a270116c88a","status":"broken","statusDetails":"requests.exceptions.ProxyError: HTTPSConnectionPool(host='minicourse.test.venhalo.com', port=443): Max retries exceeded with url: /api/v1/auth/dy/login (Caused by ProxyError('Unable to connect to proxy', SSLError(SSLEOFError(8, 'EOF occurred in violation of protocol (_ssl.c:1129)'))))","time":{"start":1758696306678,"stop":1758696306688,"duration":10}}]},"53cc63bfddd4c28af8c9deeafd79f1e9":{"statistic":{"failed":0,"broken":1,"skipped":0,"passed":0,"unknown":0,"total":1},"items":[{"uid":"9f9075bf937afdda","status":"broken","statusDetails":"requests.exceptions.ProxyError: HTTPSConnectionPool(host='minicourse.test.venhalo.com', port=443): Max retries exceeded with url: /api/v1/auth/verification/code (Caused by ProxyError('Unable to connect to proxy', SSLError(SSLEOFError(8, 'EOF occurred in violation of protocol (_ssl.c:1129)'))))","time":{"start":1758696306910,"stop":1758696306919,"duration":9}}]},"642a167e2646ab38a60f7910a34f3069":{"statistic":{"failed":0,"broken":1,"skipped":0,"passed":0,"unknown":0,"total":1},"items":[{"uid":"8bc532067d89eac7","status":"broken","statusDetails":"requests.exceptions.ProxyError: HTTPSConnectionPool(host='minicourse.test.venhalo.com', port=443): Max retries exceeded with url: /api/v1/minicourse/stu/list (Caused by ProxyError('Unable to connect to proxy', SSLError(SSLEOFError(8, 'EOF occurred in violation of protocol (_ssl.c:1129)'))))","time":{"start":1758696307190,"stop":1758696307198,"duration":8}}]},"f8bca9222ff4be5af7919f2b7478bebf":{"statistic":{"failed":0,"broken":1,"skipped":0,"passed":0,"unknown":0,"total":1},"items":[{"uid":"15fc05cdf169457","status":"broken","statusDetails":"AttributeError: 'NoneType' object has no attribute 'status_code'","time":{"start":1758696307731,"stop":1758696307732,"duration":1}}]},"0d2e9f8ed8b085f2eda68942c259cd3a":{"statistic":{"failed":0,"broken":1,"skipped":0,"passed":0,"unknown":0,"total":1},"items":[{"uid":"82686b4ddb4ba9f1","status":"broken","statusDetails":"requests.exceptions.ProxyError: HTTPSConnectionPool(host='minicourse.test.venhalo.com', port=443): Max retries exceeded with url: /api/v1/order/list (Caused by ProxyError('Unable to connect to proxy', SSLError(SSLEOFError(8, 'EOF occurred in violation of protocol (_ssl.c:1129)'))))","time":{"start":1758696307500,"stop":1758696307509,"duration":9}}]},"501acff36719c8a3bdd3ad1a64c90029":{"statistic":{"failed":0,"broken":1,"skipped":0,"passed":0,"unknown":0,"total":1},"items":[{"uid":"85962671189aeebe","status":"broken","statusDetails":"requests.exceptions.ProxyError: HTTPSConnectionPool(host='minicourse.test.venhalo.com', port=443): Max retries exceeded with url: /api/v1/minicourse/par/list (Caused by ProxyError('Unable to connect to proxy', SSLError(SSLEOFError(8, 'EOF occurred in violation of protocol (_ssl.c:1129)'))))","time":{"start":1758696307070,"stop":1758696307079,"duration":9}}]},"d1ec6d9d7de0a49290a9ccd44a366a03":{"statistic":{"failed":0,"broken":1,"skipped":0,"passed":0,"unknown":0,"total":1},"items":[{"uid":"69dfbdac26d36b01","status":"broken","statusDetails":"AttributeError: 'NoneType' object has no attribute 'status_code'","time":{"start":1758696307925,"stop":1758696307927,"duration":2}}]},"fd4d114ddb6b410a0eac18d0c908dfa3":{"statistic":{"failed":0,"broken":1,"skipped":0,"passed":0,"unknown":0,"total":1},"items":[{"uid":"fc6310249d783334","status":"broken","statusDetails":"requests.exceptions.ProxyError: HTTPSConnectionPool(host='minicourse.test.venhalo.com', port=443): Max retries exceeded with url: /api/v1/situation/student (Caused by ProxyError('Unable to connect to proxy', SSLError(SSLEOFError(8, 'EOF occurred in violation of protocol (_ssl.c:1129)'))))","time":{"start":1758696307233,"stop":1758696307241,"duration":8}}]},"e91917a9e229fef48d12b24e7f5678e1":{"statistic":{"failed":0,"broken":1,"skipped":0,"passed":0,"unknown":0,"total":1},"items":[{"uid":"e87e995eac0e5b6e","status":"broken","statusDetails":"requests.exceptions.ProxyError: HTTPSConnectionPool(host='minicourse.test.venhalo.com', port=443): Max retries exceeded with url: /api/v1/situation/student (Caused by ProxyError('Unable to connect to proxy', SSLError(SSLEOFError(8, 'EOF occurred in violation of protocol (_ssl.c:1129)'))))","time":{"start":1758696307266,"stop":1758696307274,"duration":8}}]},"4baa70688e3182922e985134fb522149":{"statistic":{"failed":0,"broken":1,"skipped":0,"passed":0,"unknown":0,"total":1},"items":[{"uid":"1aa452892b353fa8","status":"broken","statusDetails":"requests.exceptions.ProxyError: HTTPSConnectionPool(host='minicourse.test.venhalo.com', port=443): Max retries exceeded with url: /api/v1/order/invalid_id (Caused by ProxyError('Unable to connect to proxy', SSLError(SSLEOFError(8, 'EOF occurred in violation of protocol (_ssl.c:1129)'))))","time":{"start":1758696307617,"stop":1758696307625,"duration":8}}]},"e3a4292da67ec7d8fab6fc0269c26498":{"statistic":{"failed":0,"broken":0,"skipped":0,"passed":1,"unknown":0,"total":1},"items":[{"uid":"49b36ea7444654df","status":"passed","time":{"start":1758696308400,"stop":1758696308435,"duration":35}}]},"dd535700e88b76b52cf96d9b34bc38d5":{"statistic":{"failed":0,"broken":1,"skipped":0,"passed":0,"unknown":0,"total":1},"items":[{"uid":"8449eeb96005f9b3","status":"broken","statusDetails":"requests.exceptions.ProxyError: HTTPSConnectionPool(host='minicourse.test.venhalo.com', port=443): Max retries exceeded with url: /api/v1/order/list (Caused by ProxyError('Unable to connect to proxy', SSLError(SSLEOFError(8, 'EOF occurred in violation of protocol (_ssl.c:1129)'))))","time":{"start":1758696307550,"stop":1758696307558,"duration":8}}]},"6df7fa86ff73efb6d762771d4f7a92a7":{"statistic":{"failed":0,"broken":0,"skipped":0,"passed":1,"unknown":0,"total":1},"items":[{"uid":"ebd5e936cb021824","status":"passed","time":{"start":1758696308436,"stop":1758696308757,"duration":321}}]},"d006eed64a33be4e9a45aaa89118e88f":{"statistic":{"failed":0,"broken":1,"skipped":0,"passed":0,"unknown":0,"total":1},"items":[{"uid":"e8abef1a64f5850","status":"broken","statusDetails":"requests.exceptions.ProxyError: HTTPSConnectionPool(host='minicourse.test.venhalo.com', port=443): Max retries exceeded with url: /api/v1/auth/wx/phone (Caused by ProxyError('Unable to connect to proxy', SSLError(SSLEOFError(8, 'EOF occurred in violation of protocol (_ssl.c:1129)'))))","time":{"start":1758696306572,"stop":1758696306582,"duration":10}}]},"f0ac8f6baef08f3b0af4863f83e0df40":{"statistic":{"failed":0,"broken":1,"skipped":0,"passed":0,"unknown":0,"total":1},"items":[{"uid":"aa42ab933197e11a","status":"broken","statusDetails":"requests.exceptions.ProxyError: HTTPSConnectionPool(host='minicourse.test.venhalo.com', port=443): Max retries exceeded with url: /api/v1/auth/verification/verify (Caused by ProxyError('Unable to connect to proxy', SSLError(SSLEOFError(8, 'EOF occurred in violation of protocol (_ssl.c:1129)'))))","time":{"start":1758696306943,"stop":1758696306951,"duration":8}}]},"ee19e6574247b2ec785e91a61ca2b597":{"statistic":{"failed":0,"broken":1,"skipped":0,"passed":0,"unknown":0,"total":1},"items":[{"uid":"23c2be1a34d44207","status":"broken","statusDetails":"requests.exceptions.ProxyError: HTTPSConnectionPool(host='minicourse.test.venhalo.com', port=443): Max retries exceeded with url: /api/v1/auth/dy/login (Caused by ProxyError('Unable to connect to proxy', SSLError(SSLEOFError(8, 'EOF occurred in violation of protocol (_ssl.c:1129)'))))","time":{"start":1758696306717,"stop":1758696306730,"duration":13}}]},"168b18b260ffd4be9b1bca5bcdb2dc3c":{"statistic":{"failed":0,"broken":1,"skipped":0,"passed":0,"unknown":0,"total":1},"items":[{"uid":"b46de630f094dd1b","status":"broken","statusDetails":"requests.exceptions.ProxyError: HTTPSConnectionPool(host='minicourse.test.venhalo.com', port=443): Max retries exceeded with url: /api/v1/user/stu (Caused by ProxyError('Unable to connect to proxy', SSLError(SSLEOFError(8, 'EOF occurred in violation of protocol (_ssl.c:1129)'))))","time":{"start":1758696308054,"stop":1758696308062,"duration":8}}]},"eaeb52edd0f943783ef2684114498012":{"statistic":{"failed":0,"broken":1,"skipped":0,"passed":0,"unknown":0,"total":1},"items":[{"uid":"c57e0646651b763b","status":"broken","statusDetails":"requests.exceptions.ProxyError: HTTPSConnectionPool(host='minicourse.test.venhalo.com', port=443): Max retries exceeded with url: /api/v1/auth/wx/login (Caused by ProxyError('Unable to connect to proxy', SSLError(SSLEOFError(8, 'EOF occurred in violation of protocol (_ssl.c:1129)'))))","time":{"start":1758696306452,"stop":1758696306460,"duration":8}}]},"773f68dec477aa1cdb61e3a788f54e5d":{"statistic":{"failed":0,"broken":1,"skipped":0,"passed":0,"unknown":0,"total":1},"items":[{"uid":"ae1a0c56599dad06","status":"broken","statusDetails":"requests.exceptions.ProxyError: HTTPSConnectionPool(host='minicourse.test.venhalo.com', port=443): Max retries exceeded with url: /api/v1/interaction/message (Caused by ProxyError('Unable to connect to proxy', SSLError(SSLEOFError(8, 'EOF occurred in violation of protocol (_ssl.c:1129)'))))","time":{"start":1758696307424,"stop":1758696307434,"duration":10}}]},"b17cb2cc8122c62e68fc92fc6bb4de33":{"statistic":{"failed":0,"broken":1,"skipped":0,"passed":0,"unknown":0,"total":1},"items":[{"uid":"40e90fdcec78b773","status":"broken","statusDetails":"requests.exceptions.ProxyError: HTTPSConnectionPool(host='minicourse.test.venhalo.com', port=443): Max retries exceeded with url: /api/v1/auth/dy/login (Caused by ProxyError('Unable to connect to proxy', SSLError(SSLEOFError(8, 'EOF occurred in violation of protocol (_ssl.c:1129)'))))","time":{"start":1758696306773,"stop":1758696306786,"duration":13}}]},"b642abf7741d198c817620781caa81a1":{"statistic":{"failed":0,"broken":1,"skipped":0,"passed":0,"unknown":0,"total":1},"items":[{"uid":"b2d62cdc5a0fba57","status":"broken","statusDetails":"requests.exceptions.ProxyError: HTTPSConnectionPool(host='minicourse.test.venhalo.com', port=443): Max retries exceeded with url: /api/v1/user/par (Caused by ProxyError('Unable to connect to proxy', SSLError(SSLEOFError(8, 'EOF occurred in violation of protocol (_ssl.c:1129)'))))","time":{"start":1758696307967,"stop":1758696307976,"duration":9}}]},"e4d1dfb2e540262205659aad919e5c9b":{"statistic":{"failed":0,"broken":0,"skipped":0,"passed":1,"unknown":0,"total":1},"items":[{"uid":"7792ce7ae25772db","status":"passed","time":{"start":1758696308368,"stop":1758696308398,"duration":30}}]},"8e19403473a54ed3201bb00bb985bebe":{"statistic":{"failed":0,"broken":1,"skipped":0,"passed":0,"unknown":0,"total":1},"items":[{"uid":"c806aaf5fe7e31ef","status":"broken","statusDetails":"requests.exceptions.ProxyError: HTTPSConnectionPool(host='minicourse.test.venhalo.com', port=443): Max retries exceeded with url: /api/v1/interaction/message (Caused by ProxyError('Unable to connect to proxy', SSLError(SSLEOFError(8, 'EOF occurred in violation of protocol (_ssl.c:1129)'))))","time":{"start":1758696307392,"stop":1758696307401,"duration":9}}]},"c79a7509d8aa468163064d0e9a29c7b0":{"statistic":{"failed":0,"broken":1,"skipped":0,"passed":0,"unknown":0,"total":1},"items":[{"uid":"e10d98aa11e6753b","status":"broken","statusDetails":"requests.exceptions.ProxyError: HTTPSConnectionPool(host='minicourse.test.venhalo.com', port=443): Max retries exceeded with url: /api/v1/payment/wx/refund (Caused by ProxyError('Unable to connect to proxy', SSLError(SSLEOFError(8, 'EOF occurred in violation of protocol (_ssl.c:1129)'))))","time":{"start":1758696307841,"stop":1758696307850,"duration":9}}]},"928a99800599d31190430f44b4397a8e":{"statistic":{"failed":0,"broken":1,"skipped":0,"passed":0,"unknown":0,"total":1},"items":[{"uid":"1cc4f2f9af00cacd","status":"broken","statusDetails":"requests.exceptions.ProxyError: HTTPSConnectionPool(host='minicourse.test.venhalo.com', port=443): Max retries exceeded with url: /api/v1/payment/wx/creation (Caused by ProxyError('Unable to connect to proxy', SSLError(SSLEOFError(8, 'EOF occurred in violation of protocol (_ssl.c:1129)'))))","time":{"start":1758696307697,"stop":1758696307706,"duration":9}}]},"bc12f50ffdbdea481b7b1526569b44a1":{"statistic":{"failed":0,"broken":1,"skipped":0,"passed":0,"unknown":0,"total":1},"items":[{"uid":"c45d1be3856ea98","status":"broken","statusDetails":"TypeError: the JSON object must be str, bytes or bytearray, not NoneType","time":{"start":1758696307225,"stop":1758696307227,"duration":2}}]},"65bd7a9d96d9ea99dce252c0e814b281":{"statistic":{"failed":0,"broken":1,"skipped":0,"passed":0,"unknown":0,"total":1},"items":[{"uid":"4ca31df492665792","status":"broken","statusDetails":"requests.exceptions.ProxyError: HTTPSConnectionPool(host='minicourse.test.venhalo.com', port=443): Max retries exceeded with url: /api/v1/auth/wx/phone (Caused by ProxyError('Unable to connect to proxy', SSLError(SSLEOFError(8, 'EOF occurred in violation of protocol (_ssl.c:1129)'))))","time":{"start":1758696306644,"stop":1758696306653,"duration":9}}]},"3412236ba38063ca61679b29764ca400":{"statistic":{"failed":0,"broken":1,"skipped":0,"passed":0,"unknown":0,"total":1},"items":[{"uid":"5fe132514eabb32d","status":"broken","statusDetails":"requests.exceptions.ProxyError: HTTPSConnectionPool(host='minicourse.test.venhalo.com', port=443): Max retries exceeded with url: /api/v1/auth/dy/phone (Caused by ProxyError('Unable to connect to proxy', SSLError(SSLEOFError(8, 'EOF occurred in violation of protocol (_ssl.c:1129)'))))","time":{"start":1758696306875,"stop":1758696306884,"duration":9}}]},"c3464357831b68644d97c474ca88d134":{"statistic":{"failed":0,"broken":1,"skipped":0,"passed":0,"unknown":0,"total":1},"items":[{"uid":"c127f5ac96d242ae","status":"broken","statusDetails":"requests.exceptions.ProxyError: HTTPSConnectionPool(host='minicourse.test.venhalo.com', port=443): Max retries exceeded with url: /api/v1/minicourse/list (Caused by ProxyError('Unable to connect to proxy', SSLError(SSLEOFError(8, 'EOF occurred in violation of protocol (_ssl.c:1129)'))))","time":{"start":1758696307038,"stop":1758696307046,"duration":8}}]},"96a139b9a9d4faee3b68e6ec491cedf6":{"statistic":{"failed":0,"broken":1,"skipped":0,"passed":0,"unknown":0,"total":1},"items":[{"uid":"d5e2ef2e1f5f8d81","status":"broken","statusDetails":"requests.exceptions.ProxyError: HTTPSConnectionPool(host='minicourse.test.venhalo.com', port=443): Max retries exceeded with url: /api/v1/family/bind/stu (Caused by ProxyError('Unable to connect to proxy', SSLError(SSLEOFError(8, 'EOF occurred in violation of protocol (_ssl.c:1129)'))))","time":{"start":1758696308205,"stop":1758696308214,"duration":9}}]},"0d1cbaf557b3adcf7eb334e6bfd8a688":{"statistic":{"failed":0,"broken":1,"skipped":0,"passed":0,"unknown":0,"total":1},"items":[{"uid":"d877badc4d3e0a2c","status":"broken","statusDetails":"requests.exceptions.ProxyError: HTTPSConnectionPool(host='minicourse.test.venhalo.com', port=443): Max retries exceeded with url: /api/v1/situation/end (Caused by ProxyError('Unable to connect to proxy', SSLError(SSLEOFError(8, 'EOF occurred in violation of protocol (_ssl.c:1129)'))))","time":{"start":1758696307312,"stop":1758696307320,"duration":8}}]},"32284fcb1718e46320fd7df7901e14a3":{"statistic":{"failed":0,"broken":1,"skipped":0,"passed":0,"unknown":0,"total":1},"items":[{"uid":"3d471362542ebde8","status":"broken","statusDetails":"requests.exceptions.ProxyError: HTTPSConnectionPool(host='minicourse.test.venhalo.com', port=443): Max retries exceeded with url: /api/v1/auth/wx/phone (Caused by ProxyError('Unable to connect to proxy', SSLError(SSLEOFError(8, 'EOF occurred in violation of protocol (_ssl.c:1129)'))))","time":{"start":1758696306606,"stop":1758696306616,"duration":10}}]},"8adbdb2e5c547b710c6e484ac75ce159":{"statistic":{"failed":0,"broken":1,"skipped":0,"passed":0,"unknown":0,"total":1},"items":[{"uid":"c2864d11fd60f0ec","status":"broken","statusDetails":"requests.exceptions.ProxyError: HTTPSConnectionPool(host='minicourse.test.venhalo.com', port=443): Max retries exceeded with url: /api/v1/minicourse/par/list (Caused by ProxyError('Unable to connect to proxy', SSLError(SSLEOFError(8, 'EOF occurred in violation of protocol (_ssl.c:1129)'))))","time":{"start":1758696307139,"stop":1758696307148,"duration":9}}]},"45e2c3d43a9f69a63b8c27b009462f10":{"statistic":{"failed":0,"broken":1,"skipped":0,"passed":0,"unknown":0,"total":1},"items":[{"uid":"b68b711d905f3364","status":"broken","statusDetails":"requests.exceptions.ProxyError: HTTPSConnectionPool(host='minicourse.test.venhalo.com', port=443): Max retries exceeded with url: /api/v1/family/bind/stu (Caused by ProxyError('Unable to connect to proxy', SSLError(SSLEOFError(8, 'EOF occurred in violation of protocol (_ssl.c:1129)'))))","time":{"start":1758696308167,"stop":1758696308176,"duration":9}}]},"438e5101985516e04d9348b8f7fb87c9":{"statistic":{"failed":0,"broken":1,"skipped":0,"passed":0,"unknown":0,"total":1},"items":[{"uid":"d01a0bcc8817895e","status":"broken","statusDetails":"requests.exceptions.ProxyError: HTTPSConnectionPool(host='minicourse.test.venhalo.com', port=443): Max retries exceeded with url: /api/v1/auth/dy/phone (Caused by ProxyError('Unable to connect to proxy', SSLError(SSLEOFError(8, 'EOF occurred in violation of protocol (_ssl.c:1129)'))))","time":{"start":1758696306830,"stop":1758696306849,"duration":19}}]},"b1f1a3a1c2c51ced737286bd18af9004":{"statistic":{"failed":0,"broken":0,"skipped":0,"passed":1,"unknown":0,"total":1},"items":[{"uid":"db8039e4cc7979db","status":"passed","time":{"start":1758696308759,"stop":1758696308845,"duration":86}}]},"1342f6c337820e367d954c56af9de87d":{"statistic":{"failed":0,"broken":1,"skipped":0,"passed":0,"unknown":0,"total":1},"items":[{"uid":"e5b4671ee71de52a","status":"broken","statusDetails":"requests.exceptions.ProxyError: HTTPSConnectionPool(host='minicourse.test.venhalo.com', port=443): Max retries exceeded with url: /api/v1/family/bind/par (Caused by ProxyError('Unable to connect to proxy', SSLError(SSLEOFError(8, 'EOF occurred in violation of protocol (_ssl.c:1129)'))))","time":{"start":1758696308089,"stop":1758696308097,"duration":8}}]},"6fdc63f9f2588452d769c492042d215a":{"statistic":{"failed":0,"broken":1,"skipped":0,"passed":0,"unknown":0,"total":1},"items":[{"uid":"c1eebf4904031cf","status":"broken","statusDetails":"requests.exceptions.ProxyError: HTTPSConnectionPool(host='minicourse.test.venhalo.com', port=443): Max retries exceeded with url: /api/v1/auth/verification/code (Caused by ProxyError('Unable to connect to proxy', SSLError(SSLEOFError(8, 'EOF occurred in violation of protocol (_ssl.c:1129)'))))","time":{"start":1758696306080,"stop":1758696306096,"duration":16}}]},"b34fe0a969b460d7c9a3fba3b7e353fd":{"statistic":{"failed":0,"broken":0,"skipped":0,"passed":1,"unknown":0,"total":1},"items":[{"uid":"fdbd5a4229ba3989","status":"passed","time":{"start":1758696308273,"stop":1758696308307,"duration":34}}]},"8313a57e4bec3014239fe50cbf6d749a":{"statistic":{"failed":0,"broken":0,"skipped":0,"passed":1,"unknown":0,"total":1},"items":[{"uid":"570616304e1d643c","status":"passed","time":{"start":1758696308846,"stop":1758696308925,"duration":79}}]},"7f5d70c7d0a59fbeacfd343ece817675":{"statistic":{"failed":0,"broken":0,"skipped":0,"passed":1,"unknown":0,"total":1},"items":[{"uid":"8b52f15f78fad1b6","status":"passed","time":{"start":1758696309091,"stop":1758696309178,"duration":87}}]},"ec5b3f95c7e29fb01e614fcb437f24ab":{"statistic":{"failed":0,"broken":1,"skipped":0,"passed":0,"unknown":0,"total":1},"items":[{"uid":"13aaf43efbe5f5b9","status":"broken","statusDetails":"requests.exceptions.ProxyError: HTTPSConnectionPool(host='minicourse.test.venhalo.com', port=443): Max retries exceeded with url: /api/v1/interaction/encouragement/student123 (Caused by ProxyError('Unable to connect to proxy', SSLError(SSLEOFError(8, 'EOF occurred in violation of protocol (_ssl.c:1129)'))))","time":{"start":1758696307460,"stop":1758696307474,"duration":14}}]},"d4bc95b3ca70aafafc9fe7dd5a4105d2":{"statistic":{"failed":0,"broken":1,"skipped":0,"passed":0,"unknown":0,"total":1},"items":[{"uid":"d51a452d7c5597ef","status":"broken","statusDetails":"requests.exceptions.ProxyError: HTTPSConnectionPool(host='minicourse.test.venhalo.com', port=443): Max retries exceeded with url: /api/v1/payment/wx/order123 (Caused by ProxyError('Unable to connect to proxy', SSLError(SSLEOFError(8, 'EOF occurred in violation of protocol (_ssl.c:1129)'))))","time":{"start":1758696307807,"stop":1758696307817,"duration":10}}]},"d4f739c56730b9ce8a2dafc9eafdfb6e":{"statistic":{"failed":0,"broken":1,"skipped":0,"passed":0,"unknown":0,"total":1},"items":[{"uid":"b2ce7c430a1023e1","status":"broken","statusDetails":"requests.exceptions.ProxyError: HTTPSConnectionPool(host='minicourse.test.venhalo.com', port=443): Max retries exceeded with url: /api/v1/family/bind/stu (Caused by ProxyError('Unable to connect to proxy', SSLError(SSLEOFError(8, 'EOF occurred in violation of protocol (_ssl.c:1129)'))))","time":{"start":1758696306235,"stop":1758696306245,"duration":10}}]},"d1666b98e8b3a6037588be71170f72e9":{"statistic":{"failed":0,"broken":1,"skipped":0,"passed":0,"unknown":0,"total":1},"items":[{"uid":"8e51f4c4b422675d","status":"broken","statusDetails":"requests.exceptions.ProxyError: HTTPSConnectionPool(host='minicourse.test.venhalo.com', port=443): Max retries exceeded with url: /api/v1/user/par (Caused by ProxyError('Unable to connect to proxy', SSLError(SSLEOFError(8, 'EOF occurred in violation of protocol (_ssl.c:1129)'))))","time":{"start":1758696306269,"stop":1758696306279,"duration":10}}]},"06b2a988fcab94bbd2524c668319210a":{"statistic":{"failed":0,"broken":1,"skipped":0,"passed":0,"unknown":0,"total":1},"items":[{"uid":"2621d33be457a92a","status":"broken","statusDetails":"requests.exceptions.ProxyError: HTTPSConnectionPool(host='minicourse.test.venhalo.com', port=443): Max retries exceeded with url: /api/v1/user/par (Caused by ProxyError('Unable to connect to proxy', SSLError(SSLEOFError(8, 'EOF occurred in violation of protocol (_ssl.c:1129)'))))","time":{"start":1758696307933,"stop":1758696307941,"duration":8}}]},"f15fc32760776ccda8bbfe156b5eeec5":{"statistic":{"failed":0,"broken":1,"skipped":0,"passed":0,"unknown":0,"total":1},"items":[{"uid":"936c84d3e31a4876","status":"broken","statusDetails":"requests.exceptions.ProxyError: HTTPSConnectionPool(host='minicourse.test.venhalo.com', port=443): Max retries exceeded with url: /api/v1/payment/wx/paysign/order123 (Caused by ProxyError('Unable to connect to proxy', SSLError(SSLEOFError(8, 'EOF occurred in violation of protocol (_ssl.c:1129)'))))","time":{"start":1758696307738,"stop":1758696307747,"duration":9}}]},"b32f5a5360f8c13fc2aa4e44d02d7c00":{"statistic":{"failed":0,"broken":1,"skipped":0,"passed":0,"unknown":0,"total":1},"items":[{"uid":"c9850015723d9a32","status":"broken","statusDetails":"requests.exceptions.ProxyError: HTTPSConnectionPool(host='minicourse.test.venhalo.com', port=443): Max retries exceeded with url: /api/v1/user/par (Caused by ProxyError('Unable to connect to proxy', SSLError(SSLEOFError(8, 'EOF occurred in violation of protocol (_ssl.c:1129)'))))","time":{"start":1758696306339,"stop":1758696306347,"duration":8}}]},"49b4b1ac6d1276e24d4ef818d90fe91c":{"statistic":{"failed":0,"broken":1,"skipped":0,"passed":0,"unknown":0,"total":1},"items":[{"uid":"6b4f36c797a02654","status":"broken","statusDetails":"requests.exceptions.ProxyError: HTTPSConnectionPool(host='minicourse.test.venhalo.com', port=443): Max retries exceeded with url: /api/v1/user/par (Caused by ProxyError('Unable to connect to proxy', SSLError(SSLEOFError(8, 'EOF occurred in violation of protocol (_ssl.c:1129)'))))","time":{"start":1758696306417,"stop":1758696306426,"duration":9}}]},"e831b760a547e1ff5fd179e5ce87cc39":{"statistic":{"failed":0,"broken":1,"skipped":0,"passed":0,"unknown":0,"total":1},"items":[{"uid":"eeb1fc70864727b6","status":"broken","statusDetails":"AttributeError: 'NoneType' object has no attribute 'status_code'","time":{"start":1758696307305,"stop":1758696307306,"duration":1}}]},"7b4dc2e9dd4f88eb7abac1fd6eb4adee":{"statistic":{"failed":0,"broken":1,"skipped":0,"passed":0,"unknown":0,"total":1},"items":[{"uid":"68bc5c5094b4b371","status":"broken","statusDetails":"requests.exceptions.ProxyError: HTTPSConnectionPool(host='minicourse.test.venhalo.com', port=443): Max retries exceeded with url: /api/v1/auth/verification/verify (Caused by ProxyError('Unable to connect to proxy', SSLError(SSLEOFError(8, 'EOF occurred in violation of protocol (_ssl.c:1129)'))))","time":{"start":1758696306187,"stop":1758696306196,"duration":9}}]},"c89cb75c875f99997ec1af8b8c6ba6b7":{"statistic":{"failed":0,"broken":0,"skipped":0,"passed":1,"unknown":0,"total":1},"items":[{"uid":"c34d5602f8b1053b","status":"passed","time":{"start":1758696308927,"stop":1758696309017,"duration":90}}]},"301f43eb82dd8db1f2db4c81bce462f4":{"statistic":{"failed":0,"broken":1,"skipped":0,"passed":0,"unknown":0,"total":1},"items":[{"uid":"847d0dcc3c0a4bb4","status":"broken","statusDetails":"requests.exceptions.ProxyError: HTTPSConnectionPool(host='minicourse.test.venhalo.com', port=443): Max retries exceeded with url: /api/v1/family/bind/par (Caused by ProxyError('Unable to connect to proxy', SSLError(SSLEOFError(8, 'EOF occurred in violation of protocol (_ssl.c:1129)'))))","time":{"start":1758696308123,"stop":1758696308132,"duration":9}}]}}