{"376da41409ee43b55e0bf5ab2fa8bb25":{"statistic":{"failed":0,"broken":1,"skipped":0,"passed":0,"unknown":0,"total":1},"items":[{"uid":"57d752f2c362ca52","status":"broken","statusDetails":"requests.exceptions.ProxyError: HTTPSConnectionPool(host='minicourse.test.venhalo.com', port=443): Max retries exceeded with url: /api/v1/user/par (Caused by ProxyError('Unable to connect to proxy', SSLError(SSLEOFError(8, 'EOF occurred in violation of protocol (_ssl.c:1129)'))))","time":{"start":1758694891368,"stop":1758694891377,"duration":9}}]},"01ede886d7b5264d7d720909b1d3a963":{"statistic":{"failed":0,"broken":1,"skipped":0,"passed":0,"unknown":0,"total":1},"items":[{"uid":"e3de165abcec03bf","status":"broken","statusDetails":"requests.exceptions.ProxyError: HTTPSConnectionPool(host='minicourse.test.venhalo.com', port=443): Max retries exceeded with url: /api/v1/payment/wx/refund (Caused by ProxyError('Unable to connect to proxy', SSLError(SSLEOFError(8, 'EOF occurred in violation of protocol (_ssl.c:1129)'))))","time":{"start":1758694890624,"stop":1758694890632,"duration":8}}]},"567de7de59797176ab2f836e5da46ed7":{"statistic":{"failed":0,"broken":1,"skipped":0,"passed":0,"unknown":0,"total":1},"items":[{"uid":"ca65b66e9d766d8c","status":"broken","statusDetails":"requests.exceptions.ProxyError: HTTPSConnectionPool(host='minicourse.test.venhalo.com', port=443): Max retries exceeded with url: /api/v1/user/stu (Caused by ProxyError('Unable to connect to proxy', SSLError(SSLEOFError(8, 'EOF occurred in violation of protocol (_ssl.c:1129)'))))","time":{"start":1758694890727,"stop":1758694890735,"duration":8}}]},"f797f156a5d65e5bff89490e4a457914":{"statistic":{"failed":0,"broken":1,"skipped":0,"passed":0,"unknown":0,"total":1},"items":[{"uid":"8b2bb3a23d9a3611","status":"broken","statusDetails":"requests.exceptions.ProxyError: HTTPSConnectionPool(host='minicourse.test.venhalo.com', port=443): Max retries exceeded with url: /api/v1/auth/wx/login (Caused by ProxyError('Unable to connect to proxy', SSLError(SSLEOFError(8, 'EOF occurred in violation of protocol (_ssl.c:1129)'))))","time":{"start":1758694889330,"stop":1758694889339,"duration":9}}]},"f142b99f7261b7d773dfc266697344f5":{"statistic":{"failed":0,"broken":1,"skipped":0,"passed":0,"unknown":0,"total":1},"items":[{"uid":"8d82e22e5de531e8","status":"broken","statusDetails":"requests.exceptions.ProxyError: HTTPSConnectionPool(host='minicourse.test.venhalo.com', port=443): Max retries exceeded with url: /api/v1/family/par/current_user_id (Caused by ProxyError('Unable to connect to proxy', SSLError(SSLEOFError(8, 'EOF occurred in violation of protocol (_ssl.c:1129)'))))","time":{"start":1758694890994,"stop":1758694891003,"duration":9}}]},"3833b8b7f4b6b0263206a0ac91e566d5":{"statistic":{"failed":0,"broken":1,"skipped":0,"passed":0,"unknown":0,"total":1},"items":[{"uid":"429480fe5fb0f216","status":"broken","statusDetails":"requests.exceptions.ProxyError: HTTPSConnectionPool(host='minicourse.test.venhalo.com', port=443): Max retries exceeded with url: /api/v1/family/stu/$%7BstudentId%7D (Caused by ProxyError('Unable to connect to proxy', SSLError(SSLEOFError(8, 'EOF occurred in violation of protocol (_ssl.c:1129)'))))","time":{"start":1758694889218,"stop":1758694889227,"duration":9}}]},"0cab22e6ccfb2e32d08ae3dc5bebadc3":{"statistic":{"failed":0,"broken":1,"skipped":0,"passed":0,"unknown":0,"total":1},"items":[{"uid":"e321c9fa7f9ac192","status":"broken","statusDetails":"requests.exceptions.ProxyError: HTTPSConnectionPool(host='minicourse.test.venhalo.com', port=443): Max retries exceeded with url: /api/v1/minicourse/par/list (Caused by ProxyError('Unable to connect to proxy', SSLError(SSLEOFError(8, 'EOF occurred in violation of protocol (_ssl.c:1129)'))))","time":{"start":1758694889868,"stop":1758694889877,"duration":9}}]},"742e9a7c50e6009021495a25fe9abe13":{"statistic":{"failed":0,"broken":1,"skipped":0,"passed":0,"unknown":0,"total":1},"items":[{"uid":"8ff8a2f00cd4c5c9","status":"broken","statusDetails":"requests.exceptions.ProxyError: HTTPSConnectionPool(host='minicourse.test.venhalo.com', port=443): Max retries exceeded with url: /api/v1/user/par (Caused by ProxyError('Unable to connect to proxy', SSLError(SSLEOFError(8, 'EOF occurred in violation of protocol (_ssl.c:1129)'))))","time":{"start":1758694891282,"stop":1758694891291,"duration":9}}]},"a58fbd8b91fe5b7edbaca0cba24ad62c":{"statistic":{"failed":0,"broken":1,"skipped":0,"passed":0,"unknown":0,"total":1},"items":[{"uid":"b7bd85b98827a3c","status":"broken","statusDetails":"requests.exceptions.ProxyError: HTTPSConnectionPool(host='minicourse.test.venhalo.com', port=443): Max retries exceeded with url: /api/v1/payment/wx/creation (Caused by ProxyError('Unable to connect to proxy', SSLError(SSLEOFError(8, 'EOF occurred in violation of protocol (_ssl.c:1129)'))))","time":{"start":1758694890385,"stop":1758694890394,"duration":9}}]},"84682132783772e8f04792385b0d1345":{"statistic":{"failed":0,"broken":1,"skipped":0,"passed":0,"unknown":0,"total":1},"items":[{"uid":"3a35da220a0a7063","status":"broken","statusDetails":"requests.exceptions.ProxyError: HTTPSConnectionPool(host='minicourse.test.venhalo.com', port=443): Max retries exceeded with url: /api/v1/minicourse/list (Caused by ProxyError('Unable to connect to proxy', SSLError(SSLEOFError(8, 'EOF occurred in violation of protocol (_ssl.c:1129)'))))","time":{"start":1758694889765,"stop":1758694889773,"duration":8}}]},"cdd42865e24d5de245e8fbc3e22713b4":{"statistic":{"failed":0,"broken":1,"skipped":0,"passed":0,"unknown":0,"total":1},"items":[{"uid":"3fbccc9f7f65a0ef","status":"broken","statusDetails":"requests.exceptions.ProxyError: HTTPSConnectionPool(host='minicourse.test.venhalo.com', port=443): Max retries exceeded with url: /api/v1/order/order123 (Caused by ProxyError('Unable to connect to proxy', SSLError(SSLEOFError(8, 'EOF occurred in violation of protocol (_ssl.c:1129)'))))","time":{"start":1758694890321,"stop":1758694890329,"duration":8}}]},"066f85e621c590cb19ddf98aa4e219ec":{"statistic":{"failed":0,"broken":1,"skipped":0,"passed":0,"unknown":0,"total":1},"items":[{"uid":"9bd665916b5e3d0a","status":"broken","statusDetails":"requests.exceptions.ProxyError: HTTPSConnectionPool(host='minicourse.test.venhalo.com', port=443): Max retries exceeded with url: /api/v1/payment/wx/trade123 (Caused by ProxyError('Unable to connect to proxy', SSLError(SSLEOFError(8, 'EOF occurred in violation of protocol (_ssl.c:1129)'))))","time":{"start":1758694890514,"stop":1758694890523,"duration":9}}]},"0a9d7077e9f80209f2f9c984bbdebe8b":{"statistic":{"failed":0,"broken":1,"skipped":0,"passed":0,"unknown":0,"total":1},"items":[{"uid":"2e8c60547d0bf88c","status":"broken","statusDetails":"requests.exceptions.ProxyError: HTTPSConnectionPool(host='minicourse.test.venhalo.com', port=443): Max retries exceeded with url: /api/v1/situation/end (Caused by ProxyError('Unable to connect to proxy', SSLError(SSLEOFError(8, 'EOF occurred in violation of protocol (_ssl.c:1129)'))))","time":{"start":1758694890113,"stop":1758694890122,"duration":9}}]},"0ab7768fc04af9ed35526c080b292c6c":{"statistic":{"failed":0,"broken":1,"skipped":0,"passed":0,"unknown":0,"total":1},"items":[{"uid":"6903cc825f128ab9","status":"broken","statusDetails":"requests.exceptions.ProxyError: HTTPSConnectionPool(host='minicourse.test.venhalo.com', port=443): Max retries exceeded with url: /api/v1/family/stu/student123 (Caused by ProxyError('Unable to connect to proxy', SSLError(SSLEOFError(8, 'EOF occurred in violation of protocol (_ssl.c:1129)'))))","time":{"start":1758694891028,"stop":1758694891036,"duration":8}}]},"dbf87d0f6b300003bb18dddca41b4d2e":{"statistic":{"failed":0,"broken":1,"skipped":0,"passed":0,"unknown":0,"total":1},"items":[{"uid":"9abf88715fa62aa8","status":"broken","statusDetails":"requests.exceptions.ProxyError: HTTPSConnectionPool(host='minicourse.test.venhalo.com', port=443): Max retries exceeded with url: /api/v1/user/stu (Caused by ProxyError('Unable to connect to proxy', SSLError(SSLEOFError(8, 'EOF occurred in violation of protocol (_ssl.c:1129)'))))","time":{"start":1758694889151,"stop":1758694889160,"duration":9}}]},"42d75d0adf87b04712785ecac22e970e":{"statistic":{"failed":0,"broken":1,"skipped":0,"passed":0,"unknown":0,"total":1},"items":[{"uid":"30647d17be75a246","status":"broken","statusDetails":"AttributeError: 'NoneType' object has no attribute 'status_code'","time":{"start":1758694890055,"stop":1758694890057,"duration":2}}]},"8125374836e5f57fddaa3ce7057d9d18":{"statistic":{"failed":0,"broken":1,"skipped":0,"passed":0,"unknown":0,"total":1},"items":[{"uid":"ed4594ed127970e9","status":"broken","statusDetails":"requests.exceptions.ProxyError: HTTPSConnectionPool(host='minicourse.test.venhalo.com', port=443): Max retries exceeded with url: /api/v1/auth/wx/login (Caused by ProxyError('Unable to connect to proxy', SSLError(SSLEOFError(8, 'EOF occurred in violation of protocol (_ssl.c:1129)'))))","time":{"start":1758694889365,"stop":1758694889374,"duration":9}}]},"f082c34a63685abbbb9f2ef909ca0677":{"statistic":{"failed":0,"broken":1,"skipped":0,"passed":0,"unknown":0,"total":1},"items":[{"uid":"9089ea50c32cb1b2","status":"broken","statusDetails":"requests.exceptions.ProxyError: HTTPSConnectionPool(host='minicourse.test.venhalo.com', port=443): Max retries exceeded with url: /api/v1/auth/dy/login (Caused by ProxyError('Unable to connect to proxy', SSLError(SSLEOFError(8, 'EOF occurred in violation of protocol (_ssl.c:1129)'))))","time":{"start":1758694889509,"stop":1758694889518,"duration":9}}]},"53cc63bfddd4c28af8c9deeafd79f1e9":{"statistic":{"failed":0,"broken":1,"skipped":0,"passed":0,"unknown":0,"total":1},"items":[{"uid":"f6a68a78d6fc64ee","status":"broken","statusDetails":"requests.exceptions.ProxyError: HTTPSConnectionPool(host='minicourse.test.venhalo.com', port=443): Max retries exceeded with url: /api/v1/auth/verification/code (Caused by ProxyError('Unable to connect to proxy', SSLError(SSLEOFError(8, 'EOF occurred in violation of protocol (_ssl.c:1129)'))))","time":{"start":1758694889685,"stop":1758694889694,"duration":9}}]},"642a167e2646ab38a60f7910a34f3069":{"statistic":{"failed":0,"broken":1,"skipped":0,"passed":0,"unknown":0,"total":1},"items":[{"uid":"fa23c8745d02f52c","status":"broken","statusDetails":"requests.exceptions.ProxyError: HTTPSConnectionPool(host='minicourse.test.venhalo.com', port=443): Max retries exceeded with url: /api/v1/minicourse/stu/list (Caused by ProxyError('Unable to connect to proxy', SSLError(SSLEOFError(8, 'EOF occurred in violation of protocol (_ssl.c:1129)'))))","time":{"start":1758694889947,"stop":1758694889955,"duration":8}}]},"f8bca9222ff4be5af7919f2b7478bebf":{"statistic":{"failed":0,"broken":1,"skipped":0,"passed":0,"unknown":0,"total":1},"items":[{"uid":"9119f033944e9d14","status":"broken","statusDetails":"AttributeError: 'NoneType' object has no attribute 'status_code'","time":{"start":1758694890473,"stop":1758694890474,"duration":1}}]},"0d2e9f8ed8b085f2eda68942c259cd3a":{"statistic":{"failed":0,"broken":1,"skipped":0,"passed":0,"unknown":0,"total":1},"items":[{"uid":"bdff97da0ff1bc42","status":"broken","statusDetails":"requests.exceptions.ProxyError: HTTPSConnectionPool(host='minicourse.test.venhalo.com', port=443): Max retries exceeded with url: /api/v1/order/list (Caused by ProxyError('Unable to connect to proxy', SSLError(SSLEOFError(8, 'EOF occurred in violation of protocol (_ssl.c:1129)'))))","time":{"start":1758694890242,"stop":1758694890251,"duration":9}}]},"501acff36719c8a3bdd3ad1a64c90029":{"statistic":{"failed":0,"broken":1,"skipped":0,"passed":0,"unknown":0,"total":1},"items":[{"uid":"31e46ba6720e639a","status":"broken","statusDetails":"requests.exceptions.ProxyError: HTTPSConnectionPool(host='minicourse.test.venhalo.com', port=443): Max retries exceeded with url: /api/v1/minicourse/par/list (Caused by ProxyError('Unable to connect to proxy', SSLError(SSLEOFError(8, 'EOF occurred in violation of protocol (_ssl.c:1129)'))))","time":{"start":1758694889834,"stop":1758694889844,"duration":10}}]},"d1ec6d9d7de0a49290a9ccd44a366a03":{"statistic":{"failed":0,"broken":1,"skipped":0,"passed":0,"unknown":0,"total":1},"items":[{"uid":"f68d73284d59c91c","status":"broken","statusDetails":"AttributeError: 'NoneType' object has no attribute 'status_code'","time":{"start":1758694890655,"stop":1758694890656,"duration":1}}]},"fd4d114ddb6b410a0eac18d0c908dfa3":{"statistic":{"failed":0,"broken":1,"skipped":0,"passed":0,"unknown":0,"total":1},"items":[{"uid":"9b72311ca66fab49","status":"broken","statusDetails":"requests.exceptions.ProxyError: HTTPSConnectionPool(host='minicourse.test.venhalo.com', port=443): Max retries exceeded with url: /api/v1/situation/student (Caused by ProxyError('Unable to connect to proxy', SSLError(SSLEOFError(8, 'EOF occurred in violation of protocol (_ssl.c:1129)'))))","time":{"start":1758694889987,"stop":1758694889998,"duration":11}}]},"e91917a9e229fef48d12b24e7f5678e1":{"statistic":{"failed":0,"broken":1,"skipped":0,"passed":0,"unknown":0,"total":1},"items":[{"uid":"36ccabc80ae1c1d0","status":"broken","statusDetails":"requests.exceptions.ProxyError: HTTPSConnectionPool(host='minicourse.test.venhalo.com', port=443): Max retries exceeded with url: /api/v1/situation/student (Caused by ProxyError('Unable to connect to proxy', SSLError(SSLEOFError(8, 'EOF occurred in violation of protocol (_ssl.c:1129)'))))","time":{"start":1758694890022,"stop":1758694890031,"duration":9}}]},"e3a4292da67ec7d8fab6fc0269c26498":{"statistic":{"failed":0,"broken":1,"skipped":0,"passed":0,"unknown":0,"total":1},"items":[{"uid":"676f0c69313484e4","status":"broken","statusDetails":"requests.exceptions.ProxyError: HTTPSConnectionPool(host='minicourse.test.venhalo.com', port=443): Max retries exceeded with url: /api/v1/auth/verification/code (Caused by ProxyError('Unable to connect to proxy', SSLError(SSLEOFError(8, 'EOF occurred in violation of protocol (_ssl.c:1129)'))))","time":{"start":1758694891098,"stop":1758694891108,"duration":10}}]},"4baa70688e3182922e985134fb522149":{"statistic":{"failed":0,"broken":1,"skipped":0,"passed":0,"unknown":0,"total":1},"items":[{"uid":"fa8e7bc7bef6002f","status":"broken","statusDetails":"requests.exceptions.ProxyError: HTTPSConnectionPool(host='minicourse.test.venhalo.com', port=443): Max retries exceeded with url: /api/v1/order/invalid_id (Caused by ProxyError('Unable to connect to proxy', SSLError(SSLEOFError(8, 'EOF occurred in violation of protocol (_ssl.c:1129)'))))","time":{"start":1758694890353,"stop":1758694890362,"duration":9}}]},"6df7fa86ff73efb6d762771d4f7a92a7":{"statistic":{"failed":0,"broken":1,"skipped":0,"passed":0,"unknown":0,"total":1},"items":[{"uid":"3b84dacdcbeb38da","status":"broken","statusDetails":"requests.exceptions.ProxyError: HTTPSConnectionPool(host='minicourse.test.venhalo.com', port=443): Max retries exceeded with url: /api/v1/auth/verification/verify (Caused by ProxyError('Unable to connect to proxy', SSLError(SSLEOFError(8, 'EOF occurred in violation of protocol (_ssl.c:1129)'))))","time":{"start":1758694891150,"stop":1758694891159,"duration":9}}]},"dd535700e88b76b52cf96d9b34bc38d5":{"statistic":{"failed":0,"broken":1,"skipped":0,"passed":0,"unknown":0,"total":1},"items":[{"uid":"87db302f86bb9d","status":"broken","statusDetails":"requests.exceptions.ProxyError: HTTPSConnectionPool(host='minicourse.test.venhalo.com', port=443): Max retries exceeded with url: /api/v1/order/list (Caused by ProxyError('Unable to connect to proxy', SSLError(SSLEOFError(8, 'EOF occurred in violation of protocol (_ssl.c:1129)'))))","time":{"start":1758694890288,"stop":1758694890296,"duration":8}}]},"f0ac8f6baef08f3b0af4863f83e0df40":{"statistic":{"failed":0,"broken":1,"skipped":0,"passed":0,"unknown":0,"total":1},"items":[{"uid":"782a744655dd291a","status":"broken","statusDetails":"requests.exceptions.ProxyError: HTTPSConnectionPool(host='minicourse.test.venhalo.com', port=443): Max retries exceeded with url: /api/v1/auth/verification/verify (Caused by ProxyError('Unable to connect to proxy', SSLError(SSLEOFError(8, 'EOF occurred in violation of protocol (_ssl.c:1129)'))))","time":{"start":1758694889718,"stop":1758694889725,"duration":7}}]},"d006eed64a33be4e9a45aaa89118e88f":{"statistic":{"failed":0,"broken":1,"skipped":0,"passed":0,"unknown":0,"total":1},"items":[{"uid":"92042011af99e8f8","status":"broken","statusDetails":"requests.exceptions.ProxyError: HTTPSConnectionPool(host='minicourse.test.venhalo.com', port=443): Max retries exceeded with url: /api/v1/auth/wx/phone (Caused by ProxyError('Unable to connect to proxy', SSLError(SSLEOFError(8, 'EOF occurred in violation of protocol (_ssl.c:1129)'))))","time":{"start":1758694889412,"stop":1758694889420,"duration":8}}]},"ee19e6574247b2ec785e91a61ca2b597":{"statistic":{"failed":0,"broken":1,"skipped":0,"passed":0,"unknown":0,"total":1},"items":[{"uid":"8defe410ed57c2c6","status":"broken","statusDetails":"requests.exceptions.ProxyError: HTTPSConnectionPool(host='minicourse.test.venhalo.com', port=443): Max retries exceeded with url: /api/v1/auth/dy/login (Caused by ProxyError('Unable to connect to proxy', SSLError(SSLEOFError(8, 'EOF occurred in violation of protocol (_ssl.c:1129)'))))","time":{"start":1758694889542,"stop":1758694889551,"duration":9}}]},"168b18b260ffd4be9b1bca5bcdb2dc3c":{"statistic":{"failed":0,"broken":1,"skipped":0,"passed":0,"unknown":0,"total":1},"items":[{"uid":"695a80100a274a29","status":"broken","statusDetails":"requests.exceptions.ProxyError: HTTPSConnectionPool(host='minicourse.test.venhalo.com', port=443): Max retries exceeded with url: /api/v1/user/stu (Caused by ProxyError('Unable to connect to proxy', SSLError(SSLEOFError(8, 'EOF occurred in violation of protocol (_ssl.c:1129)'))))","time":{"start":1758694890777,"stop":1758694890785,"duration":8}}]},"eaeb52edd0f943783ef2684114498012":{"statistic":{"failed":0,"broken":1,"skipped":0,"passed":0,"unknown":0,"total":1},"items":[{"uid":"5aca953ce5cbae69","status":"broken","statusDetails":"requests.exceptions.ProxyError: HTTPSConnectionPool(host='minicourse.test.venhalo.com', port=443): Max retries exceeded with url: /api/v1/auth/wx/login (Caused by ProxyError('Unable to connect to proxy', SSLError(SSLEOFError(8, 'EOF occurred in violation of protocol (_ssl.c:1129)'))))","time":{"start":1758694889296,"stop":1758694889305,"duration":9}}]},"773f68dec477aa1cdb61e3a788f54e5d":{"statistic":{"failed":0,"broken":1,"skipped":0,"passed":0,"unknown":0,"total":1},"items":[{"uid":"d56f5479a4e97191","status":"broken","statusDetails":"requests.exceptions.ProxyError: HTTPSConnectionPool(host='minicourse.test.venhalo.com', port=443): Max retries exceeded with url: /api/v1/interaction/message (Caused by ProxyError('Unable to connect to proxy', SSLError(SSLEOFError(8, 'EOF occurred in violation of protocol (_ssl.c:1129)'))))","time":{"start":1758694890177,"stop":1758694890185,"duration":8}}]},"b17cb2cc8122c62e68fc92fc6bb4de33":{"statistic":{"failed":0,"broken":1,"skipped":0,"passed":0,"unknown":0,"total":1},"items":[{"uid":"f55bb9ac6459e8b9","status":"broken","statusDetails":"requests.exceptions.ProxyError: HTTPSConnectionPool(host='minicourse.test.venhalo.com', port=443): Max retries exceeded with url: /api/v1/auth/dy/login (Caused by ProxyError('Unable to connect to proxy', SSLError(SSLEOFError(8, 'EOF occurred in violation of protocol (_ssl.c:1129)'))))","time":{"start":1758694889589,"stop":1758694889598,"duration":9}}]},"b642abf7741d198c817620781caa81a1":{"statistic":{"failed":0,"broken":1,"skipped":0,"passed":0,"unknown":0,"total":1},"items":[{"uid":"378d454819202b4a","status":"broken","statusDetails":"requests.exceptions.ProxyError: HTTPSConnectionPool(host='minicourse.test.venhalo.com', port=443): Max retries exceeded with url: /api/v1/user/par (Caused by ProxyError('Unable to connect to proxy', SSLError(SSLEOFError(8, 'EOF occurred in violation of protocol (_ssl.c:1129)'))))","time":{"start":1758694890693,"stop":1758694890702,"duration":9}}]},"e4d1dfb2e540262205659aad919e5c9b":{"statistic":{"failed":0,"broken":1,"skipped":0,"passed":0,"unknown":0,"total":1},"items":[{"uid":"a39ede2b5195ddf6","status":"broken","statusDetails":"requests.exceptions.ProxyError: HTTPSConnectionPool(host='minicourse.test.venhalo.com', port=443): Max retries exceeded with url: /api/v1/family/stu/invalid_id (Caused by ProxyError('Unable to connect to proxy', SSLError(SSLEOFError(8, 'EOF occurred in violation of protocol (_ssl.c:1129)'))))","time":{"start":1758694891062,"stop":1758694891070,"duration":8}}]},"c79a7509d8aa468163064d0e9a29c7b0":{"statistic":{"failed":0,"broken":1,"skipped":0,"passed":0,"unknown":0,"total":1},"items":[{"uid":"5cdd7ae75bb8772f","status":"broken","statusDetails":"requests.exceptions.ProxyError: HTTPSConnectionPool(host='minicourse.test.venhalo.com', port=443): Max retries exceeded with url: /api/v1/payment/wx/refund (Caused by ProxyError('Unable to connect to proxy', SSLError(SSLEOFError(8, 'EOF occurred in violation of protocol (_ssl.c:1129)'))))","time":{"start":1758694890578,"stop":1758694890587,"duration":9}}]},"8e19403473a54ed3201bb00bb985bebe":{"statistic":{"failed":0,"broken":1,"skipped":0,"passed":0,"unknown":0,"total":1},"items":[{"uid":"5a79a84ddaaea5ce","status":"broken","statusDetails":"requests.exceptions.ProxyError: HTTPSConnectionPool(host='minicourse.test.venhalo.com', port=443): Max retries exceeded with url: /api/v1/interaction/message (Caused by ProxyError('Unable to connect to proxy', SSLError(SSLEOFError(8, 'EOF occurred in violation of protocol (_ssl.c:1129)'))))","time":{"start":1758694890145,"stop":1758694890154,"duration":9}}]},"928a99800599d31190430f44b4397a8e":{"statistic":{"failed":0,"broken":1,"skipped":0,"passed":0,"unknown":0,"total":1},"items":[{"uid":"9c32b43774f7fce7","status":"broken","statusDetails":"requests.exceptions.ProxyError: HTTPSConnectionPool(host='minicourse.test.venhalo.com', port=443): Max retries exceeded with url: /api/v1/payment/wx/creation (Caused by ProxyError('Unable to connect to proxy', SSLError(SSLEOFError(8, 'EOF occurred in violation of protocol (_ssl.c:1129)'))))","time":{"start":1758694890439,"stop":1758694890448,"duration":9}}]},"bc12f50ffdbdea481b7b1526569b44a1":{"statistic":{"failed":0,"broken":1,"skipped":0,"passed":0,"unknown":0,"total":1},"items":[{"uid":"4833d5d46a96843e","status":"broken","statusDetails":"TypeError: the JSON object must be str, bytes or bytearray, not NoneType","time":{"start":1758694889980,"stop":1758694889981,"duration":1}}]},"65bd7a9d96d9ea99dce252c0e814b281":{"statistic":{"failed":0,"broken":1,"skipped":0,"passed":0,"unknown":0,"total":1},"items":[{"uid":"d76b71d6874eff10","status":"broken","statusDetails":"requests.exceptions.ProxyError: HTTPSConnectionPool(host='minicourse.test.venhalo.com', port=443): Max retries exceeded with url: /api/v1/auth/wx/phone (Caused by ProxyError('Unable to connect to proxy', SSLError(SSLEOFError(8, 'EOF occurred in violation of protocol (_ssl.c:1129)'))))","time":{"start":1758694889477,"stop":1758694889486,"duration":9}}]},"3412236ba38063ca61679b29764ca400":{"statistic":{"failed":0,"broken":1,"skipped":0,"passed":0,"unknown":0,"total":1},"items":[{"uid":"a5774853ccdf16dc","status":"broken","statusDetails":"requests.exceptions.ProxyError: HTTPSConnectionPool(host='minicourse.test.venhalo.com', port=443): Max retries exceeded with url: /api/v1/auth/dy/phone (Caused by ProxyError('Unable to connect to proxy', SSLError(SSLEOFError(8, 'EOF occurred in violation of protocol (_ssl.c:1129)'))))","time":{"start":1758694889654,"stop":1758694889663,"duration":9}}]},"c3464357831b68644d97c474ca88d134":{"statistic":{"failed":0,"broken":1,"skipped":0,"passed":0,"unknown":0,"total":1},"items":[{"uid":"720cc9843d722737","status":"broken","statusDetails":"requests.exceptions.ProxyError: HTTPSConnectionPool(host='minicourse.test.venhalo.com', port=443): Max retries exceeded with url: /api/v1/minicourse/list (Caused by ProxyError('Unable to connect to proxy', SSLError(SSLEOFError(8, 'EOF occurred in violation of protocol (_ssl.c:1129)'))))","time":{"start":1758694889799,"stop":1758694889808,"duration":9}}]},"96a139b9a9d4faee3b68e6ec491cedf6":{"statistic":{"failed":0,"broken":1,"skipped":0,"passed":0,"unknown":0,"total":1},"items":[{"uid":"450de54042ae09be","status":"broken","statusDetails":"requests.exceptions.ProxyError: HTTPSConnectionPool(host='minicourse.test.venhalo.com', port=443): Max retries exceeded with url: /api/v1/family/bind/stu (Caused by ProxyError('Unable to connect to proxy', SSLError(SSLEOFError(8, 'EOF occurred in violation of protocol (_ssl.c:1129)'))))","time":{"start":1758694890911,"stop":1758694890919,"duration":8}}]},"0d1cbaf557b3adcf7eb334e6bfd8a688":{"statistic":{"failed":0,"broken":1,"skipped":0,"passed":0,"unknown":0,"total":1},"items":[{"uid":"d5520c861a5acac7","status":"broken","statusDetails":"requests.exceptions.ProxyError: HTTPSConnectionPool(host='minicourse.test.venhalo.com', port=443): Max retries exceeded with url: /api/v1/situation/end (Caused by ProxyError('Unable to connect to proxy', SSLError(SSLEOFError(8, 'EOF occurred in violation of protocol (_ssl.c:1129)'))))","time":{"start":1758694890069,"stop":1758694890077,"duration":8}}]},"32284fcb1718e46320fd7df7901e14a3":{"statistic":{"failed":0,"broken":1,"skipped":0,"passed":0,"unknown":0,"total":1},"items":[{"uid":"2ad92f4fe77a8017","status":"broken","statusDetails":"requests.exceptions.ProxyError: HTTPSConnectionPool(host='minicourse.test.venhalo.com', port=443): Max retries exceeded with url: /api/v1/auth/wx/phone (Caused by ProxyError('Unable to connect to proxy', SSLError(SSLEOFError(8, 'EOF occurred in violation of protocol (_ssl.c:1129)'))))","time":{"start":1758694889444,"stop":1758694889452,"duration":8}}]},"8adbdb2e5c547b710c6e484ac75ce159":{"statistic":{"failed":0,"broken":1,"skipped":0,"passed":0,"unknown":0,"total":1},"items":[{"uid":"49b84f3b1819f63b","status":"broken","statusDetails":"requests.exceptions.ProxyError: HTTPSConnectionPool(host='minicourse.test.venhalo.com', port=443): Max retries exceeded with url: /api/v1/minicourse/par/list (Caused by ProxyError('Unable to connect to proxy', SSLError(SSLEOFError(8, 'EOF occurred in violation of protocol (_ssl.c:1129)'))))","time":{"start":1758694889901,"stop":1758694889909,"duration":8}}]},"45e2c3d43a9f69a63b8c27b009462f10":{"statistic":{"failed":0,"broken":1,"skipped":0,"passed":0,"unknown":0,"total":1},"items":[{"uid":"604e5103c918b7c4","status":"broken","statusDetails":"requests.exceptions.ProxyError: HTTPSConnectionPool(host='minicourse.test.venhalo.com', port=443): Max retries exceeded with url: /api/v1/family/bind/stu (Caused by ProxyError('Unable to connect to proxy', SSLError(SSLEOFError(8, 'EOF occurred in violation of protocol (_ssl.c:1129)'))))","time":{"start":1758694890877,"stop":1758694890885,"duration":8}}]},"b1f1a3a1c2c51ced737286bd18af9004":{"statistic":{"failed":0,"broken":1,"skipped":0,"passed":0,"unknown":0,"total":1},"items":[{"uid":"82adc72b9691623c","status":"broken","statusDetails":"requests.exceptions.ProxyError: HTTPSConnectionPool(host='minicourse.test.venhalo.com', port=443): Max retries exceeded with url: /api/v1/family/bind/stu (Caused by ProxyError('Unable to connect to proxy', SSLError(SSLEOFError(8, 'EOF occurred in violation of protocol (_ssl.c:1129)'))))","time":{"start":1758694891184,"stop":1758694891193,"duration":9}}]},"438e5101985516e04d9348b8f7fb87c9":{"statistic":{"failed":0,"broken":1,"skipped":0,"passed":0,"unknown":0,"total":1},"items":[{"uid":"fa3520623e56f2e7","status":"broken","statusDetails":"requests.exceptions.ProxyError: HTTPSConnectionPool(host='minicourse.test.venhalo.com', port=443): Max retries exceeded with url: /api/v1/auth/dy/phone (Caused by ProxyError('Unable to connect to proxy', SSLError(SSLEOFError(8, 'EOF occurred in violation of protocol (_ssl.c:1129)'))))","time":{"start":1758694889622,"stop":1758694889631,"duration":9}}]},"1342f6c337820e367d954c56af9de87d":{"statistic":{"failed":0,"broken":1,"skipped":0,"passed":0,"unknown":0,"total":1},"items":[{"uid":"498ff17ab785ba10","status":"broken","statusDetails":"requests.exceptions.ProxyError: HTTPSConnectionPool(host='minicourse.test.venhalo.com', port=443): Max retries exceeded with url: /api/v1/family/bind/par (Caused by ProxyError('Unable to connect to proxy', SSLError(SSLEOFError(8, 'EOF occurred in violation of protocol (_ssl.c:1129)'))))","time":{"start":1758694890811,"stop":1758694890819,"duration":8}}]},"6fdc63f9f2588452d769c492042d215a":{"statistic":{"failed":0,"broken":1,"skipped":0,"passed":0,"unknown":0,"total":1},"items":[{"uid":"13942edc17f7c660","status":"broken","statusDetails":"requests.exceptions.ProxyError: HTTPSConnectionPool(host='minicourse.test.venhalo.com', port=443): Max retries exceeded with url: /api/v1/auth/verification/code (Caused by ProxyError('Unable to connect to proxy', SSLError(SSLEOFError(8, 'EOF occurred in violation of protocol (_ssl.c:1129)'))))","time":{"start":1758694888939,"stop":1758694888954,"duration":15}}]},"8313a57e4bec3014239fe50cbf6d749a":{"statistic":{"failed":0,"broken":1,"skipped":0,"passed":0,"unknown":0,"total":1},"items":[{"uid":"c76e167cac5700f4","status":"broken","statusDetails":"requests.exceptions.ProxyError: HTTPSConnectionPool(host='minicourse.test.venhalo.com', port=443): Max retries exceeded with url: /api/v1/user/par (Caused by ProxyError('Unable to connect to proxy', SSLError(SSLEOFError(8, 'EOF occurred in violation of protocol (_ssl.c:1129)'))))","time":{"start":1758694891218,"stop":1758694891226,"duration":8}}]},"b34fe0a969b460d7c9a3fba3b7e353fd":{"statistic":{"failed":0,"broken":1,"skipped":0,"passed":0,"unknown":0,"total":1},"items":[{"uid":"9239572f4fb29fd4","status":"broken","statusDetails":"requests.exceptions.ProxyError: HTTPSConnectionPool(host='minicourse.test.venhalo.com', port=443): Max retries exceeded with url: /api/v1/family/par/parent123 (Caused by ProxyError('Unable to connect to proxy', SSLError(SSLEOFError(8, 'EOF occurred in violation of protocol (_ssl.c:1129)'))))","time":{"start":1758694890961,"stop":1758694890970,"duration":9}}]},"7f5d70c7d0a59fbeacfd343ece817675":{"statistic":{"failed":0,"broken":1,"skipped":0,"passed":0,"unknown":0,"total":1},"items":[{"uid":"e3840e88c0741e52","status":"broken","statusDetails":"requests.exceptions.ProxyError: HTTPSConnectionPool(host='minicourse.test.venhalo.com', port=443): Max retries exceeded with url: /api/v1/family/stu/$%7BstudentId%7D (Caused by ProxyError('Unable to connect to proxy', SSLError(SSLEOFError(8, 'EOF occurred in violation of protocol (_ssl.c:1129)'))))","time":{"start":1758694891330,"stop":1758694891341,"duration":11}}]},"ec5b3f95c7e29fb01e614fcb437f24ab":{"statistic":{"failed":0,"broken":1,"skipped":0,"passed":0,"unknown":0,"total":1},"items":[{"uid":"c604e5aa551588d","status":"broken","statusDetails":"requests.exceptions.ProxyError: HTTPSConnectionPool(host='minicourse.test.venhalo.com', port=443): Max retries exceeded with url: /api/v1/interaction/encouragement/student123 (Caused by ProxyError('Unable to connect to proxy', SSLError(SSLEOFError(8, 'EOF occurred in violation of protocol (_ssl.c:1129)'))))","time":{"start":1758694890209,"stop":1758694890217,"duration":8}}]},"d4bc95b3ca70aafafc9fe7dd5a4105d2":{"statistic":{"failed":0,"broken":1,"skipped":0,"passed":0,"unknown":0,"total":1},"items":[{"uid":"ecc1cdaf11d26385","status":"broken","statusDetails":"requests.exceptions.ProxyError: HTTPSConnectionPool(host='minicourse.test.venhalo.com', port=443): Max retries exceeded with url: /api/v1/payment/wx/order123 (Caused by ProxyError('Unable to connect to proxy', SSLError(SSLEOFError(8, 'EOF occurred in violation of protocol (_ssl.c:1129)'))))","time":{"start":1758694890547,"stop":1758694890555,"duration":8}}]},"d4f739c56730b9ce8a2dafc9eafdfb6e":{"statistic":{"failed":0,"broken":1,"skipped":0,"passed":0,"unknown":0,"total":1},"items":[{"uid":"c45986bb60b5de5c","status":"broken","statusDetails":"requests.exceptions.ProxyError: HTTPSConnectionPool(host='minicourse.test.venhalo.com', port=443): Max retries exceeded with url: /api/v1/family/bind/stu (Caused by ProxyError('Unable to connect to proxy', SSLError(SSLEOFError(8, 'EOF occurred in violation of protocol (_ssl.c:1129)'))))","time":{"start":1758694889085,"stop":1758694889093,"duration":8}}]},"d1666b98e8b3a6037588be71170f72e9":{"statistic":{"failed":0,"broken":1,"skipped":0,"passed":0,"unknown":0,"total":1},"items":[{"uid":"538bcdd7fea3b2c","status":"broken","statusDetails":"requests.exceptions.ProxyError: HTTPSConnectionPool(host='minicourse.test.venhalo.com', port=443): Max retries exceeded with url: /api/v1/user/par (Caused by ProxyError('Unable to connect to proxy', SSLError(SSLEOFError(8, 'EOF occurred in violation of protocol (_ssl.c:1129)'))))","time":{"start":1758694889117,"stop":1758694889126,"duration":9}}]},"06b2a988fcab94bbd2524c668319210a":{"statistic":{"failed":0,"broken":1,"skipped":0,"passed":0,"unknown":0,"total":1},"items":[{"uid":"1d12705d921df09e","status":"broken","statusDetails":"requests.exceptions.ProxyError: HTTPSConnectionPool(host='minicourse.test.venhalo.com', port=443): Max retries exceeded with url: /api/v1/user/par (Caused by ProxyError('Unable to connect to proxy', SSLError(SSLEOFError(8, 'EOF occurred in violation of protocol (_ssl.c:1129)'))))","time":{"start":1758694890661,"stop":1758694890669,"duration":8}}]},"f15fc32760776ccda8bbfe156b5eeec5":{"statistic":{"failed":0,"broken":1,"skipped":0,"passed":0,"unknown":0,"total":1},"items":[{"uid":"69d8bfcaa5323bf5","status":"broken","statusDetails":"requests.exceptions.ProxyError: HTTPSConnectionPool(host='minicourse.test.venhalo.com', port=443): Max retries exceeded with url: /api/v1/payment/wx/paysign/order123 (Caused by ProxyError('Unable to connect to proxy', SSLError(SSLEOFError(8, 'EOF occurred in violation of protocol (_ssl.c:1129)'))))","time":{"start":1758694890480,"stop":1758694890488,"duration":8}}]},"b32f5a5360f8c13fc2aa4e44d02d7c00":{"statistic":{"failed":0,"broken":1,"skipped":0,"passed":0,"unknown":0,"total":1},"items":[{"uid":"bd9f0e8d3364a78a","status":"broken","statusDetails":"requests.exceptions.ProxyError: HTTPSConnectionPool(host='minicourse.test.venhalo.com', port=443): Max retries exceeded with url: /api/v1/user/par (Caused by ProxyError('Unable to connect to proxy', SSLError(SSLEOFError(8, 'EOF occurred in violation of protocol (_ssl.c:1129)'))))","time":{"start":1758694889184,"stop":1758694889193,"duration":9}}]},"49b4b1ac6d1276e24d4ef818d90fe91c":{"statistic":{"failed":0,"broken":1,"skipped":0,"passed":0,"unknown":0,"total":1},"items":[{"uid":"3c50d24464bc11d3","status":"broken","statusDetails":"requests.exceptions.ProxyError: HTTPSConnectionPool(host='minicourse.test.venhalo.com', port=443): Max retries exceeded with url: /api/v1/user/par (Caused by ProxyError('Unable to connect to proxy', SSLError(SSLEOFError(8, 'EOF occurred in violation of protocol (_ssl.c:1129)'))))","time":{"start":1758694889264,"stop":1758694889273,"duration":9}}]},"e831b760a547e1ff5fd179e5ce87cc39":{"statistic":{"failed":0,"broken":1,"skipped":0,"passed":0,"unknown":0,"total":1},"items":[{"uid":"e2f4765b12c8269d","status":"broken","statusDetails":"AttributeError: 'NoneType' object has no attribute 'status_code'","time":{"start":1758694890062,"stop":1758694890063,"duration":1}}]},"7b4dc2e9dd4f88eb7abac1fd6eb4adee":{"statistic":{"failed":0,"broken":1,"skipped":0,"passed":0,"unknown":0,"total":1},"items":[{"uid":"ef9266f675c2277e","status":"broken","statusDetails":"requests.exceptions.ProxyError: HTTPSConnectionPool(host='minicourse.test.venhalo.com', port=443): Max retries exceeded with url: /api/v1/auth/verification/verify (Caused by ProxyError('Unable to connect to proxy', SSLError(SSLEOFError(8, 'EOF occurred in violation of protocol (_ssl.c:1129)'))))","time":{"start":1758694889040,"stop":1758694889049,"duration":9}}]},"c89cb75c875f99997ec1af8b8c6ba6b7":{"statistic":{"failed":0,"broken":1,"skipped":0,"passed":0,"unknown":0,"total":1},"items":[{"uid":"4aa5eca3e141b2dd","status":"broken","statusDetails":"requests.exceptions.ProxyError: HTTPSConnectionPool(host='minicourse.test.venhalo.com', port=443): Max retries exceeded with url: /api/v1/user/stu (Caused by ProxyError('Unable to connect to proxy', SSLError(SSLEOFError(8, 'EOF occurred in violation of protocol (_ssl.c:1129)'))))","time":{"start":1758694891249,"stop":1758694891258,"duration":9}}]},"301f43eb82dd8db1f2db4c81bce462f4":{"statistic":{"failed":0,"broken":1,"skipped":0,"passed":0,"unknown":0,"total":1},"items":[{"uid":"4db691f9f83d7685","status":"broken","statusDetails":"requests.exceptions.ProxyError: HTTPSConnectionPool(host='minicourse.test.venhalo.com', port=443): Max retries exceeded with url: /api/v1/family/bind/par (Caused by ProxyError('Unable to connect to proxy', SSLError(SSLEOFError(8, 'EOF occurred in violation of protocol (_ssl.c:1129)'))))","time":{"start":1758694890843,"stop":1758694890852,"duration":9}}]}}